ISO-10303-21;
HEADER;
/* Generated by software containing ST-Developer
 * from STEP Tools, Inc. (www.steptools.com) 
 */
/* OPTION: using custom renumber hook */

FILE_DESCRIPTION(
/* description */ ('STEP AP242 Edition 2',
'CAx-IF Rec.Pracs.---Representation and Presentation of Product Manufa
cturing Information (PMI)---4.0---2014-10-13',
'CAx-IF Rec.Pracs.---3D Tessellated Geometry---0.4---2014-09-14','2;1',
'CAx-IF Rec.Pracs.---User Defined Attributes---1.5---2016-08-15'),
/* implementation_level */ '2;1');

FILE_NAME(
/* name */ 'Part Studio 1',
/* time_stamp */ '2026-06-16T08:59:08Z',
/* author */ (''),
/* organization */ (''),
/* preprocessor_version */ 'ST-DEVELOPER v20',
/* originating_system */ 'ONSHAPE BY PTC INC, 1.216',
/* authorisation */ '  ');

FILE_SCHEMA (('AP242_MANAGED_MODEL_BASED_3D_ENGINEERING_MIM_LF { 1 0 10303 442 3 1 4 }'));
ENDSEC;

DATA;
#10=SHAPE_REPRESENTATION_RELATIONSHIP('','',#8755,#11);
#11=ADVANCED_BREP_SHAPE_REPRESENTATION('',(#8753),#14068);
#12=CYLINDRICAL_SURFACE('',#8898,0.005);
#13=CYLINDRICAL_SURFACE('',#8899,0.005);
#14=CYLINDRICAL_SURFACE('',#8900,0.005);
#15=CYLINDRICAL_SURFACE('',#8901,0.005);
#16=CYLINDRICAL_SURFACE('',#8902,0.0025);
#17=CYLINDRICAL_SURFACE('',#8905,0.0025);
#18=CYLINDRICAL_SURFACE('',#8906,0.0025);
#19=CYLINDRICAL_SURFACE('',#8909,0.0025);
#20=CYLINDRICAL_SURFACE('',#8912,0.0025);
#21=CYLINDRICAL_SURFACE('',#8913,0.0025);
#22=CYLINDRICAL_SURFACE('',#8916,0.0025);
#23=CYLINDRICAL_SURFACE('',#8917,0.0025);
#24=CYLINDRICAL_SURFACE('',#8920,0.0025);
#25=CYLINDRICAL_SURFACE('',#8921,0.0025);
#26=CYLINDRICAL_SURFACE('',#8924,0.0025);
#27=CYLINDRICAL_SURFACE('',#8929,0.0025);
#28=CYLINDRICAL_SURFACE('',#8930,0.0025);
#29=CYLINDRICAL_SURFACE('',#8933,0.0025);
#30=CYLINDRICAL_SURFACE('',#8934,0.0025);
#31=CYLINDRICAL_SURFACE('',#8935,0.0025);
#32=CYLINDRICAL_SURFACE('',#8938,0.0025);
#33=CYLINDRICAL_SURFACE('',#8941,0.0025);
#34=CYLINDRICAL_SURFACE('',#8942,0.0025);
#35=CYLINDRICAL_SURFACE('',#8945,0.0025);
#36=CYLINDRICAL_SURFACE('',#8946,0.0025);
#37=CYLINDRICAL_SURFACE('',#8949,0.0025);
#38=CYLINDRICAL_SURFACE('',#8950,0.0025);
#39=CYLINDRICAL_SURFACE('',#8953,0.0025);
#40=CYLINDRICAL_SURFACE('',#8954,0.0025);
#41=CYLINDRICAL_SURFACE('',#8955,0.0025);
#42=CYLINDRICAL_SURFACE('',#8958,0.0025);
#43=CYLINDRICAL_SURFACE('',#8959,0.0025);
#44=CYLINDRICAL_SURFACE('',#8962,0.0025);
#45=CYLINDRICAL_SURFACE('',#8963,0.0025);
#46=CYLINDRICAL_SURFACE('',#8966,0.0025);
#47=CYLINDRICAL_SURFACE('',#8969,0.0025);
#48=CYLINDRICAL_SURFACE('',#8970,0.0025);
#49=CYLINDRICAL_SURFACE('',#8973,0.0025);
#50=CYLINDRICAL_SURFACE('',#8974,0.0025);
#51=CYLINDRICAL_SURFACE('',#8977,0.0025);
#52=CYLINDRICAL_SURFACE('',#8978,0.0025);
#53=CYLINDRICAL_SURFACE('',#8981,0.0025);
#54=CYLINDRICAL_SURFACE('',#8984,0.0025);
#55=CYLINDRICAL_SURFACE('',#8987,0.0025);
#56=CYLINDRICAL_SURFACE('',#8990,0.0025);
#57=CYLINDRICAL_SURFACE('',#8991,0.0025);
#58=CYLINDRICAL_SURFACE('',#8992,0.0025);
#59=CYLINDRICAL_SURFACE('',#8995,0.0025);
#60=CYLINDRICAL_SURFACE('',#8998,0.0025);
#61=CYLINDRICAL_SURFACE('',#8999,0.0025);
#62=CYLINDRICAL_SURFACE('',#9002,0.0025);
#63=CYLINDRICAL_SURFACE('',#9003,0.0025);
#64=CYLINDRICAL_SURFACE('',#9006,0.0025);
#65=CYLINDRICAL_SURFACE('',#9007,0.0025);
#66=CYLINDRICAL_SURFACE('',#9010,0.0025);
#67=CYLINDRICAL_SURFACE('',#9011,0.0025);
#68=CYLINDRICAL_SURFACE('',#9012,0.0025);
#69=CYLINDRICAL_SURFACE('',#9015,0.0025);
#70=CYLINDRICAL_SURFACE('',#9016,0.0025);
#71=CYLINDRICAL_SURFACE('',#9019,0.0025);
#72=CYLINDRICAL_SURFACE('',#9339,0.0015);
#73=CYLINDRICAL_SURFACE('',#9342,0.0015);
#74=CYLINDRICAL_SURFACE('',#9345,0.0015);
#75=CYLINDRICAL_SURFACE('',#9348,0.0015);
#76=CYLINDRICAL_SURFACE('',#9351,0.0015);
#77=CYLINDRICAL_SURFACE('',#9354,0.0015);
#78=CYLINDRICAL_SURFACE('',#9360,0.0025);
#79=CYLINDRICAL_SURFACE('',#9361,0.0025);
#80=CIRCLE('',#8758,0.005);
#81=CIRCLE('',#8759,0.005);
#82=CIRCLE('',#8760,0.005);
#83=CIRCLE('',#8761,0.005);
#84=CIRCLE('',#8763,0.0025);
#85=CIRCLE('',#8764,0.0025);
#86=CIRCLE('',#8766,0.005);
#87=CIRCLE('',#8767,0.005);
#88=CIRCLE('',#8768,0.005);
#89=CIRCLE('',#8769,0.005);
#90=CIRCLE('',#8771,0.0025);
#91=CIRCLE('',#8772,0.0025);
#92=CIRCLE('',#8773,0.0025);
#93=CIRCLE('',#8774,0.0025);
#94=CIRCLE('',#8775,0.0025);
#95=CIRCLE('',#8776,0.0025);
#96=CIRCLE('',#8777,0.0025);
#97=CIRCLE('',#8778,0.0025);
#98=CIRCLE('',#8779,0.0025);
#99=CIRCLE('',#8780,0.0025);
#100=CIRCLE('',#8781,0.0025);
#101=CIRCLE('',#8782,0.0025);
#102=CIRCLE('',#8783,0.0025);
#103=CIRCLE('',#8784,0.0025);
#104=CIRCLE('',#8785,0.0025);
#105=CIRCLE('',#8786,0.0025);
#106=CIRCLE('',#8787,0.0025);
#107=CIRCLE('',#8788,0.0025);
#108=CIRCLE('',#8789,0.0025);
#109=CIRCLE('',#8790,0.0025);
#110=CIRCLE('',#8791,0.0025);
#111=CIRCLE('',#8792,0.0025);
#112=CIRCLE('',#8793,0.0025);
#113=CIRCLE('',#8794,0.0025);
#114=CIRCLE('',#8795,0.0025);
#115=CIRCLE('',#8796,0.0025);
#116=CIRCLE('',#8797,0.0025);
#117=CIRCLE('',#8798,0.0025);
#118=CIRCLE('',#8801,0.0025);
#119=CIRCLE('',#8802,0.0025);
#120=CIRCLE('',#8803,0.0025);
#121=CIRCLE('',#8804,0.0025);
#122=CIRCLE('',#8805,0.0025);
#123=CIRCLE('',#8806,0.0025);
#124=CIRCLE('',#8807,0.0025);
#125=CIRCLE('',#8808,0.0025);
#126=CIRCLE('',#8809,0.0025);
#127=CIRCLE('',#8810,0.0025);
#128=CIRCLE('',#8811,0.0025);
#129=CIRCLE('',#8812,0.0025);
#130=CIRCLE('',#8813,0.0025);
#131=CIRCLE('',#8814,0.0025);
#132=CIRCLE('',#8815,0.0025);
#133=CIRCLE('',#8816,0.0025);
#134=CIRCLE('',#8817,0.0025);
#135=CIRCLE('',#8818,0.0025);
#136=CIRCLE('',#8819,0.0025);
#137=CIRCLE('',#8820,0.0025);
#138=CIRCLE('',#8821,0.0025);
#139=CIRCLE('',#8822,0.0025);
#140=CIRCLE('',#8823,0.0025);
#141=CIRCLE('',#8824,0.0025);
#142=CIRCLE('',#8825,0.0025);
#143=CIRCLE('',#8826,0.0025);
#144=CIRCLE('',#8827,0.0025);
#145=CIRCLE('',#8828,0.0025);
#146=CIRCLE('',#8830,0.0025);
#147=CIRCLE('',#8831,0.0025);
#148=CIRCLE('',#8833,0.0025);
#149=CIRCLE('',#8834,0.0025);
#150=CIRCLE('',#8835,0.0025);
#151=CIRCLE('',#8836,0.0025);
#152=CIRCLE('',#8837,0.0025);
#153=CIRCLE('',#8838,0.0025);
#154=CIRCLE('',#8839,0.0025);
#155=CIRCLE('',#8840,0.0025);
#156=CIRCLE('',#8841,0.0025);
#157=CIRCLE('',#8842,0.0025);
#158=CIRCLE('',#8843,0.0025);
#159=CIRCLE('',#8844,0.0025);
#160=CIRCLE('',#8845,0.0025);
#161=CIRCLE('',#8846,0.0025);
#162=CIRCLE('',#8847,0.0025);
#163=CIRCLE('',#8848,0.0025);
#164=CIRCLE('',#8849,0.0025);
#165=CIRCLE('',#8850,0.0025);
#166=CIRCLE('',#8851,0.0025);
#167=CIRCLE('',#8852,0.0025);
#168=CIRCLE('',#8853,0.0025);
#169=CIRCLE('',#8854,0.0025);
#170=CIRCLE('',#8855,0.0025);
#171=CIRCLE('',#8856,0.0025);
#172=CIRCLE('',#8857,0.0025);
#173=CIRCLE('',#8858,0.0025);
#174=CIRCLE('',#8859,0.0025);
#175=CIRCLE('',#8860,0.0025);
#176=CIRCLE('',#8863,0.0025);
#177=CIRCLE('',#8864,0.0025);
#178=CIRCLE('',#8865,0.0025);
#179=CIRCLE('',#8866,0.0025);
#180=CIRCLE('',#8867,0.0025);
#181=CIRCLE('',#8868,0.0025);
#182=CIRCLE('',#8869,0.0025);
#183=CIRCLE('',#8870,0.0025);
#184=CIRCLE('',#8871,0.0025);
#185=CIRCLE('',#8872,0.0025);
#186=CIRCLE('',#8873,0.0025);
#187=CIRCLE('',#8874,0.0025);
#188=CIRCLE('',#8875,0.0025);
#189=CIRCLE('',#8876,0.0025);
#190=CIRCLE('',#8877,0.0025);
#191=CIRCLE('',#8878,0.0025);
#192=CIRCLE('',#8879,0.0025);
#193=CIRCLE('',#8880,0.0025);
#194=CIRCLE('',#8881,0.0025);
#195=CIRCLE('',#8882,0.0025);
#196=CIRCLE('',#8883,0.0025);
#197=CIRCLE('',#8884,0.0025);
#198=CIRCLE('',#8885,0.0025);
#199=CIRCLE('',#8886,0.0025);
#200=CIRCLE('',#8887,0.0025);
#201=CIRCLE('',#8888,0.0025);
#202=CIRCLE('',#8889,0.0025);
#203=CIRCLE('',#8890,0.0025);
#204=CIRCLE('',#8892,0.0015);
#205=CIRCLE('',#8893,0.0015);
#206=CIRCLE('',#8894,0.0015);
#207=CIRCLE('',#8895,0.0015);
#208=CIRCLE('',#8896,0.0015);
#209=CIRCLE('',#8897,0.0015);
#210=CIRCLE('',#8903,0.0025);
#211=CIRCLE('',#8907,0.0025);
#212=CIRCLE('',#8910,0.0025);
#213=CIRCLE('',#8914,0.0025);
#214=CIRCLE('',#8918,0.0025);
#215=CIRCLE('',#8922,0.0025);
#216=CIRCLE('',#8925,0.0025);
#217=CIRCLE('',#8928,0.0025);
#218=CIRCLE('',#8931,0.0025);
#219=CIRCLE('',#8936,0.0025);
#220=CIRCLE('',#8939,0.0025);
#221=CIRCLE('',#8943,0.0025);
#222=CIRCLE('',#8947,0.0025);
#223=CIRCLE('',#8951,0.0025);
#224=CIRCLE('',#8956,0.0025);
#225=CIRCLE('',#8960,0.0025);
#226=CIRCLE('',#8965,0.0025);
#227=CIRCLE('',#8968,0.0025);
#228=CIRCLE('',#8972,0.0025);
#229=CIRCLE('',#8976,0.0025);
#230=CIRCLE('',#8980,0.0025);
#231=CIRCLE('',#8983,0.0025);
#232=CIRCLE('',#8986,0.0025);
#233=CIRCLE('',#8989,0.0025);
#234=CIRCLE('',#8994,0.0025);
#235=CIRCLE('',#8997,0.0025);
#236=CIRCLE('',#9001,0.0025);
#237=CIRCLE('',#9005,0.0025);
#238=CIRCLE('',#9009,0.0025);
#239=CIRCLE('',#9014,0.0025);
#240=CIRCLE('',#9018,0.0025);
#241=CIRCLE('',#9340,0.0015);
#242=CIRCLE('',#9343,0.0015);
#243=CIRCLE('',#9346,0.0015);
#244=CIRCLE('',#9349,0.0015);
#245=CIRCLE('',#9352,0.0015);
#246=CIRCLE('',#9355,0.0015);
#247=ORIENTED_EDGE('',*,*,#2655,.T.);
#248=ORIENTED_EDGE('',*,*,#2656,.T.);
#249=ORIENTED_EDGE('',*,*,#2657,.F.);
#250=ORIENTED_EDGE('',*,*,#2658,.T.);
#251=ORIENTED_EDGE('',*,*,#2659,.T.);
#252=ORIENTED_EDGE('',*,*,#2660,.T.);
#253=ORIENTED_EDGE('',*,*,#2661,.T.);
#254=ORIENTED_EDGE('',*,*,#2662,.T.);
#255=ORIENTED_EDGE('',*,*,#2663,.F.);
#256=ORIENTED_EDGE('',*,*,#2664,.T.);
#257=ORIENTED_EDGE('',*,*,#2665,.F.);
#258=ORIENTED_EDGE('',*,*,#2666,.T.);
#259=ORIENTED_EDGE('',*,*,#2667,.T.);
#260=ORIENTED_EDGE('',*,*,#2668,.T.);
#261=ORIENTED_EDGE('',*,*,#2669,.F.);
#262=ORIENTED_EDGE('',*,*,#2670,.F.);
#263=ORIENTED_EDGE('',*,*,#2671,.F.);
#264=ORIENTED_EDGE('',*,*,#2672,.T.);
#265=ORIENTED_EDGE('',*,*,#2655,.F.);
#266=ORIENTED_EDGE('',*,*,#2673,.T.);
#267=ORIENTED_EDGE('',*,*,#2674,.T.);
#268=ORIENTED_EDGE('',*,*,#2675,.T.);
#269=ORIENTED_EDGE('',*,*,#2676,.T.);
#270=ORIENTED_EDGE('',*,*,#2677,.T.);
#271=ORIENTED_EDGE('',*,*,#2678,.F.);
#272=ORIENTED_EDGE('',*,*,#2679,.F.);
#273=ORIENTED_EDGE('',*,*,#2680,.F.);
#274=ORIENTED_EDGE('',*,*,#2667,.F.);
#275=ORIENTED_EDGE('',*,*,#2681,.T.);
#276=ORIENTED_EDGE('',*,*,#2682,.T.);
#277=ORIENTED_EDGE('',*,*,#2683,.T.);
#278=ORIENTED_EDGE('',*,*,#2684,.T.);
#279=ORIENTED_EDGE('',*,*,#2685,.T.);
#280=ORIENTED_EDGE('',*,*,#2686,.T.);
#281=ORIENTED_EDGE('',*,*,#2687,.T.);
#282=ORIENTED_EDGE('',*,*,#2688,.T.);
#283=ORIENTED_EDGE('',*,*,#2689,.T.);
#284=ORIENTED_EDGE('',*,*,#2690,.T.);
#285=ORIENTED_EDGE('',*,*,#2691,.T.);
#286=ORIENTED_EDGE('',*,*,#2692,.T.);
#287=ORIENTED_EDGE('',*,*,#2693,.T.);
#288=ORIENTED_EDGE('',*,*,#2694,.T.);
#289=ORIENTED_EDGE('',*,*,#2695,.T.);
#290=ORIENTED_EDGE('',*,*,#2696,.T.);
#291=ORIENTED_EDGE('',*,*,#2697,.T.);
#292=ORIENTED_EDGE('',*,*,#2698,.T.);
#293=ORIENTED_EDGE('',*,*,#2699,.T.);
#294=ORIENTED_EDGE('',*,*,#2700,.T.);
#295=ORIENTED_EDGE('',*,*,#2701,.T.);
#296=ORIENTED_EDGE('',*,*,#2702,.T.);
#297=ORIENTED_EDGE('',*,*,#2703,.T.);
#298=ORIENTED_EDGE('',*,*,#2704,.T.);
#299=ORIENTED_EDGE('',*,*,#2705,.T.);
#300=ORIENTED_EDGE('',*,*,#2706,.T.);
#301=ORIENTED_EDGE('',*,*,#2707,.T.);
#302=ORIENTED_EDGE('',*,*,#2708,.T.);
#303=ORIENTED_EDGE('',*,*,#2709,.T.);
#304=ORIENTED_EDGE('',*,*,#2710,.T.);
#305=ORIENTED_EDGE('',*,*,#2711,.T.);
#306=ORIENTED_EDGE('',*,*,#2712,.T.);
#307=ORIENTED_EDGE('',*,*,#2713,.T.);
#308=ORIENTED_EDGE('',*,*,#2714,.T.);
#309=ORIENTED_EDGE('',*,*,#2715,.T.);
#310=ORIENTED_EDGE('',*,*,#2716,.T.);
#311=ORIENTED_EDGE('',*,*,#2717,.T.);
#312=ORIENTED_EDGE('',*,*,#2718,.T.);
#313=ORIENTED_EDGE('',*,*,#2719,.T.);
#314=ORIENTED_EDGE('',*,*,#2720,.T.);
#315=ORIENTED_EDGE('',*,*,#2721,.T.);
#316=ORIENTED_EDGE('',*,*,#2722,.T.);
#317=ORIENTED_EDGE('',*,*,#2723,.T.);
#318=ORIENTED_EDGE('',*,*,#2724,.T.);
#319=ORIENTED_EDGE('',*,*,#2725,.T.);
#320=ORIENTED_EDGE('',*,*,#2726,.T.);
#321=ORIENTED_EDGE('',*,*,#2727,.T.);
#322=ORIENTED_EDGE('',*,*,#2728,.T.);
#323=ORIENTED_EDGE('',*,*,#2729,.T.);
#324=ORIENTED_EDGE('',*,*,#2730,.T.);
#325=ORIENTED_EDGE('',*,*,#2731,.T.);
#326=ORIENTED_EDGE('',*,*,#2732,.T.);
#327=ORIENTED_EDGE('',*,*,#2733,.T.);
#328=ORIENTED_EDGE('',*,*,#2734,.T.);
#329=ORIENTED_EDGE('',*,*,#2735,.T.);
#330=ORIENTED_EDGE('',*,*,#2736,.T.);
#331=ORIENTED_EDGE('',*,*,#2737,.T.);
#332=ORIENTED_EDGE('',*,*,#2738,.T.);
#333=ORIENTED_EDGE('',*,*,#2739,.T.);
#334=ORIENTED_EDGE('',*,*,#2740,.T.);
#335=ORIENTED_EDGE('',*,*,#2741,.T.);
#336=ORIENTED_EDGE('',*,*,#2742,.T.);
#337=ORIENTED_EDGE('',*,*,#2743,.T.);
#338=ORIENTED_EDGE('',*,*,#2744,.T.);
#339=ORIENTED_EDGE('',*,*,#2745,.T.);
#340=ORIENTED_EDGE('',*,*,#2746,.T.);
#341=ORIENTED_EDGE('',*,*,#2747,.T.);
#342=ORIENTED_EDGE('',*,*,#2748,.T.);
#343=ORIENTED_EDGE('',*,*,#2749,.T.);
#344=ORIENTED_EDGE('',*,*,#2750,.T.);
#345=ORIENTED_EDGE('',*,*,#2751,.T.);
#346=ORIENTED_EDGE('',*,*,#2752,.T.);
#347=ORIENTED_EDGE('',*,*,#2753,.T.);
#348=ORIENTED_EDGE('',*,*,#2754,.T.);
#349=ORIENTED_EDGE('',*,*,#2755,.T.);
#350=ORIENTED_EDGE('',*,*,#2756,.T.);
#351=ORIENTED_EDGE('',*,*,#2757,.T.);
#352=ORIENTED_EDGE('',*,*,#2758,.T.);
#353=ORIENTED_EDGE('',*,*,#2759,.T.);
#354=ORIENTED_EDGE('',*,*,#2760,.T.);
#355=ORIENTED_EDGE('',*,*,#2761,.T.);
#356=ORIENTED_EDGE('',*,*,#2762,.T.);
#357=ORIENTED_EDGE('',*,*,#2763,.T.);
#358=ORIENTED_EDGE('',*,*,#2764,.T.);
#359=ORIENTED_EDGE('',*,*,#2765,.T.);
#360=ORIENTED_EDGE('',*,*,#2766,.T.);
#361=ORIENTED_EDGE('',*,*,#2767,.T.);
#362=ORIENTED_EDGE('',*,*,#2768,.T.);
#363=ORIENTED_EDGE('',*,*,#2769,.T.);
#364=ORIENTED_EDGE('',*,*,#2770,.T.);
#365=ORIENTED_EDGE('',*,*,#2771,.T.);
#366=ORIENTED_EDGE('',*,*,#2772,.T.);
#367=ORIENTED_EDGE('',*,*,#2773,.T.);
#368=ORIENTED_EDGE('',*,*,#2774,.T.);
#369=ORIENTED_EDGE('',*,*,#2775,.T.);
#370=ORIENTED_EDGE('',*,*,#2776,.T.);
#371=ORIENTED_EDGE('',*,*,#2777,.T.);
#372=ORIENTED_EDGE('',*,*,#2778,.T.);
#373=ORIENTED_EDGE('',*,*,#2779,.T.);
#374=ORIENTED_EDGE('',*,*,#2780,.T.);
#375=ORIENTED_EDGE('',*,*,#2781,.T.);
#376=ORIENTED_EDGE('',*,*,#2782,.T.);
#377=ORIENTED_EDGE('',*,*,#2783,.T.);
#378=ORIENTED_EDGE('',*,*,#2784,.T.);
#379=ORIENTED_EDGE('',*,*,#2785,.T.);
#380=ORIENTED_EDGE('',*,*,#2786,.T.);
#381=ORIENTED_EDGE('',*,*,#2787,.T.);
#382=ORIENTED_EDGE('',*,*,#2788,.T.);
#383=ORIENTED_EDGE('',*,*,#2789,.T.);
#384=ORIENTED_EDGE('',*,*,#2790,.T.);
#385=ORIENTED_EDGE('',*,*,#2791,.T.);
#386=ORIENTED_EDGE('',*,*,#2792,.T.);
#387=ORIENTED_EDGE('',*,*,#2793,.T.);
#388=ORIENTED_EDGE('',*,*,#2794,.T.);
#389=ORIENTED_EDGE('',*,*,#2795,.T.);
#390=ORIENTED_EDGE('',*,*,#2796,.T.);
#391=ORIENTED_EDGE('',*,*,#2797,.T.);
#392=ORIENTED_EDGE('',*,*,#2798,.T.);
#393=ORIENTED_EDGE('',*,*,#2799,.T.);
#394=ORIENTED_EDGE('',*,*,#2800,.T.);
#395=ORIENTED_EDGE('',*,*,#2801,.T.);
#396=ORIENTED_EDGE('',*,*,#2802,.T.);
#397=ORIENTED_EDGE('',*,*,#2803,.T.);
#398=ORIENTED_EDGE('',*,*,#2804,.T.);
#399=ORIENTED_EDGE('',*,*,#2805,.T.);
#400=ORIENTED_EDGE('',*,*,#2806,.T.);
#401=ORIENTED_EDGE('',*,*,#2807,.T.);
#402=ORIENTED_EDGE('',*,*,#2808,.T.);
#403=ORIENTED_EDGE('',*,*,#2809,.T.);
#404=ORIENTED_EDGE('',*,*,#2810,.T.);
#405=ORIENTED_EDGE('',*,*,#2811,.T.);
#406=ORIENTED_EDGE('',*,*,#2812,.T.);
#407=ORIENTED_EDGE('',*,*,#2813,.T.);
#408=ORIENTED_EDGE('',*,*,#2814,.T.);
#409=ORIENTED_EDGE('',*,*,#2815,.T.);
#410=ORIENTED_EDGE('',*,*,#2816,.T.);
#411=ORIENTED_EDGE('',*,*,#2817,.T.);
#412=ORIENTED_EDGE('',*,*,#2818,.T.);
#413=ORIENTED_EDGE('',*,*,#2819,.T.);
#414=ORIENTED_EDGE('',*,*,#2820,.T.);
#415=ORIENTED_EDGE('',*,*,#2821,.T.);
#416=ORIENTED_EDGE('',*,*,#2822,.T.);
#417=ORIENTED_EDGE('',*,*,#2823,.T.);
#418=ORIENTED_EDGE('',*,*,#2824,.T.);
#419=ORIENTED_EDGE('',*,*,#2825,.T.);
#420=ORIENTED_EDGE('',*,*,#2826,.T.);
#421=ORIENTED_EDGE('',*,*,#2827,.T.);
#422=ORIENTED_EDGE('',*,*,#2828,.T.);
#423=ORIENTED_EDGE('',*,*,#2829,.T.);
#424=ORIENTED_EDGE('',*,*,#2830,.T.);
#425=ORIENTED_EDGE('',*,*,#2831,.T.);
#426=ORIENTED_EDGE('',*,*,#2832,.T.);
#427=ORIENTED_EDGE('',*,*,#2833,.T.);
#428=ORIENTED_EDGE('',*,*,#2834,.T.);
#429=ORIENTED_EDGE('',*,*,#2835,.T.);
#430=ORIENTED_EDGE('',*,*,#2836,.T.);
#431=ORIENTED_EDGE('',*,*,#2837,.T.);
#432=ORIENTED_EDGE('',*,*,#2838,.T.);
#433=ORIENTED_EDGE('',*,*,#2839,.T.);
#434=ORIENTED_EDGE('',*,*,#2840,.T.);
#435=ORIENTED_EDGE('',*,*,#2841,.T.);
#436=ORIENTED_EDGE('',*,*,#2842,.T.);
#437=ORIENTED_EDGE('',*,*,#2843,.T.);
#438=ORIENTED_EDGE('',*,*,#2844,.T.);
#439=ORIENTED_EDGE('',*,*,#2845,.T.);
#440=ORIENTED_EDGE('',*,*,#2846,.T.);
#441=ORIENTED_EDGE('',*,*,#2847,.T.);
#442=ORIENTED_EDGE('',*,*,#2848,.T.);
#443=ORIENTED_EDGE('',*,*,#2849,.T.);
#444=ORIENTED_EDGE('',*,*,#2850,.T.);
#445=ORIENTED_EDGE('',*,*,#2851,.T.);
#446=ORIENTED_EDGE('',*,*,#2852,.T.);
#447=ORIENTED_EDGE('',*,*,#2853,.T.);
#448=ORIENTED_EDGE('',*,*,#2854,.T.);
#449=ORIENTED_EDGE('',*,*,#2855,.T.);
#450=ORIENTED_EDGE('',*,*,#2856,.T.);
#451=ORIENTED_EDGE('',*,*,#2857,.T.);
#452=ORIENTED_EDGE('',*,*,#2858,.T.);
#453=ORIENTED_EDGE('',*,*,#2859,.T.);
#454=ORIENTED_EDGE('',*,*,#2860,.T.);
#455=ORIENTED_EDGE('',*,*,#2861,.T.);
#456=ORIENTED_EDGE('',*,*,#2862,.T.);
#457=ORIENTED_EDGE('',*,*,#2863,.T.);
#458=ORIENTED_EDGE('',*,*,#2864,.T.);
#459=ORIENTED_EDGE('',*,*,#2865,.T.);
#460=ORIENTED_EDGE('',*,*,#2866,.T.);
#461=ORIENTED_EDGE('',*,*,#2867,.T.);
#462=ORIENTED_EDGE('',*,*,#2868,.T.);
#463=ORIENTED_EDGE('',*,*,#2869,.T.);
#464=ORIENTED_EDGE('',*,*,#2870,.T.);
#465=ORIENTED_EDGE('',*,*,#2871,.T.);
#466=ORIENTED_EDGE('',*,*,#2872,.T.);
#467=ORIENTED_EDGE('',*,*,#2873,.T.);
#468=ORIENTED_EDGE('',*,*,#2874,.T.);
#469=ORIENTED_EDGE('',*,*,#2875,.T.);
#470=ORIENTED_EDGE('',*,*,#2876,.T.);
#471=ORIENTED_EDGE('',*,*,#2877,.T.);
#472=ORIENTED_EDGE('',*,*,#2878,.T.);
#473=ORIENTED_EDGE('',*,*,#2879,.T.);
#474=ORIENTED_EDGE('',*,*,#2880,.T.);
#475=ORIENTED_EDGE('',*,*,#2881,.T.);
#476=ORIENTED_EDGE('',*,*,#2882,.F.);
#477=ORIENTED_EDGE('',*,*,#2883,.T.);
#478=ORIENTED_EDGE('',*,*,#2884,.F.);
#479=ORIENTED_EDGE('',*,*,#2885,.T.);
#480=ORIENTED_EDGE('',*,*,#2886,.T.);
#481=ORIENTED_EDGE('',*,*,#2887,.T.);
#482=ORIENTED_EDGE('',*,*,#2888,.T.);
#483=ORIENTED_EDGE('',*,*,#2889,.T.);
#484=ORIENTED_EDGE('',*,*,#2890,.T.);
#485=ORIENTED_EDGE('',*,*,#2891,.T.);
#486=ORIENTED_EDGE('',*,*,#2892,.T.);
#487=ORIENTED_EDGE('',*,*,#2893,.T.);
#488=ORIENTED_EDGE('',*,*,#2894,.T.);
#489=ORIENTED_EDGE('',*,*,#2895,.T.);
#490=ORIENTED_EDGE('',*,*,#2896,.T.);
#491=ORIENTED_EDGE('',*,*,#2897,.T.);
#492=ORIENTED_EDGE('',*,*,#2898,.T.);
#493=ORIENTED_EDGE('',*,*,#2899,.T.);
#494=ORIENTED_EDGE('',*,*,#2900,.T.);
#495=ORIENTED_EDGE('',*,*,#2901,.T.);
#496=ORIENTED_EDGE('',*,*,#2902,.T.);
#497=ORIENTED_EDGE('',*,*,#2903,.T.);
#498=ORIENTED_EDGE('',*,*,#2904,.T.);
#499=ORIENTED_EDGE('',*,*,#2905,.T.);
#500=ORIENTED_EDGE('',*,*,#2906,.T.);
#501=ORIENTED_EDGE('',*,*,#2907,.T.);
#502=ORIENTED_EDGE('',*,*,#2908,.T.);
#503=ORIENTED_EDGE('',*,*,#2909,.T.);
#504=ORIENTED_EDGE('',*,*,#2910,.T.);
#505=ORIENTED_EDGE('',*,*,#2911,.T.);
#506=ORIENTED_EDGE('',*,*,#2912,.T.);
#507=ORIENTED_EDGE('',*,*,#2913,.T.);
#508=ORIENTED_EDGE('',*,*,#2914,.T.);
#509=ORIENTED_EDGE('',*,*,#2915,.T.);
#510=ORIENTED_EDGE('',*,*,#2916,.T.);
#511=ORIENTED_EDGE('',*,*,#2917,.T.);
#512=ORIENTED_EDGE('',*,*,#2918,.T.);
#513=ORIENTED_EDGE('',*,*,#2919,.T.);
#514=ORIENTED_EDGE('',*,*,#2920,.T.);
#515=ORIENTED_EDGE('',*,*,#2921,.T.);
#516=ORIENTED_EDGE('',*,*,#2922,.T.);
#517=ORIENTED_EDGE('',*,*,#2923,.T.);
#518=ORIENTED_EDGE('',*,*,#2924,.T.);
#519=ORIENTED_EDGE('',*,*,#2925,.T.);
#520=ORIENTED_EDGE('',*,*,#2926,.T.);
#521=ORIENTED_EDGE('',*,*,#2927,.T.);
#522=ORIENTED_EDGE('',*,*,#2928,.T.);
#523=ORIENTED_EDGE('',*,*,#2929,.T.);
#524=ORIENTED_EDGE('',*,*,#2930,.T.);
#525=ORIENTED_EDGE('',*,*,#2931,.T.);
#526=ORIENTED_EDGE('',*,*,#2932,.T.);
#527=ORIENTED_EDGE('',*,*,#2933,.T.);
#528=ORIENTED_EDGE('',*,*,#2934,.T.);
#529=ORIENTED_EDGE('',*,*,#2935,.T.);
#530=ORIENTED_EDGE('',*,*,#2936,.T.);
#531=ORIENTED_EDGE('',*,*,#2937,.T.);
#532=ORIENTED_EDGE('',*,*,#2938,.T.);
#533=ORIENTED_EDGE('',*,*,#2939,.T.);
#534=ORIENTED_EDGE('',*,*,#2940,.T.);
#535=ORIENTED_EDGE('',*,*,#2941,.T.);
#536=ORIENTED_EDGE('',*,*,#2942,.T.);
#537=ORIENTED_EDGE('',*,*,#2943,.T.);
#538=ORIENTED_EDGE('',*,*,#2944,.T.);
#539=ORIENTED_EDGE('',*,*,#2945,.T.);
#540=ORIENTED_EDGE('',*,*,#2946,.T.);
#541=ORIENTED_EDGE('',*,*,#2947,.T.);
#542=ORIENTED_EDGE('',*,*,#2948,.T.);
#543=ORIENTED_EDGE('',*,*,#2949,.T.);
#544=ORIENTED_EDGE('',*,*,#2950,.T.);
#545=ORIENTED_EDGE('',*,*,#2951,.T.);
#546=ORIENTED_EDGE('',*,*,#2952,.T.);
#547=ORIENTED_EDGE('',*,*,#2953,.T.);
#548=ORIENTED_EDGE('',*,*,#2954,.T.);
#549=ORIENTED_EDGE('',*,*,#2955,.T.);
#550=ORIENTED_EDGE('',*,*,#2956,.T.);
#551=ORIENTED_EDGE('',*,*,#2957,.F.);
#552=ORIENTED_EDGE('',*,*,#2958,.T.);
#553=ORIENTED_EDGE('',*,*,#2959,.F.);
#554=ORIENTED_EDGE('',*,*,#2960,.T.);
#555=ORIENTED_EDGE('',*,*,#2961,.F.);
#556=ORIENTED_EDGE('',*,*,#2962,.T.);
#557=ORIENTED_EDGE('',*,*,#2963,.F.);
#558=ORIENTED_EDGE('',*,*,#2964,.T.);
#559=ORIENTED_EDGE('',*,*,#2675,.F.);
#560=ORIENTED_EDGE('',*,*,#2965,.T.);
#561=ORIENTED_EDGE('',*,*,#2673,.F.);
#562=ORIENTED_EDGE('',*,*,#2670,.T.);
#563=ORIENTED_EDGE('',*,*,#2966,.T.);
#564=ORIENTED_EDGE('',*,*,#2967,.T.);
#565=ORIENTED_EDGE('',*,*,#2968,.T.);
#566=ORIENTED_EDGE('',*,*,#2969,.F.);
#567=ORIENTED_EDGE('',*,*,#2970,.T.);
#568=ORIENTED_EDGE('',*,*,#2971,.F.);
#569=ORIENTED_EDGE('',*,*,#2972,.T.);
#570=ORIENTED_EDGE('',*,*,#2973,.F.);
#571=ORIENTED_EDGE('',*,*,#2974,.T.);
#572=ORIENTED_EDGE('',*,*,#2975,.F.);
#573=ORIENTED_EDGE('',*,*,#2976,.T.);
#574=ORIENTED_EDGE('',*,*,#2977,.F.);
#575=ORIENTED_EDGE('',*,*,#2978,.T.);
#576=ORIENTED_EDGE('',*,*,#2979,.F.);
#577=ORIENTED_EDGE('',*,*,#2980,.T.);
#578=ORIENTED_EDGE('',*,*,#2981,.F.);
#579=ORIENTED_EDGE('',*,*,#2982,.T.);
#580=ORIENTED_EDGE('',*,*,#2983,.F.);
#581=ORIENTED_EDGE('',*,*,#2984,.T.);
#582=ORIENTED_EDGE('',*,*,#2985,.F.);
#583=ORIENTED_EDGE('',*,*,#2986,.T.);
#584=ORIENTED_EDGE('',*,*,#2987,.F.);
#585=ORIENTED_EDGE('',*,*,#2988,.T.);
#586=ORIENTED_EDGE('',*,*,#2989,.F.);
#587=ORIENTED_EDGE('',*,*,#2968,.F.);
#588=ORIENTED_EDGE('',*,*,#2990,.F.);
#589=ORIENTED_EDGE('',*,*,#2966,.F.);
#590=ORIENTED_EDGE('',*,*,#2669,.T.);
#591=ORIENTED_EDGE('',*,*,#2991,.T.);
#592=ORIENTED_EDGE('',*,*,#2992,.T.);
#593=ORIENTED_EDGE('',*,*,#2993,.T.);
#594=ORIENTED_EDGE('',*,*,#2994,.T.);
#595=ORIENTED_EDGE('',*,*,#2995,.T.);
#596=ORIENTED_EDGE('',*,*,#2996,.T.);
#597=ORIENTED_EDGE('',*,*,#2997,.T.);
#598=ORIENTED_EDGE('',*,*,#2998,.T.);
#599=ORIENTED_EDGE('',*,*,#2999,.T.);
#600=ORIENTED_EDGE('',*,*,#3000,.T.);
#601=ORIENTED_EDGE('',*,*,#3001,.T.);
#602=ORIENTED_EDGE('',*,*,#3002,.T.);
#603=ORIENTED_EDGE('',*,*,#3003,.T.);
#604=ORIENTED_EDGE('',*,*,#3004,.T.);
#605=ORIENTED_EDGE('',*,*,#3005,.T.);
#606=ORIENTED_EDGE('',*,*,#3006,.T.);
#607=ORIENTED_EDGE('',*,*,#3007,.T.);
#608=ORIENTED_EDGE('',*,*,#3008,.T.);
#609=ORIENTED_EDGE('',*,*,#3009,.T.);
#610=ORIENTED_EDGE('',*,*,#3010,.T.);
#611=ORIENTED_EDGE('',*,*,#3011,.T.);
#612=ORIENTED_EDGE('',*,*,#3012,.T.);
#613=ORIENTED_EDGE('',*,*,#3013,.T.);
#614=ORIENTED_EDGE('',*,*,#2991,.F.);
#615=ORIENTED_EDGE('',*,*,#2668,.F.);
#616=ORIENTED_EDGE('',*,*,#2680,.T.);
#617=ORIENTED_EDGE('',*,*,#3014,.T.);
#618=ORIENTED_EDGE('',*,*,#2678,.T.);
#619=ORIENTED_EDGE('',*,*,#3015,.T.);
#620=ORIENTED_EDGE('',*,*,#3016,.T.);
#621=ORIENTED_EDGE('',*,*,#3017,.T.);
#622=ORIENTED_EDGE('',*,*,#3018,.T.);
#623=ORIENTED_EDGE('',*,*,#3019,.T.);
#624=ORIENTED_EDGE('',*,*,#3020,.T.);
#625=ORIENTED_EDGE('',*,*,#3021,.T.);
#626=ORIENTED_EDGE('',*,*,#3022,.T.);
#627=ORIENTED_EDGE('',*,*,#3023,.T.);
#628=ORIENTED_EDGE('',*,*,#3024,.T.);
#629=ORIENTED_EDGE('',*,*,#3025,.T.);
#630=ORIENTED_EDGE('',*,*,#3026,.T.);
#631=ORIENTED_EDGE('',*,*,#3027,.T.);
#632=ORIENTED_EDGE('',*,*,#3028,.T.);
#633=ORIENTED_EDGE('',*,*,#3029,.T.);
#634=ORIENTED_EDGE('',*,*,#3030,.T.);
#635=ORIENTED_EDGE('',*,*,#3031,.T.);
#636=ORIENTED_EDGE('',*,*,#3032,.T.);
#637=ORIENTED_EDGE('',*,*,#3033,.T.);
#638=ORIENTED_EDGE('',*,*,#3034,.T.);
#639=ORIENTED_EDGE('',*,*,#2657,.T.);
#640=ORIENTED_EDGE('',*,*,#3035,.T.);
#641=ORIENTED_EDGE('',*,*,#3036,.T.);
#642=ORIENTED_EDGE('',*,*,#3037,.F.);
#643=ORIENTED_EDGE('',*,*,#3038,.F.);
#644=ORIENTED_EDGE('',*,*,#3039,.T.);
#645=ORIENTED_EDGE('',*,*,#2665,.T.);
#646=ORIENTED_EDGE('',*,*,#3040,.T.);
#647=ORIENTED_EDGE('',*,*,#2878,.F.);
#648=ORIENTED_EDGE('',*,*,#3041,.T.);
#649=ORIENTED_EDGE('',*,*,#3042,.F.);
#650=ORIENTED_EDGE('',*,*,#3043,.F.);
#651=ORIENTED_EDGE('',*,*,#3044,.F.);
#652=ORIENTED_EDGE('',*,*,#3045,.F.);
#653=ORIENTED_EDGE('',*,*,#3046,.F.);
#654=ORIENTED_EDGE('',*,*,#3047,.F.);
#655=ORIENTED_EDGE('',*,*,#3048,.F.);
#656=ORIENTED_EDGE('',*,*,#3049,.F.);
#657=ORIENTED_EDGE('',*,*,#3050,.F.);
#658=ORIENTED_EDGE('',*,*,#3051,.F.);
#659=ORIENTED_EDGE('',*,*,#3052,.F.);
#660=ORIENTED_EDGE('',*,*,#3053,.F.);
#661=ORIENTED_EDGE('',*,*,#3054,.F.);
#662=ORIENTED_EDGE('',*,*,#3055,.F.);
#663=ORIENTED_EDGE('',*,*,#3056,.F.);
#664=ORIENTED_EDGE('',*,*,#3057,.F.);
#665=ORIENTED_EDGE('',*,*,#3058,.F.);
#666=ORIENTED_EDGE('',*,*,#3059,.F.);
#667=ORIENTED_EDGE('',*,*,#3060,.F.);
#668=ORIENTED_EDGE('',*,*,#3061,.F.);
#669=ORIENTED_EDGE('',*,*,#3062,.F.);
#670=ORIENTED_EDGE('',*,*,#3063,.F.);
#671=ORIENTED_EDGE('',*,*,#3064,.F.);
#672=ORIENTED_EDGE('',*,*,#3065,.F.);
#673=ORIENTED_EDGE('',*,*,#3066,.F.);
#674=ORIENTED_EDGE('',*,*,#3067,.F.);
#675=ORIENTED_EDGE('',*,*,#3068,.F.);
#676=ORIENTED_EDGE('',*,*,#3069,.F.);
#677=ORIENTED_EDGE('',*,*,#2884,.T.);
#678=ORIENTED_EDGE('',*,*,#3070,.T.);
#679=ORIENTED_EDGE('',*,*,#2659,.F.);
#680=ORIENTED_EDGE('',*,*,#3071,.T.);
#681=ORIENTED_EDGE('',*,*,#2882,.T.);
#682=ORIENTED_EDGE('',*,*,#3072,.T.);
#683=ORIENTED_EDGE('',*,*,#2661,.F.);
#684=ORIENTED_EDGE('',*,*,#3073,.T.);
#685=ORIENTED_EDGE('',*,*,#3074,.F.);
#686=ORIENTED_EDGE('',*,*,#3075,.F.);
#687=ORIENTED_EDGE('',*,*,#3076,.F.);
#688=ORIENTED_EDGE('',*,*,#3077,.F.);
#689=ORIENTED_EDGE('',*,*,#3078,.F.);
#690=ORIENTED_EDGE('',*,*,#3079,.F.);
#691=ORIENTED_EDGE('',*,*,#3080,.F.);
#692=ORIENTED_EDGE('',*,*,#3081,.F.);
#693=ORIENTED_EDGE('',*,*,#3082,.F.);
#694=ORIENTED_EDGE('',*,*,#3083,.F.);
#695=ORIENTED_EDGE('',*,*,#3084,.F.);
#696=ORIENTED_EDGE('',*,*,#3085,.F.);
#697=ORIENTED_EDGE('',*,*,#3086,.F.);
#698=ORIENTED_EDGE('',*,*,#3087,.F.);
#699=ORIENTED_EDGE('',*,*,#3088,.F.);
#700=ORIENTED_EDGE('',*,*,#3089,.F.);
#701=ORIENTED_EDGE('',*,*,#3090,.F.);
#702=ORIENTED_EDGE('',*,*,#3091,.F.);
#703=ORIENTED_EDGE('',*,*,#3092,.F.);
#704=ORIENTED_EDGE('',*,*,#3093,.F.);
#705=ORIENTED_EDGE('',*,*,#3094,.F.);
#706=ORIENTED_EDGE('',*,*,#3095,.F.);
#707=ORIENTED_EDGE('',*,*,#3096,.F.);
#708=ORIENTED_EDGE('',*,*,#3097,.F.);
#709=ORIENTED_EDGE('',*,*,#3098,.F.);
#710=ORIENTED_EDGE('',*,*,#3099,.F.);
#711=ORIENTED_EDGE('',*,*,#3100,.F.);
#712=ORIENTED_EDGE('',*,*,#3101,.F.);
#713=ORIENTED_EDGE('',*,*,#2880,.F.);
#714=ORIENTED_EDGE('',*,*,#3102,.T.);
#715=ORIENTED_EDGE('',*,*,#2663,.T.);
#716=ORIENTED_EDGE('',*,*,#3103,.T.);
#717=ORIENTED_EDGE('',*,*,#3104,.F.);
#718=ORIENTED_EDGE('',*,*,#3105,.F.);
#719=ORIENTED_EDGE('',*,*,#3106,.F.);
#720=ORIENTED_EDGE('',*,*,#3107,.F.);
#721=ORIENTED_EDGE('',*,*,#3108,.F.);
#722=ORIENTED_EDGE('',*,*,#3109,.F.);
#723=ORIENTED_EDGE('',*,*,#2677,.F.);
#724=ORIENTED_EDGE('',*,*,#3110,.T.);
#725=ORIENTED_EDGE('',*,*,#2963,.T.);
#726=ORIENTED_EDGE('',*,*,#3111,.T.);
#727=ORIENTED_EDGE('',*,*,#2961,.T.);
#728=ORIENTED_EDGE('',*,*,#3112,.T.);
#729=ORIENTED_EDGE('',*,*,#2959,.T.);
#730=ORIENTED_EDGE('',*,*,#3113,.T.);
#731=ORIENTED_EDGE('',*,*,#2957,.T.);
#732=ORIENTED_EDGE('',*,*,#3114,.T.);
#733=ORIENTED_EDGE('',*,*,#2987,.T.);
#734=ORIENTED_EDGE('',*,*,#3115,.T.);
#735=ORIENTED_EDGE('',*,*,#2985,.T.);
#736=ORIENTED_EDGE('',*,*,#3116,.T.);
#737=ORIENTED_EDGE('',*,*,#2983,.T.);
#738=ORIENTED_EDGE('',*,*,#3117,.T.);
#739=ORIENTED_EDGE('',*,*,#2981,.T.);
#740=ORIENTED_EDGE('',*,*,#3118,.T.);
#741=ORIENTED_EDGE('',*,*,#2979,.T.);
#742=ORIENTED_EDGE('',*,*,#3119,.T.);
#743=ORIENTED_EDGE('',*,*,#2977,.T.);
#744=ORIENTED_EDGE('',*,*,#3120,.T.);
#745=ORIENTED_EDGE('',*,*,#2975,.T.);
#746=ORIENTED_EDGE('',*,*,#3121,.T.);
#747=ORIENTED_EDGE('',*,*,#2973,.T.);
#748=ORIENTED_EDGE('',*,*,#3122,.T.);
#749=ORIENTED_EDGE('',*,*,#2971,.T.);
#750=ORIENTED_EDGE('',*,*,#3123,.T.);
#751=ORIENTED_EDGE('',*,*,#2969,.T.);
#752=ORIENTED_EDGE('',*,*,#2989,.T.);
#753=ORIENTED_EDGE('',*,*,#3124,.F.);
#754=ORIENTED_EDGE('',*,*,#3012,.F.);
#755=ORIENTED_EDGE('',*,*,#3125,.F.);
#756=ORIENTED_EDGE('',*,*,#3010,.F.);
#757=ORIENTED_EDGE('',*,*,#3126,.F.);
#758=ORIENTED_EDGE('',*,*,#3008,.F.);
#759=ORIENTED_EDGE('',*,*,#3127,.F.);
#760=ORIENTED_EDGE('',*,*,#3006,.F.);
#761=ORIENTED_EDGE('',*,*,#3128,.F.);
#762=ORIENTED_EDGE('',*,*,#3033,.F.);
#763=ORIENTED_EDGE('',*,*,#3129,.F.);
#764=ORIENTED_EDGE('',*,*,#3031,.F.);
#765=ORIENTED_EDGE('',*,*,#3130,.F.);
#766=ORIENTED_EDGE('',*,*,#3029,.F.);
#767=ORIENTED_EDGE('',*,*,#3131,.F.);
#768=ORIENTED_EDGE('',*,*,#3027,.F.);
#769=ORIENTED_EDGE('',*,*,#3132,.F.);
#770=ORIENTED_EDGE('',*,*,#3025,.F.);
#771=ORIENTED_EDGE('',*,*,#3133,.F.);
#772=ORIENTED_EDGE('',*,*,#3023,.F.);
#773=ORIENTED_EDGE('',*,*,#3134,.F.);
#774=ORIENTED_EDGE('',*,*,#3021,.F.);
#775=ORIENTED_EDGE('',*,*,#3135,.F.);
#776=ORIENTED_EDGE('',*,*,#3019,.F.);
#777=ORIENTED_EDGE('',*,*,#3136,.F.);
#778=ORIENTED_EDGE('',*,*,#3017,.F.);
#779=ORIENTED_EDGE('',*,*,#3137,.F.);
#780=ORIENTED_EDGE('',*,*,#3015,.F.);
#781=ORIENTED_EDGE('',*,*,#2664,.F.);
#782=ORIENTED_EDGE('',*,*,#3102,.F.);
#783=ORIENTED_EDGE('',*,*,#2879,.F.);
#784=ORIENTED_EDGE('',*,*,#3040,.F.);
#785=ORIENTED_EDGE('',*,*,#2662,.F.);
#786=ORIENTED_EDGE('',*,*,#3072,.F.);
#787=ORIENTED_EDGE('',*,*,#2881,.F.);
#788=ORIENTED_EDGE('',*,*,#3103,.F.);
#789=ORIENTED_EDGE('',*,*,#2660,.F.);
#790=ORIENTED_EDGE('',*,*,#3070,.F.);
#791=ORIENTED_EDGE('',*,*,#2883,.F.);
#792=ORIENTED_EDGE('',*,*,#3073,.F.);
#793=ORIENTED_EDGE('',*,*,#2658,.F.);
#794=ORIENTED_EDGE('',*,*,#3041,.F.);
#795=ORIENTED_EDGE('',*,*,#2885,.F.);
#796=ORIENTED_EDGE('',*,*,#3071,.F.);
#797=ORIENTED_EDGE('',*,*,#3138,.F.);
#798=ORIENTED_EDGE('',*,*,#2965,.F.);
#799=ORIENTED_EDGE('',*,*,#3069,.T.);
#800=ORIENTED_EDGE('',*,*,#3138,.T.);
#801=ORIENTED_EDGE('',*,*,#2674,.F.);
#802=ORIENTED_EDGE('',*,*,#2956,.F.);
#803=ORIENTED_EDGE('',*,*,#3068,.T.);
#804=ORIENTED_EDGE('',*,*,#3139,.F.);
#805=ORIENTED_EDGE('',*,*,#2972,.F.);
#806=ORIENTED_EDGE('',*,*,#3067,.T.);
#807=ORIENTED_EDGE('',*,*,#3139,.T.);
#808=ORIENTED_EDGE('',*,*,#3122,.F.);
#809=ORIENTED_EDGE('',*,*,#3140,.F.);
#810=ORIENTED_EDGE('',*,*,#2970,.F.);
#811=ORIENTED_EDGE('',*,*,#3066,.T.);
#812=ORIENTED_EDGE('',*,*,#3140,.T.);
#813=ORIENTED_EDGE('',*,*,#3123,.F.);
#814=ORIENTED_EDGE('',*,*,#2955,.F.);
#815=ORIENTED_EDGE('',*,*,#3065,.T.);
#816=ORIENTED_EDGE('',*,*,#3141,.F.);
#817=ORIENTED_EDGE('',*,*,#2974,.F.);
#818=ORIENTED_EDGE('',*,*,#3064,.T.);
#819=ORIENTED_EDGE('',*,*,#3141,.T.);
#820=ORIENTED_EDGE('',*,*,#3121,.F.);
#821=ORIENTED_EDGE('',*,*,#2954,.F.);
#822=ORIENTED_EDGE('',*,*,#3063,.T.);
#823=ORIENTED_EDGE('',*,*,#3142,.F.);
#824=ORIENTED_EDGE('',*,*,#2976,.F.);
#825=ORIENTED_EDGE('',*,*,#3062,.T.);
#826=ORIENTED_EDGE('',*,*,#3142,.T.);
#827=ORIENTED_EDGE('',*,*,#3120,.F.);
#828=ORIENTED_EDGE('',*,*,#2953,.F.);
#829=ORIENTED_EDGE('',*,*,#3061,.T.);
#830=ORIENTED_EDGE('',*,*,#3143,.F.);
#831=ORIENTED_EDGE('',*,*,#2962,.F.);
#832=ORIENTED_EDGE('',*,*,#3060,.T.);
#833=ORIENTED_EDGE('',*,*,#3143,.T.);
#834=ORIENTED_EDGE('',*,*,#3111,.F.);
#835=ORIENTED_EDGE('',*,*,#2964,.F.);
#836=ORIENTED_EDGE('',*,*,#3144,.F.);
#837=ORIENTED_EDGE('',*,*,#3059,.T.);
#838=ORIENTED_EDGE('',*,*,#2676,.F.);
#839=ORIENTED_EDGE('',*,*,#3144,.T.);
#840=ORIENTED_EDGE('',*,*,#3110,.F.);
#841=ORIENTED_EDGE('',*,*,#2990,.T.);
#842=ORIENTED_EDGE('',*,*,#3145,.T.);
#843=ORIENTED_EDGE('',*,*,#3145,.F.);
#844=ORIENTED_EDGE('',*,*,#2967,.F.);
#845=ORIENTED_EDGE('',*,*,#3058,.T.);
#846=ORIENTED_EDGE('',*,*,#3146,.F.);
#847=ORIENTED_EDGE('',*,*,#2978,.F.);
#848=ORIENTED_EDGE('',*,*,#3057,.T.);
#849=ORIENTED_EDGE('',*,*,#3146,.T.);
#850=ORIENTED_EDGE('',*,*,#3119,.F.);
#851=ORIENTED_EDGE('',*,*,#2952,.F.);
#852=ORIENTED_EDGE('',*,*,#3056,.T.);
#853=ORIENTED_EDGE('',*,*,#2951,.F.);
#854=ORIENTED_EDGE('',*,*,#3055,.T.);
#855=ORIENTED_EDGE('',*,*,#3147,.F.);
#856=ORIENTED_EDGE('',*,*,#2980,.F.);
#857=ORIENTED_EDGE('',*,*,#3054,.T.);
#858=ORIENTED_EDGE('',*,*,#3147,.T.);
#859=ORIENTED_EDGE('',*,*,#3118,.F.);
#860=ORIENTED_EDGE('',*,*,#3148,.F.);
#861=ORIENTED_EDGE('',*,*,#2982,.F.);
#862=ORIENTED_EDGE('',*,*,#3053,.T.);
#863=ORIENTED_EDGE('',*,*,#3148,.T.);
#864=ORIENTED_EDGE('',*,*,#3117,.F.);
#865=ORIENTED_EDGE('',*,*,#2950,.F.);
#866=ORIENTED_EDGE('',*,*,#3052,.T.);
#867=ORIENTED_EDGE('',*,*,#3149,.F.);
#868=ORIENTED_EDGE('',*,*,#2984,.F.);
#869=ORIENTED_EDGE('',*,*,#3051,.T.);
#870=ORIENTED_EDGE('',*,*,#3149,.T.);
#871=ORIENTED_EDGE('',*,*,#3116,.F.);
#872=ORIENTED_EDGE('',*,*,#2949,.F.);
#873=ORIENTED_EDGE('',*,*,#3050,.T.);
#874=ORIENTED_EDGE('',*,*,#3150,.F.);
#875=ORIENTED_EDGE('',*,*,#2986,.F.);
#876=ORIENTED_EDGE('',*,*,#3049,.T.);
#877=ORIENTED_EDGE('',*,*,#3150,.T.);
#878=ORIENTED_EDGE('',*,*,#3115,.F.);
#879=ORIENTED_EDGE('',*,*,#2948,.F.);
#880=ORIENTED_EDGE('',*,*,#3048,.T.);
#881=ORIENTED_EDGE('',*,*,#3151,.F.);
#882=ORIENTED_EDGE('',*,*,#2988,.F.);
#883=ORIENTED_EDGE('',*,*,#3047,.T.);
#884=ORIENTED_EDGE('',*,*,#3151,.T.);
#885=ORIENTED_EDGE('',*,*,#3114,.F.);
#886=ORIENTED_EDGE('',*,*,#2947,.F.);
#887=ORIENTED_EDGE('',*,*,#3046,.T.);
#888=ORIENTED_EDGE('',*,*,#2946,.F.);
#889=ORIENTED_EDGE('',*,*,#3045,.T.);
#890=ORIENTED_EDGE('',*,*,#3152,.F.);
#891=ORIENTED_EDGE('',*,*,#2960,.F.);
#892=ORIENTED_EDGE('',*,*,#3044,.T.);
#893=ORIENTED_EDGE('',*,*,#3152,.T.);
#894=ORIENTED_EDGE('',*,*,#3112,.F.);
#895=ORIENTED_EDGE('',*,*,#2945,.F.);
#896=ORIENTED_EDGE('',*,*,#3043,.T.);
#897=ORIENTED_EDGE('',*,*,#3153,.F.);
#898=ORIENTED_EDGE('',*,*,#2958,.F.);
#899=ORIENTED_EDGE('',*,*,#3042,.T.);
#900=ORIENTED_EDGE('',*,*,#3153,.T.);
#901=ORIENTED_EDGE('',*,*,#3113,.F.);
#902=ORIENTED_EDGE('',*,*,#3005,.F.);
#903=ORIENTED_EDGE('',*,*,#3101,.T.);
#904=ORIENTED_EDGE('',*,*,#3004,.F.);
#905=ORIENTED_EDGE('',*,*,#3100,.T.);
#906=ORIENTED_EDGE('',*,*,#3136,.T.);
#907=ORIENTED_EDGE('',*,*,#3154,.T.);
#908=ORIENTED_EDGE('',*,*,#3018,.F.);
#909=ORIENTED_EDGE('',*,*,#3154,.F.);
#910=ORIENTED_EDGE('',*,*,#3099,.T.);
#911=ORIENTED_EDGE('',*,*,#3137,.T.);
#912=ORIENTED_EDGE('',*,*,#3155,.T.);
#913=ORIENTED_EDGE('',*,*,#3016,.F.);
#914=ORIENTED_EDGE('',*,*,#3155,.F.);
#915=ORIENTED_EDGE('',*,*,#3098,.T.);
#916=ORIENTED_EDGE('',*,*,#3003,.F.);
#917=ORIENTED_EDGE('',*,*,#3097,.T.);
#918=ORIENTED_EDGE('',*,*,#3135,.T.);
#919=ORIENTED_EDGE('',*,*,#3156,.T.);
#920=ORIENTED_EDGE('',*,*,#3020,.F.);
#921=ORIENTED_EDGE('',*,*,#3156,.F.);
#922=ORIENTED_EDGE('',*,*,#3096,.T.);
#923=ORIENTED_EDGE('',*,*,#3002,.F.);
#924=ORIENTED_EDGE('',*,*,#3095,.T.);
#925=ORIENTED_EDGE('',*,*,#3134,.T.);
#926=ORIENTED_EDGE('',*,*,#3157,.T.);
#927=ORIENTED_EDGE('',*,*,#3022,.F.);
#928=ORIENTED_EDGE('',*,*,#3157,.F.);
#929=ORIENTED_EDGE('',*,*,#3094,.T.);
#930=ORIENTED_EDGE('',*,*,#3001,.F.);
#931=ORIENTED_EDGE('',*,*,#3093,.T.);
#932=ORIENTED_EDGE('',*,*,#3125,.T.);
#933=ORIENTED_EDGE('',*,*,#3158,.T.);
#934=ORIENTED_EDGE('',*,*,#3011,.F.);
#935=ORIENTED_EDGE('',*,*,#3158,.F.);
#936=ORIENTED_EDGE('',*,*,#3092,.T.);
#937=ORIENTED_EDGE('',*,*,#3124,.T.);
#938=ORIENTED_EDGE('',*,*,#2992,.F.);
#939=ORIENTED_EDGE('',*,*,#3159,.T.);
#940=ORIENTED_EDGE('',*,*,#3013,.F.);
#941=ORIENTED_EDGE('',*,*,#3159,.F.);
#942=ORIENTED_EDGE('',*,*,#3091,.T.);
#943=ORIENTED_EDGE('',*,*,#2679,.T.);
#944=ORIENTED_EDGE('',*,*,#3160,.T.);
#945=ORIENTED_EDGE('',*,*,#3014,.F.);
#946=ORIENTED_EDGE('',*,*,#3160,.F.);
#947=ORIENTED_EDGE('',*,*,#3090,.T.);
#948=ORIENTED_EDGE('',*,*,#3133,.T.);
#949=ORIENTED_EDGE('',*,*,#3161,.T.);
#950=ORIENTED_EDGE('',*,*,#3024,.F.);
#951=ORIENTED_EDGE('',*,*,#3161,.F.);
#952=ORIENTED_EDGE('',*,*,#3089,.T.);
#953=ORIENTED_EDGE('',*,*,#3000,.F.);
#954=ORIENTED_EDGE('',*,*,#3088,.T.);
#955=ORIENTED_EDGE('',*,*,#2999,.F.);
#956=ORIENTED_EDGE('',*,*,#3087,.T.);
#957=ORIENTED_EDGE('',*,*,#3132,.T.);
#958=ORIENTED_EDGE('',*,*,#3162,.T.);
#959=ORIENTED_EDGE('',*,*,#3026,.F.);
#960=ORIENTED_EDGE('',*,*,#3162,.F.);
#961=ORIENTED_EDGE('',*,*,#3086,.T.);
#962=ORIENTED_EDGE('',*,*,#3131,.T.);
#963=ORIENTED_EDGE('',*,*,#3163,.T.);
#964=ORIENTED_EDGE('',*,*,#3028,.F.);
#965=ORIENTED_EDGE('',*,*,#3163,.F.);
#966=ORIENTED_EDGE('',*,*,#3085,.T.);
#967=ORIENTED_EDGE('',*,*,#2998,.F.);
#968=ORIENTED_EDGE('',*,*,#3084,.T.);
#969=ORIENTED_EDGE('',*,*,#3130,.T.);
#970=ORIENTED_EDGE('',*,*,#3164,.T.);
#971=ORIENTED_EDGE('',*,*,#3030,.F.);
#972=ORIENTED_EDGE('',*,*,#3164,.F.);
#973=ORIENTED_EDGE('',*,*,#3083,.T.);
#974=ORIENTED_EDGE('',*,*,#2997,.F.);
#975=ORIENTED_EDGE('',*,*,#3082,.T.);
#976=ORIENTED_EDGE('',*,*,#3129,.T.);
#977=ORIENTED_EDGE('',*,*,#3165,.T.);
#978=ORIENTED_EDGE('',*,*,#3032,.F.);
#979=ORIENTED_EDGE('',*,*,#3165,.F.);
#980=ORIENTED_EDGE('',*,*,#3081,.T.);
#981=ORIENTED_EDGE('',*,*,#2996,.F.);
#982=ORIENTED_EDGE('',*,*,#3080,.T.);
#983=ORIENTED_EDGE('',*,*,#3128,.T.);
#984=ORIENTED_EDGE('',*,*,#3166,.T.);
#985=ORIENTED_EDGE('',*,*,#3034,.F.);
#986=ORIENTED_EDGE('',*,*,#3166,.F.);
#987=ORIENTED_EDGE('',*,*,#3079,.T.);
#988=ORIENTED_EDGE('',*,*,#2995,.F.);
#989=ORIENTED_EDGE('',*,*,#3078,.T.);
#990=ORIENTED_EDGE('',*,*,#2994,.F.);
#991=ORIENTED_EDGE('',*,*,#3077,.T.);
#992=ORIENTED_EDGE('',*,*,#3126,.T.);
#993=ORIENTED_EDGE('',*,*,#3167,.T.);
#994=ORIENTED_EDGE('',*,*,#3009,.F.);
#995=ORIENTED_EDGE('',*,*,#3167,.F.);
#996=ORIENTED_EDGE('',*,*,#3076,.T.);
#997=ORIENTED_EDGE('',*,*,#2993,.F.);
#998=ORIENTED_EDGE('',*,*,#3075,.T.);
#999=ORIENTED_EDGE('',*,*,#3127,.T.);
#1000=ORIENTED_EDGE('',*,*,#3168,.T.);
#1001=ORIENTED_EDGE('',*,*,#3007,.F.);
#1002=ORIENTED_EDGE('',*,*,#3168,.F.);
#1003=ORIENTED_EDGE('',*,*,#3074,.T.);
#1004=ORIENTED_EDGE('',*,*,#2874,.F.);
#1005=ORIENTED_EDGE('',*,*,#3169,.F.);
#1006=ORIENTED_EDGE('',*,*,#3170,.T.);
#1007=ORIENTED_EDGE('',*,*,#3171,.T.);
#1008=ORIENTED_EDGE('',*,*,#2875,.F.);
#1009=ORIENTED_EDGE('',*,*,#3171,.F.);
#1010=ORIENTED_EDGE('',*,*,#3172,.T.);
#1011=ORIENTED_EDGE('',*,*,#3173,.T.);
#1012=ORIENTED_EDGE('',*,*,#2876,.F.);
#1013=ORIENTED_EDGE('',*,*,#3173,.F.);
#1014=ORIENTED_EDGE('',*,*,#3174,.T.);
#1015=ORIENTED_EDGE('',*,*,#3175,.T.);
#1016=ORIENTED_EDGE('',*,*,#2877,.F.);
#1017=ORIENTED_EDGE('',*,*,#3175,.F.);
#1018=ORIENTED_EDGE('',*,*,#3176,.T.);
#1019=ORIENTED_EDGE('',*,*,#3169,.T.);
#1020=ORIENTED_EDGE('',*,*,#3170,.F.);
#1021=ORIENTED_EDGE('',*,*,#3176,.F.);
#1022=ORIENTED_EDGE('',*,*,#3174,.F.);
#1023=ORIENTED_EDGE('',*,*,#3172,.F.);
#1024=ORIENTED_EDGE('',*,*,#2886,.F.);
#1025=ORIENTED_EDGE('',*,*,#3177,.F.);
#1026=ORIENTED_EDGE('',*,*,#3178,.T.);
#1027=ORIENTED_EDGE('',*,*,#3179,.T.);
#1028=ORIENTED_EDGE('',*,*,#2887,.F.);
#1029=ORIENTED_EDGE('',*,*,#3179,.F.);
#1030=ORIENTED_EDGE('',*,*,#3180,.T.);
#1031=ORIENTED_EDGE('',*,*,#3181,.T.);
#1032=ORIENTED_EDGE('',*,*,#2888,.F.);
#1033=ORIENTED_EDGE('',*,*,#3181,.F.);
#1034=ORIENTED_EDGE('',*,*,#3182,.T.);
#1035=ORIENTED_EDGE('',*,*,#3183,.T.);
#1036=ORIENTED_EDGE('',*,*,#2889,.F.);
#1037=ORIENTED_EDGE('',*,*,#3183,.F.);
#1038=ORIENTED_EDGE('',*,*,#3184,.T.);
#1039=ORIENTED_EDGE('',*,*,#3177,.T.);
#1040=ORIENTED_EDGE('',*,*,#3178,.F.);
#1041=ORIENTED_EDGE('',*,*,#3184,.F.);
#1042=ORIENTED_EDGE('',*,*,#3182,.F.);
#1043=ORIENTED_EDGE('',*,*,#3180,.F.);
#1044=ORIENTED_EDGE('',*,*,#3185,.F.);
#1045=ORIENTED_EDGE('',*,*,#3186,.F.);
#1046=ORIENTED_EDGE('',*,*,#3187,.T.);
#1047=ORIENTED_EDGE('',*,*,#3188,.T.);
#1048=ORIENTED_EDGE('',*,*,#3189,.F.);
#1049=ORIENTED_EDGE('',*,*,#3188,.F.);
#1050=ORIENTED_EDGE('',*,*,#3190,.T.);
#1051=ORIENTED_EDGE('',*,*,#3191,.T.);
#1052=ORIENTED_EDGE('',*,*,#3192,.F.);
#1053=ORIENTED_EDGE('',*,*,#3191,.F.);
#1054=ORIENTED_EDGE('',*,*,#3193,.T.);
#1055=ORIENTED_EDGE('',*,*,#3194,.T.);
#1056=ORIENTED_EDGE('',*,*,#3195,.F.);
#1057=ORIENTED_EDGE('',*,*,#3194,.F.);
#1058=ORIENTED_EDGE('',*,*,#3196,.T.);
#1059=ORIENTED_EDGE('',*,*,#3197,.T.);
#1060=ORIENTED_EDGE('',*,*,#3198,.F.);
#1061=ORIENTED_EDGE('',*,*,#3197,.F.);
#1062=ORIENTED_EDGE('',*,*,#3199,.T.);
#1063=ORIENTED_EDGE('',*,*,#3200,.T.);
#1064=ORIENTED_EDGE('',*,*,#3201,.F.);
#1065=ORIENTED_EDGE('',*,*,#3200,.F.);
#1066=ORIENTED_EDGE('',*,*,#3202,.T.);
#1067=ORIENTED_EDGE('',*,*,#3203,.T.);
#1068=ORIENTED_EDGE('',*,*,#3204,.F.);
#1069=ORIENTED_EDGE('',*,*,#3203,.F.);
#1070=ORIENTED_EDGE('',*,*,#3205,.T.);
#1071=ORIENTED_EDGE('',*,*,#3206,.T.);
#1072=ORIENTED_EDGE('',*,*,#3207,.F.);
#1073=ORIENTED_EDGE('',*,*,#3206,.F.);
#1074=ORIENTED_EDGE('',*,*,#3208,.T.);
#1075=ORIENTED_EDGE('',*,*,#3209,.T.);
#1076=ORIENTED_EDGE('',*,*,#3210,.F.);
#1077=ORIENTED_EDGE('',*,*,#3209,.F.);
#1078=ORIENTED_EDGE('',*,*,#3211,.T.);
#1079=ORIENTED_EDGE('',*,*,#3212,.T.);
#1080=ORIENTED_EDGE('',*,*,#3213,.F.);
#1081=ORIENTED_EDGE('',*,*,#3212,.F.);
#1082=ORIENTED_EDGE('',*,*,#3214,.T.);
#1083=ORIENTED_EDGE('',*,*,#3215,.T.);
#1084=ORIENTED_EDGE('',*,*,#3216,.F.);
#1085=ORIENTED_EDGE('',*,*,#3215,.F.);
#1086=ORIENTED_EDGE('',*,*,#3217,.T.);
#1087=ORIENTED_EDGE('',*,*,#3218,.T.);
#1088=ORIENTED_EDGE('',*,*,#3219,.F.);
#1089=ORIENTED_EDGE('',*,*,#3218,.F.);
#1090=ORIENTED_EDGE('',*,*,#3220,.T.);
#1091=ORIENTED_EDGE('',*,*,#3221,.T.);
#1092=ORIENTED_EDGE('',*,*,#3222,.F.);
#1093=ORIENTED_EDGE('',*,*,#3221,.F.);
#1094=ORIENTED_EDGE('',*,*,#3223,.T.);
#1095=ORIENTED_EDGE('',*,*,#3224,.T.);
#1096=ORIENTED_EDGE('',*,*,#3225,.F.);
#1097=ORIENTED_EDGE('',*,*,#3224,.F.);
#1098=ORIENTED_EDGE('',*,*,#3226,.T.);
#1099=ORIENTED_EDGE('',*,*,#3227,.T.);
#1100=ORIENTED_EDGE('',*,*,#3228,.F.);
#1101=ORIENTED_EDGE('',*,*,#3227,.F.);
#1102=ORIENTED_EDGE('',*,*,#3229,.T.);
#1103=ORIENTED_EDGE('',*,*,#3230,.T.);
#1104=ORIENTED_EDGE('',*,*,#3231,.F.);
#1105=ORIENTED_EDGE('',*,*,#3230,.F.);
#1106=ORIENTED_EDGE('',*,*,#3232,.T.);
#1107=ORIENTED_EDGE('',*,*,#3233,.T.);
#1108=ORIENTED_EDGE('',*,*,#3234,.F.);
#1109=ORIENTED_EDGE('',*,*,#3233,.F.);
#1110=ORIENTED_EDGE('',*,*,#3235,.T.);
#1111=ORIENTED_EDGE('',*,*,#3236,.T.);
#1112=ORIENTED_EDGE('',*,*,#3237,.F.);
#1113=ORIENTED_EDGE('',*,*,#3236,.F.);
#1114=ORIENTED_EDGE('',*,*,#3238,.T.);
#1115=ORIENTED_EDGE('',*,*,#3239,.T.);
#1116=ORIENTED_EDGE('',*,*,#3240,.F.);
#1117=ORIENTED_EDGE('',*,*,#3239,.F.);
#1118=ORIENTED_EDGE('',*,*,#3241,.T.);
#1119=ORIENTED_EDGE('',*,*,#3242,.T.);
#1120=ORIENTED_EDGE('',*,*,#3243,.F.);
#1121=ORIENTED_EDGE('',*,*,#3242,.F.);
#1122=ORIENTED_EDGE('',*,*,#3244,.T.);
#1123=ORIENTED_EDGE('',*,*,#3245,.T.);
#1124=ORIENTED_EDGE('',*,*,#3246,.F.);
#1125=ORIENTED_EDGE('',*,*,#3245,.F.);
#1126=ORIENTED_EDGE('',*,*,#3247,.T.);
#1127=ORIENTED_EDGE('',*,*,#3248,.T.);
#1128=ORIENTED_EDGE('',*,*,#3249,.F.);
#1129=ORIENTED_EDGE('',*,*,#3248,.F.);
#1130=ORIENTED_EDGE('',*,*,#3250,.T.);
#1131=ORIENTED_EDGE('',*,*,#3251,.T.);
#1132=ORIENTED_EDGE('',*,*,#3252,.F.);
#1133=ORIENTED_EDGE('',*,*,#3251,.F.);
#1134=ORIENTED_EDGE('',*,*,#3253,.T.);
#1135=ORIENTED_EDGE('',*,*,#3254,.T.);
#1136=ORIENTED_EDGE('',*,*,#3255,.F.);
#1137=ORIENTED_EDGE('',*,*,#3254,.F.);
#1138=ORIENTED_EDGE('',*,*,#3256,.T.);
#1139=ORIENTED_EDGE('',*,*,#3257,.T.);
#1140=ORIENTED_EDGE('',*,*,#3258,.F.);
#1141=ORIENTED_EDGE('',*,*,#3257,.F.);
#1142=ORIENTED_EDGE('',*,*,#3259,.T.);
#1143=ORIENTED_EDGE('',*,*,#3260,.T.);
#1144=ORIENTED_EDGE('',*,*,#3261,.F.);
#1145=ORIENTED_EDGE('',*,*,#3260,.F.);
#1146=ORIENTED_EDGE('',*,*,#3262,.T.);
#1147=ORIENTED_EDGE('',*,*,#3263,.T.);
#1148=ORIENTED_EDGE('',*,*,#3264,.F.);
#1149=ORIENTED_EDGE('',*,*,#3263,.F.);
#1150=ORIENTED_EDGE('',*,*,#3265,.T.);
#1151=ORIENTED_EDGE('',*,*,#3266,.T.);
#1152=ORIENTED_EDGE('',*,*,#3267,.F.);
#1153=ORIENTED_EDGE('',*,*,#3266,.F.);
#1154=ORIENTED_EDGE('',*,*,#3268,.T.);
#1155=ORIENTED_EDGE('',*,*,#3269,.T.);
#1156=ORIENTED_EDGE('',*,*,#2779,.F.);
#1157=ORIENTED_EDGE('',*,*,#3270,.F.);
#1158=ORIENTED_EDGE('',*,*,#3271,.T.);
#1159=ORIENTED_EDGE('',*,*,#3272,.T.);
#1160=ORIENTED_EDGE('',*,*,#2780,.F.);
#1161=ORIENTED_EDGE('',*,*,#3272,.F.);
#1162=ORIENTED_EDGE('',*,*,#3273,.T.);
#1163=ORIENTED_EDGE('',*,*,#3274,.T.);
#1164=ORIENTED_EDGE('',*,*,#2781,.F.);
#1165=ORIENTED_EDGE('',*,*,#3274,.F.);
#1166=ORIENTED_EDGE('',*,*,#3275,.T.);
#1167=ORIENTED_EDGE('',*,*,#3276,.T.);
#1168=ORIENTED_EDGE('',*,*,#2782,.F.);
#1169=ORIENTED_EDGE('',*,*,#3276,.F.);
#1170=ORIENTED_EDGE('',*,*,#3277,.T.);
#1171=ORIENTED_EDGE('',*,*,#3278,.T.);
#1172=ORIENTED_EDGE('',*,*,#2783,.F.);
#1173=ORIENTED_EDGE('',*,*,#3278,.F.);
#1174=ORIENTED_EDGE('',*,*,#3279,.T.);
#1175=ORIENTED_EDGE('',*,*,#3280,.T.);
#1176=ORIENTED_EDGE('',*,*,#2784,.F.);
#1177=ORIENTED_EDGE('',*,*,#3280,.F.);
#1178=ORIENTED_EDGE('',*,*,#3281,.T.);
#1179=ORIENTED_EDGE('',*,*,#3282,.T.);
#1180=ORIENTED_EDGE('',*,*,#2785,.F.);
#1181=ORIENTED_EDGE('',*,*,#3282,.F.);
#1182=ORIENTED_EDGE('',*,*,#3283,.T.);
#1183=ORIENTED_EDGE('',*,*,#3284,.T.);
#1184=ORIENTED_EDGE('',*,*,#2786,.F.);
#1185=ORIENTED_EDGE('',*,*,#3284,.F.);
#1186=ORIENTED_EDGE('',*,*,#3285,.T.);
#1187=ORIENTED_EDGE('',*,*,#3286,.T.);
#1188=ORIENTED_EDGE('',*,*,#2787,.F.);
#1189=ORIENTED_EDGE('',*,*,#3286,.F.);
#1190=ORIENTED_EDGE('',*,*,#3287,.T.);
#1191=ORIENTED_EDGE('',*,*,#3288,.T.);
#1192=ORIENTED_EDGE('',*,*,#2788,.F.);
#1193=ORIENTED_EDGE('',*,*,#3288,.F.);
#1194=ORIENTED_EDGE('',*,*,#3289,.T.);
#1195=ORIENTED_EDGE('',*,*,#3290,.T.);
#1196=ORIENTED_EDGE('',*,*,#2789,.F.);
#1197=ORIENTED_EDGE('',*,*,#3290,.F.);
#1198=ORIENTED_EDGE('',*,*,#3291,.T.);
#1199=ORIENTED_EDGE('',*,*,#3292,.T.);
#1200=ORIENTED_EDGE('',*,*,#2790,.F.);
#1201=ORIENTED_EDGE('',*,*,#3292,.F.);
#1202=ORIENTED_EDGE('',*,*,#3293,.T.);
#1203=ORIENTED_EDGE('',*,*,#3294,.T.);
#1204=ORIENTED_EDGE('',*,*,#2791,.F.);
#1205=ORIENTED_EDGE('',*,*,#3294,.F.);
#1206=ORIENTED_EDGE('',*,*,#3295,.T.);
#1207=ORIENTED_EDGE('',*,*,#3296,.T.);
#1208=ORIENTED_EDGE('',*,*,#2792,.F.);
#1209=ORIENTED_EDGE('',*,*,#3296,.F.);
#1210=ORIENTED_EDGE('',*,*,#3297,.T.);
#1211=ORIENTED_EDGE('',*,*,#3298,.T.);
#1212=ORIENTED_EDGE('',*,*,#2793,.F.);
#1213=ORIENTED_EDGE('',*,*,#3298,.F.);
#1214=ORIENTED_EDGE('',*,*,#3299,.T.);
#1215=ORIENTED_EDGE('',*,*,#3300,.T.);
#1216=ORIENTED_EDGE('',*,*,#2794,.F.);
#1217=ORIENTED_EDGE('',*,*,#3300,.F.);
#1218=ORIENTED_EDGE('',*,*,#3301,.T.);
#1219=ORIENTED_EDGE('',*,*,#3302,.T.);
#1220=ORIENTED_EDGE('',*,*,#2795,.F.);
#1221=ORIENTED_EDGE('',*,*,#3302,.F.);
#1222=ORIENTED_EDGE('',*,*,#3303,.T.);
#1223=ORIENTED_EDGE('',*,*,#3304,.T.);
#1224=ORIENTED_EDGE('',*,*,#2796,.F.);
#1225=ORIENTED_EDGE('',*,*,#3304,.F.);
#1226=ORIENTED_EDGE('',*,*,#3305,.T.);
#1227=ORIENTED_EDGE('',*,*,#3306,.T.);
#1228=ORIENTED_EDGE('',*,*,#2797,.F.);
#1229=ORIENTED_EDGE('',*,*,#3306,.F.);
#1230=ORIENTED_EDGE('',*,*,#3307,.T.);
#1231=ORIENTED_EDGE('',*,*,#3308,.T.);
#1232=ORIENTED_EDGE('',*,*,#2798,.F.);
#1233=ORIENTED_EDGE('',*,*,#3308,.F.);
#1234=ORIENTED_EDGE('',*,*,#3309,.T.);
#1235=ORIENTED_EDGE('',*,*,#3310,.T.);
#1236=ORIENTED_EDGE('',*,*,#2799,.F.);
#1237=ORIENTED_EDGE('',*,*,#3310,.F.);
#1238=ORIENTED_EDGE('',*,*,#3311,.T.);
#1239=ORIENTED_EDGE('',*,*,#3312,.T.);
#1240=ORIENTED_EDGE('',*,*,#2800,.F.);
#1241=ORIENTED_EDGE('',*,*,#3312,.F.);
#1242=ORIENTED_EDGE('',*,*,#3313,.T.);
#1243=ORIENTED_EDGE('',*,*,#3314,.T.);
#1244=ORIENTED_EDGE('',*,*,#2801,.F.);
#1245=ORIENTED_EDGE('',*,*,#3314,.F.);
#1246=ORIENTED_EDGE('',*,*,#3315,.T.);
#1247=ORIENTED_EDGE('',*,*,#3316,.T.);
#1248=ORIENTED_EDGE('',*,*,#2802,.F.);
#1249=ORIENTED_EDGE('',*,*,#3316,.F.);
#1250=ORIENTED_EDGE('',*,*,#3317,.T.);
#1251=ORIENTED_EDGE('',*,*,#3318,.T.);
#1252=ORIENTED_EDGE('',*,*,#2803,.F.);
#1253=ORIENTED_EDGE('',*,*,#3318,.F.);
#1254=ORIENTED_EDGE('',*,*,#3319,.T.);
#1255=ORIENTED_EDGE('',*,*,#3320,.T.);
#1256=ORIENTED_EDGE('',*,*,#2804,.F.);
#1257=ORIENTED_EDGE('',*,*,#3320,.F.);
#1258=ORIENTED_EDGE('',*,*,#3321,.T.);
#1259=ORIENTED_EDGE('',*,*,#3322,.T.);
#1260=ORIENTED_EDGE('',*,*,#2805,.F.);
#1261=ORIENTED_EDGE('',*,*,#3322,.F.);
#1262=ORIENTED_EDGE('',*,*,#3323,.T.);
#1263=ORIENTED_EDGE('',*,*,#3324,.T.);
#1264=ORIENTED_EDGE('',*,*,#2806,.F.);
#1265=ORIENTED_EDGE('',*,*,#3324,.F.);
#1266=ORIENTED_EDGE('',*,*,#3325,.T.);
#1267=ORIENTED_EDGE('',*,*,#3326,.T.);
#1268=ORIENTED_EDGE('',*,*,#2807,.F.);
#1269=ORIENTED_EDGE('',*,*,#3326,.F.);
#1270=ORIENTED_EDGE('',*,*,#3327,.T.);
#1271=ORIENTED_EDGE('',*,*,#3328,.T.);
#1272=ORIENTED_EDGE('',*,*,#2808,.F.);
#1273=ORIENTED_EDGE('',*,*,#3328,.F.);
#1274=ORIENTED_EDGE('',*,*,#3329,.T.);
#1275=ORIENTED_EDGE('',*,*,#3330,.T.);
#1276=ORIENTED_EDGE('',*,*,#2809,.F.);
#1277=ORIENTED_EDGE('',*,*,#3330,.F.);
#1278=ORIENTED_EDGE('',*,*,#3331,.T.);
#1279=ORIENTED_EDGE('',*,*,#3332,.T.);
#1280=ORIENTED_EDGE('',*,*,#2810,.F.);
#1281=ORIENTED_EDGE('',*,*,#3332,.F.);
#1282=ORIENTED_EDGE('',*,*,#3333,.T.);
#1283=ORIENTED_EDGE('',*,*,#3334,.T.);
#1284=ORIENTED_EDGE('',*,*,#2811,.F.);
#1285=ORIENTED_EDGE('',*,*,#3334,.F.);
#1286=ORIENTED_EDGE('',*,*,#3335,.T.);
#1287=ORIENTED_EDGE('',*,*,#3336,.T.);
#1288=ORIENTED_EDGE('',*,*,#2812,.F.);
#1289=ORIENTED_EDGE('',*,*,#3336,.F.);
#1290=ORIENTED_EDGE('',*,*,#3337,.T.);
#1291=ORIENTED_EDGE('',*,*,#3338,.T.);
#1292=ORIENTED_EDGE('',*,*,#2813,.F.);
#1293=ORIENTED_EDGE('',*,*,#3338,.F.);
#1294=ORIENTED_EDGE('',*,*,#3339,.T.);
#1295=ORIENTED_EDGE('',*,*,#3340,.T.);
#1296=ORIENTED_EDGE('',*,*,#2814,.F.);
#1297=ORIENTED_EDGE('',*,*,#3340,.F.);
#1298=ORIENTED_EDGE('',*,*,#3341,.T.);
#1299=ORIENTED_EDGE('',*,*,#3342,.T.);
#1300=ORIENTED_EDGE('',*,*,#2815,.F.);
#1301=ORIENTED_EDGE('',*,*,#3342,.F.);
#1302=ORIENTED_EDGE('',*,*,#3343,.T.);
#1303=ORIENTED_EDGE('',*,*,#3344,.T.);
#1304=ORIENTED_EDGE('',*,*,#2816,.F.);
#1305=ORIENTED_EDGE('',*,*,#3344,.F.);
#1306=ORIENTED_EDGE('',*,*,#3345,.T.);
#1307=ORIENTED_EDGE('',*,*,#3346,.T.);
#1308=ORIENTED_EDGE('',*,*,#2817,.F.);
#1309=ORIENTED_EDGE('',*,*,#3346,.F.);
#1310=ORIENTED_EDGE('',*,*,#3347,.T.);
#1311=ORIENTED_EDGE('',*,*,#3348,.T.);
#1312=ORIENTED_EDGE('',*,*,#2818,.F.);
#1313=ORIENTED_EDGE('',*,*,#3348,.F.);
#1314=ORIENTED_EDGE('',*,*,#3349,.T.);
#1315=ORIENTED_EDGE('',*,*,#3350,.T.);
#1316=ORIENTED_EDGE('',*,*,#2819,.F.);
#1317=ORIENTED_EDGE('',*,*,#3350,.F.);
#1318=ORIENTED_EDGE('',*,*,#3351,.T.);
#1319=ORIENTED_EDGE('',*,*,#3352,.T.);
#1320=ORIENTED_EDGE('',*,*,#2820,.F.);
#1321=ORIENTED_EDGE('',*,*,#3352,.F.);
#1322=ORIENTED_EDGE('',*,*,#3353,.T.);
#1323=ORIENTED_EDGE('',*,*,#3354,.T.);
#1324=ORIENTED_EDGE('',*,*,#2821,.F.);
#1325=ORIENTED_EDGE('',*,*,#3354,.F.);
#1326=ORIENTED_EDGE('',*,*,#3355,.T.);
#1327=ORIENTED_EDGE('',*,*,#3356,.T.);
#1328=ORIENTED_EDGE('',*,*,#2822,.F.);
#1329=ORIENTED_EDGE('',*,*,#3356,.F.);
#1330=ORIENTED_EDGE('',*,*,#3357,.T.);
#1331=ORIENTED_EDGE('',*,*,#3358,.T.);
#1332=ORIENTED_EDGE('',*,*,#2823,.F.);
#1333=ORIENTED_EDGE('',*,*,#3358,.F.);
#1334=ORIENTED_EDGE('',*,*,#3359,.T.);
#1335=ORIENTED_EDGE('',*,*,#3360,.T.);
#1336=ORIENTED_EDGE('',*,*,#2824,.F.);
#1337=ORIENTED_EDGE('',*,*,#3360,.F.);
#1338=ORIENTED_EDGE('',*,*,#3361,.T.);
#1339=ORIENTED_EDGE('',*,*,#3362,.T.);
#1340=ORIENTED_EDGE('',*,*,#2825,.F.);
#1341=ORIENTED_EDGE('',*,*,#3362,.F.);
#1342=ORIENTED_EDGE('',*,*,#3363,.T.);
#1343=ORIENTED_EDGE('',*,*,#3364,.T.);
#1344=ORIENTED_EDGE('',*,*,#2826,.F.);
#1345=ORIENTED_EDGE('',*,*,#3364,.F.);
#1346=ORIENTED_EDGE('',*,*,#3365,.T.);
#1347=ORIENTED_EDGE('',*,*,#3366,.T.);
#1348=ORIENTED_EDGE('',*,*,#2827,.F.);
#1349=ORIENTED_EDGE('',*,*,#3366,.F.);
#1350=ORIENTED_EDGE('',*,*,#3367,.T.);
#1351=ORIENTED_EDGE('',*,*,#3368,.T.);
#1352=ORIENTED_EDGE('',*,*,#2828,.F.);
#1353=ORIENTED_EDGE('',*,*,#3368,.F.);
#1354=ORIENTED_EDGE('',*,*,#3369,.T.);
#1355=ORIENTED_EDGE('',*,*,#3370,.T.);
#1356=ORIENTED_EDGE('',*,*,#2829,.F.);
#1357=ORIENTED_EDGE('',*,*,#3370,.F.);
#1358=ORIENTED_EDGE('',*,*,#3371,.T.);
#1359=ORIENTED_EDGE('',*,*,#3372,.T.);
#1360=ORIENTED_EDGE('',*,*,#2830,.F.);
#1361=ORIENTED_EDGE('',*,*,#3372,.F.);
#1362=ORIENTED_EDGE('',*,*,#3373,.T.);
#1363=ORIENTED_EDGE('',*,*,#3374,.T.);
#1364=ORIENTED_EDGE('',*,*,#2831,.F.);
#1365=ORIENTED_EDGE('',*,*,#3374,.F.);
#1366=ORIENTED_EDGE('',*,*,#3375,.T.);
#1367=ORIENTED_EDGE('',*,*,#3376,.T.);
#1368=ORIENTED_EDGE('',*,*,#2832,.F.);
#1369=ORIENTED_EDGE('',*,*,#3376,.F.);
#1370=ORIENTED_EDGE('',*,*,#3377,.T.);
#1371=ORIENTED_EDGE('',*,*,#3378,.T.);
#1372=ORIENTED_EDGE('',*,*,#2833,.F.);
#1373=ORIENTED_EDGE('',*,*,#3378,.F.);
#1374=ORIENTED_EDGE('',*,*,#3379,.T.);
#1375=ORIENTED_EDGE('',*,*,#3380,.T.);
#1376=ORIENTED_EDGE('',*,*,#2834,.F.);
#1377=ORIENTED_EDGE('',*,*,#3380,.F.);
#1378=ORIENTED_EDGE('',*,*,#3381,.T.);
#1379=ORIENTED_EDGE('',*,*,#3382,.T.);
#1380=ORIENTED_EDGE('',*,*,#2835,.F.);
#1381=ORIENTED_EDGE('',*,*,#3382,.F.);
#1382=ORIENTED_EDGE('',*,*,#3383,.T.);
#1383=ORIENTED_EDGE('',*,*,#3384,.T.);
#1384=ORIENTED_EDGE('',*,*,#2836,.F.);
#1385=ORIENTED_EDGE('',*,*,#3384,.F.);
#1386=ORIENTED_EDGE('',*,*,#3385,.T.);
#1387=ORIENTED_EDGE('',*,*,#3386,.T.);
#1388=ORIENTED_EDGE('',*,*,#2837,.F.);
#1389=ORIENTED_EDGE('',*,*,#3386,.F.);
#1390=ORIENTED_EDGE('',*,*,#3387,.T.);
#1391=ORIENTED_EDGE('',*,*,#3388,.T.);
#1392=ORIENTED_EDGE('',*,*,#2838,.F.);
#1393=ORIENTED_EDGE('',*,*,#3388,.F.);
#1394=ORIENTED_EDGE('',*,*,#3389,.T.);
#1395=ORIENTED_EDGE('',*,*,#3390,.T.);
#1396=ORIENTED_EDGE('',*,*,#2839,.F.);
#1397=ORIENTED_EDGE('',*,*,#3390,.F.);
#1398=ORIENTED_EDGE('',*,*,#3391,.T.);
#1399=ORIENTED_EDGE('',*,*,#3392,.T.);
#1400=ORIENTED_EDGE('',*,*,#2840,.F.);
#1401=ORIENTED_EDGE('',*,*,#3392,.F.);
#1402=ORIENTED_EDGE('',*,*,#3393,.T.);
#1403=ORIENTED_EDGE('',*,*,#3394,.T.);
#1404=ORIENTED_EDGE('',*,*,#2841,.F.);
#1405=ORIENTED_EDGE('',*,*,#3394,.F.);
#1406=ORIENTED_EDGE('',*,*,#3395,.T.);
#1407=ORIENTED_EDGE('',*,*,#3396,.T.);
#1408=ORIENTED_EDGE('',*,*,#2842,.F.);
#1409=ORIENTED_EDGE('',*,*,#3396,.F.);
#1410=ORIENTED_EDGE('',*,*,#3397,.T.);
#1411=ORIENTED_EDGE('',*,*,#3398,.T.);
#1412=ORIENTED_EDGE('',*,*,#2843,.F.);
#1413=ORIENTED_EDGE('',*,*,#3398,.F.);
#1414=ORIENTED_EDGE('',*,*,#3399,.T.);
#1415=ORIENTED_EDGE('',*,*,#3400,.T.);
#1416=ORIENTED_EDGE('',*,*,#2844,.F.);
#1417=ORIENTED_EDGE('',*,*,#3400,.F.);
#1418=ORIENTED_EDGE('',*,*,#3401,.T.);
#1419=ORIENTED_EDGE('',*,*,#3402,.T.);
#1420=ORIENTED_EDGE('',*,*,#2845,.F.);
#1421=ORIENTED_EDGE('',*,*,#3402,.F.);
#1422=ORIENTED_EDGE('',*,*,#3403,.T.);
#1423=ORIENTED_EDGE('',*,*,#3404,.T.);
#1424=ORIENTED_EDGE('',*,*,#2846,.F.);
#1425=ORIENTED_EDGE('',*,*,#3404,.F.);
#1426=ORIENTED_EDGE('',*,*,#3405,.T.);
#1427=ORIENTED_EDGE('',*,*,#3406,.T.);
#1428=ORIENTED_EDGE('',*,*,#2847,.F.);
#1429=ORIENTED_EDGE('',*,*,#3406,.F.);
#1430=ORIENTED_EDGE('',*,*,#3407,.T.);
#1431=ORIENTED_EDGE('',*,*,#3408,.T.);
#1432=ORIENTED_EDGE('',*,*,#2848,.F.);
#1433=ORIENTED_EDGE('',*,*,#3408,.F.);
#1434=ORIENTED_EDGE('',*,*,#3409,.T.);
#1435=ORIENTED_EDGE('',*,*,#3410,.T.);
#1436=ORIENTED_EDGE('',*,*,#2849,.F.);
#1437=ORIENTED_EDGE('',*,*,#3410,.F.);
#1438=ORIENTED_EDGE('',*,*,#3411,.T.);
#1439=ORIENTED_EDGE('',*,*,#3412,.T.);
#1440=ORIENTED_EDGE('',*,*,#2850,.F.);
#1441=ORIENTED_EDGE('',*,*,#3412,.F.);
#1442=ORIENTED_EDGE('',*,*,#3413,.T.);
#1443=ORIENTED_EDGE('',*,*,#3414,.T.);
#1444=ORIENTED_EDGE('',*,*,#2851,.F.);
#1445=ORIENTED_EDGE('',*,*,#3414,.F.);
#1446=ORIENTED_EDGE('',*,*,#3415,.T.);
#1447=ORIENTED_EDGE('',*,*,#3416,.T.);
#1448=ORIENTED_EDGE('',*,*,#2852,.F.);
#1449=ORIENTED_EDGE('',*,*,#3416,.F.);
#1450=ORIENTED_EDGE('',*,*,#3417,.T.);
#1451=ORIENTED_EDGE('',*,*,#3418,.T.);
#1452=ORIENTED_EDGE('',*,*,#2853,.F.);
#1453=ORIENTED_EDGE('',*,*,#3418,.F.);
#1454=ORIENTED_EDGE('',*,*,#3419,.T.);
#1455=ORIENTED_EDGE('',*,*,#3420,.T.);
#1456=ORIENTED_EDGE('',*,*,#2854,.F.);
#1457=ORIENTED_EDGE('',*,*,#3420,.F.);
#1458=ORIENTED_EDGE('',*,*,#3421,.T.);
#1459=ORIENTED_EDGE('',*,*,#3422,.T.);
#1460=ORIENTED_EDGE('',*,*,#2855,.F.);
#1461=ORIENTED_EDGE('',*,*,#3422,.F.);
#1462=ORIENTED_EDGE('',*,*,#3423,.T.);
#1463=ORIENTED_EDGE('',*,*,#3424,.T.);
#1464=ORIENTED_EDGE('',*,*,#2856,.F.);
#1465=ORIENTED_EDGE('',*,*,#3424,.F.);
#1466=ORIENTED_EDGE('',*,*,#3425,.T.);
#1467=ORIENTED_EDGE('',*,*,#3426,.T.);
#1468=ORIENTED_EDGE('',*,*,#2857,.F.);
#1469=ORIENTED_EDGE('',*,*,#3426,.F.);
#1470=ORIENTED_EDGE('',*,*,#3427,.T.);
#1471=ORIENTED_EDGE('',*,*,#3428,.T.);
#1472=ORIENTED_EDGE('',*,*,#2858,.F.);
#1473=ORIENTED_EDGE('',*,*,#3428,.F.);
#1474=ORIENTED_EDGE('',*,*,#3429,.T.);
#1475=ORIENTED_EDGE('',*,*,#3430,.T.);
#1476=ORIENTED_EDGE('',*,*,#2859,.F.);
#1477=ORIENTED_EDGE('',*,*,#3430,.F.);
#1478=ORIENTED_EDGE('',*,*,#3431,.T.);
#1479=ORIENTED_EDGE('',*,*,#3432,.T.);
#1480=ORIENTED_EDGE('',*,*,#2860,.F.);
#1481=ORIENTED_EDGE('',*,*,#3432,.F.);
#1482=ORIENTED_EDGE('',*,*,#3433,.T.);
#1483=ORIENTED_EDGE('',*,*,#3434,.T.);
#1484=ORIENTED_EDGE('',*,*,#2861,.F.);
#1485=ORIENTED_EDGE('',*,*,#3434,.F.);
#1486=ORIENTED_EDGE('',*,*,#3435,.T.);
#1487=ORIENTED_EDGE('',*,*,#3436,.T.);
#1488=ORIENTED_EDGE('',*,*,#2862,.F.);
#1489=ORIENTED_EDGE('',*,*,#3436,.F.);
#1490=ORIENTED_EDGE('',*,*,#3437,.T.);
#1491=ORIENTED_EDGE('',*,*,#3438,.T.);
#1492=ORIENTED_EDGE('',*,*,#2863,.F.);
#1493=ORIENTED_EDGE('',*,*,#3438,.F.);
#1494=ORIENTED_EDGE('',*,*,#3439,.T.);
#1495=ORIENTED_EDGE('',*,*,#3440,.T.);
#1496=ORIENTED_EDGE('',*,*,#2864,.F.);
#1497=ORIENTED_EDGE('',*,*,#3440,.F.);
#1498=ORIENTED_EDGE('',*,*,#3441,.T.);
#1499=ORIENTED_EDGE('',*,*,#3442,.T.);
#1500=ORIENTED_EDGE('',*,*,#2865,.F.);
#1501=ORIENTED_EDGE('',*,*,#3442,.F.);
#1502=ORIENTED_EDGE('',*,*,#3443,.T.);
#1503=ORIENTED_EDGE('',*,*,#3444,.T.);
#1504=ORIENTED_EDGE('',*,*,#2866,.F.);
#1505=ORIENTED_EDGE('',*,*,#3444,.F.);
#1506=ORIENTED_EDGE('',*,*,#3445,.T.);
#1507=ORIENTED_EDGE('',*,*,#3446,.T.);
#1508=ORIENTED_EDGE('',*,*,#2867,.F.);
#1509=ORIENTED_EDGE('',*,*,#3446,.F.);
#1510=ORIENTED_EDGE('',*,*,#3447,.T.);
#1511=ORIENTED_EDGE('',*,*,#3448,.T.);
#1512=ORIENTED_EDGE('',*,*,#2868,.F.);
#1513=ORIENTED_EDGE('',*,*,#3448,.F.);
#1514=ORIENTED_EDGE('',*,*,#3449,.T.);
#1515=ORIENTED_EDGE('',*,*,#3450,.T.);
#1516=ORIENTED_EDGE('',*,*,#2869,.F.);
#1517=ORIENTED_EDGE('',*,*,#3450,.F.);
#1518=ORIENTED_EDGE('',*,*,#3451,.T.);
#1519=ORIENTED_EDGE('',*,*,#3452,.T.);
#1520=ORIENTED_EDGE('',*,*,#2870,.F.);
#1521=ORIENTED_EDGE('',*,*,#3452,.F.);
#1522=ORIENTED_EDGE('',*,*,#3453,.T.);
#1523=ORIENTED_EDGE('',*,*,#3454,.T.);
#1524=ORIENTED_EDGE('',*,*,#2871,.F.);
#1525=ORIENTED_EDGE('',*,*,#3454,.F.);
#1526=ORIENTED_EDGE('',*,*,#3455,.T.);
#1527=ORIENTED_EDGE('',*,*,#3456,.T.);
#1528=ORIENTED_EDGE('',*,*,#2872,.F.);
#1529=ORIENTED_EDGE('',*,*,#3456,.F.);
#1530=ORIENTED_EDGE('',*,*,#3457,.T.);
#1531=ORIENTED_EDGE('',*,*,#3458,.T.);
#1532=ORIENTED_EDGE('',*,*,#2873,.F.);
#1533=ORIENTED_EDGE('',*,*,#3458,.F.);
#1534=ORIENTED_EDGE('',*,*,#3459,.T.);
#1535=ORIENTED_EDGE('',*,*,#3270,.T.);
#1536=ORIENTED_EDGE('',*,*,#3460,.F.);
#1537=ORIENTED_EDGE('',*,*,#3269,.F.);
#1538=ORIENTED_EDGE('',*,*,#3461,.T.);
#1539=ORIENTED_EDGE('',*,*,#3186,.T.);
#1540=ORIENTED_EDGE('',*,*,#3271,.F.);
#1541=ORIENTED_EDGE('',*,*,#3459,.F.);
#1542=ORIENTED_EDGE('',*,*,#3457,.F.);
#1543=ORIENTED_EDGE('',*,*,#3455,.F.);
#1544=ORIENTED_EDGE('',*,*,#3453,.F.);
#1545=ORIENTED_EDGE('',*,*,#3451,.F.);
#1546=ORIENTED_EDGE('',*,*,#3449,.F.);
#1547=ORIENTED_EDGE('',*,*,#3447,.F.);
#1548=ORIENTED_EDGE('',*,*,#3445,.F.);
#1549=ORIENTED_EDGE('',*,*,#3443,.F.);
#1550=ORIENTED_EDGE('',*,*,#3441,.F.);
#1551=ORIENTED_EDGE('',*,*,#3439,.F.);
#1552=ORIENTED_EDGE('',*,*,#3437,.F.);
#1553=ORIENTED_EDGE('',*,*,#3435,.F.);
#1554=ORIENTED_EDGE('',*,*,#3433,.F.);
#1555=ORIENTED_EDGE('',*,*,#3431,.F.);
#1556=ORIENTED_EDGE('',*,*,#3429,.F.);
#1557=ORIENTED_EDGE('',*,*,#3427,.F.);
#1558=ORIENTED_EDGE('',*,*,#3425,.F.);
#1559=ORIENTED_EDGE('',*,*,#3423,.F.);
#1560=ORIENTED_EDGE('',*,*,#3421,.F.);
#1561=ORIENTED_EDGE('',*,*,#3419,.F.);
#1562=ORIENTED_EDGE('',*,*,#3417,.F.);
#1563=ORIENTED_EDGE('',*,*,#3415,.F.);
#1564=ORIENTED_EDGE('',*,*,#3413,.F.);
#1565=ORIENTED_EDGE('',*,*,#3411,.F.);
#1566=ORIENTED_EDGE('',*,*,#3409,.F.);
#1567=ORIENTED_EDGE('',*,*,#3407,.F.);
#1568=ORIENTED_EDGE('',*,*,#3405,.F.);
#1569=ORIENTED_EDGE('',*,*,#3403,.F.);
#1570=ORIENTED_EDGE('',*,*,#3401,.F.);
#1571=ORIENTED_EDGE('',*,*,#3399,.F.);
#1572=ORIENTED_EDGE('',*,*,#3397,.F.);
#1573=ORIENTED_EDGE('',*,*,#3395,.F.);
#1574=ORIENTED_EDGE('',*,*,#3393,.F.);
#1575=ORIENTED_EDGE('',*,*,#3391,.F.);
#1576=ORIENTED_EDGE('',*,*,#3389,.F.);
#1577=ORIENTED_EDGE('',*,*,#3387,.F.);
#1578=ORIENTED_EDGE('',*,*,#3385,.F.);
#1579=ORIENTED_EDGE('',*,*,#3383,.F.);
#1580=ORIENTED_EDGE('',*,*,#3381,.F.);
#1581=ORIENTED_EDGE('',*,*,#3379,.F.);
#1582=ORIENTED_EDGE('',*,*,#3377,.F.);
#1583=ORIENTED_EDGE('',*,*,#3375,.F.);
#1584=ORIENTED_EDGE('',*,*,#3373,.F.);
#1585=ORIENTED_EDGE('',*,*,#3371,.F.);
#1586=ORIENTED_EDGE('',*,*,#3369,.F.);
#1587=ORIENTED_EDGE('',*,*,#3367,.F.);
#1588=ORIENTED_EDGE('',*,*,#3365,.F.);
#1589=ORIENTED_EDGE('',*,*,#3363,.F.);
#1590=ORIENTED_EDGE('',*,*,#3361,.F.);
#1591=ORIENTED_EDGE('',*,*,#3359,.F.);
#1592=ORIENTED_EDGE('',*,*,#3357,.F.);
#1593=ORIENTED_EDGE('',*,*,#3355,.F.);
#1594=ORIENTED_EDGE('',*,*,#3353,.F.);
#1595=ORIENTED_EDGE('',*,*,#3351,.F.);
#1596=ORIENTED_EDGE('',*,*,#3349,.F.);
#1597=ORIENTED_EDGE('',*,*,#3347,.F.);
#1598=ORIENTED_EDGE('',*,*,#3345,.F.);
#1599=ORIENTED_EDGE('',*,*,#3343,.F.);
#1600=ORIENTED_EDGE('',*,*,#3341,.F.);
#1601=ORIENTED_EDGE('',*,*,#3339,.F.);
#1602=ORIENTED_EDGE('',*,*,#3337,.F.);
#1603=ORIENTED_EDGE('',*,*,#3335,.F.);
#1604=ORIENTED_EDGE('',*,*,#3333,.F.);
#1605=ORIENTED_EDGE('',*,*,#3331,.F.);
#1606=ORIENTED_EDGE('',*,*,#3329,.F.);
#1607=ORIENTED_EDGE('',*,*,#3327,.F.);
#1608=ORIENTED_EDGE('',*,*,#3325,.F.);
#1609=ORIENTED_EDGE('',*,*,#3323,.F.);
#1610=ORIENTED_EDGE('',*,*,#3321,.F.);
#1611=ORIENTED_EDGE('',*,*,#3319,.F.);
#1612=ORIENTED_EDGE('',*,*,#3317,.F.);
#1613=ORIENTED_EDGE('',*,*,#3315,.F.);
#1614=ORIENTED_EDGE('',*,*,#3313,.F.);
#1615=ORIENTED_EDGE('',*,*,#3311,.F.);
#1616=ORIENTED_EDGE('',*,*,#3309,.F.);
#1617=ORIENTED_EDGE('',*,*,#3307,.F.);
#1618=ORIENTED_EDGE('',*,*,#3305,.F.);
#1619=ORIENTED_EDGE('',*,*,#3303,.F.);
#1620=ORIENTED_EDGE('',*,*,#3301,.F.);
#1621=ORIENTED_EDGE('',*,*,#3299,.F.);
#1622=ORIENTED_EDGE('',*,*,#3297,.F.);
#1623=ORIENTED_EDGE('',*,*,#3295,.F.);
#1624=ORIENTED_EDGE('',*,*,#3293,.F.);
#1625=ORIENTED_EDGE('',*,*,#3291,.F.);
#1626=ORIENTED_EDGE('',*,*,#3289,.F.);
#1627=ORIENTED_EDGE('',*,*,#3287,.F.);
#1628=ORIENTED_EDGE('',*,*,#3285,.F.);
#1629=ORIENTED_EDGE('',*,*,#3283,.F.);
#1630=ORIENTED_EDGE('',*,*,#3281,.F.);
#1631=ORIENTED_EDGE('',*,*,#3279,.F.);
#1632=ORIENTED_EDGE('',*,*,#3277,.F.);
#1633=ORIENTED_EDGE('',*,*,#3275,.F.);
#1634=ORIENTED_EDGE('',*,*,#3273,.F.);
#1635=ORIENTED_EDGE('',*,*,#3187,.F.);
#1636=ORIENTED_EDGE('',*,*,#3461,.F.);
#1637=ORIENTED_EDGE('',*,*,#3268,.F.);
#1638=ORIENTED_EDGE('',*,*,#3265,.F.);
#1639=ORIENTED_EDGE('',*,*,#3262,.F.);
#1640=ORIENTED_EDGE('',*,*,#3259,.F.);
#1641=ORIENTED_EDGE('',*,*,#3256,.F.);
#1642=ORIENTED_EDGE('',*,*,#3253,.F.);
#1643=ORIENTED_EDGE('',*,*,#3250,.F.);
#1644=ORIENTED_EDGE('',*,*,#3247,.F.);
#1645=ORIENTED_EDGE('',*,*,#3244,.F.);
#1646=ORIENTED_EDGE('',*,*,#3241,.F.);
#1647=ORIENTED_EDGE('',*,*,#3238,.F.);
#1648=ORIENTED_EDGE('',*,*,#3235,.F.);
#1649=ORIENTED_EDGE('',*,*,#3232,.F.);
#1650=ORIENTED_EDGE('',*,*,#3229,.F.);
#1651=ORIENTED_EDGE('',*,*,#3226,.F.);
#1652=ORIENTED_EDGE('',*,*,#3223,.F.);
#1653=ORIENTED_EDGE('',*,*,#3220,.F.);
#1654=ORIENTED_EDGE('',*,*,#3217,.F.);
#1655=ORIENTED_EDGE('',*,*,#3214,.F.);
#1656=ORIENTED_EDGE('',*,*,#3211,.F.);
#1657=ORIENTED_EDGE('',*,*,#3208,.F.);
#1658=ORIENTED_EDGE('',*,*,#3205,.F.);
#1659=ORIENTED_EDGE('',*,*,#3202,.F.);
#1660=ORIENTED_EDGE('',*,*,#3199,.F.);
#1661=ORIENTED_EDGE('',*,*,#3196,.F.);
#1662=ORIENTED_EDGE('',*,*,#3193,.F.);
#1663=ORIENTED_EDGE('',*,*,#3190,.F.);
#1664=ORIENTED_EDGE('',*,*,#2890,.F.);
#1665=ORIENTED_EDGE('',*,*,#3462,.F.);
#1666=ORIENTED_EDGE('',*,*,#3463,.T.);
#1667=ORIENTED_EDGE('',*,*,#3464,.T.);
#1668=ORIENTED_EDGE('',*,*,#2891,.F.);
#1669=ORIENTED_EDGE('',*,*,#3464,.F.);
#1670=ORIENTED_EDGE('',*,*,#3465,.T.);
#1671=ORIENTED_EDGE('',*,*,#3466,.T.);
#1672=ORIENTED_EDGE('',*,*,#2892,.F.);
#1673=ORIENTED_EDGE('',*,*,#3466,.F.);
#1674=ORIENTED_EDGE('',*,*,#3467,.T.);
#1675=ORIENTED_EDGE('',*,*,#3468,.T.);
#1676=ORIENTED_EDGE('',*,*,#2893,.F.);
#1677=ORIENTED_EDGE('',*,*,#3468,.F.);
#1678=ORIENTED_EDGE('',*,*,#3469,.T.);
#1679=ORIENTED_EDGE('',*,*,#3470,.T.);
#1680=ORIENTED_EDGE('',*,*,#2894,.F.);
#1681=ORIENTED_EDGE('',*,*,#3470,.F.);
#1682=ORIENTED_EDGE('',*,*,#3471,.T.);
#1683=ORIENTED_EDGE('',*,*,#3472,.T.);
#1684=ORIENTED_EDGE('',*,*,#2895,.F.);
#1685=ORIENTED_EDGE('',*,*,#3472,.F.);
#1686=ORIENTED_EDGE('',*,*,#3473,.T.);
#1687=ORIENTED_EDGE('',*,*,#3474,.T.);
#1688=ORIENTED_EDGE('',*,*,#2896,.F.);
#1689=ORIENTED_EDGE('',*,*,#3474,.F.);
#1690=ORIENTED_EDGE('',*,*,#3475,.T.);
#1691=ORIENTED_EDGE('',*,*,#3462,.T.);
#1692=ORIENTED_EDGE('',*,*,#3463,.F.);
#1693=ORIENTED_EDGE('',*,*,#3475,.F.);
#1694=ORIENTED_EDGE('',*,*,#3473,.F.);
#1695=ORIENTED_EDGE('',*,*,#3471,.F.);
#1696=ORIENTED_EDGE('',*,*,#3469,.F.);
#1697=ORIENTED_EDGE('',*,*,#3467,.F.);
#1698=ORIENTED_EDGE('',*,*,#3465,.F.);
#1699=ORIENTED_EDGE('',*,*,#3476,.F.);
#1700=ORIENTED_EDGE('',*,*,#3477,.F.);
#1701=ORIENTED_EDGE('',*,*,#3478,.T.);
#1702=ORIENTED_EDGE('',*,*,#3479,.T.);
#1703=ORIENTED_EDGE('',*,*,#3480,.F.);
#1704=ORIENTED_EDGE('',*,*,#3479,.F.);
#1705=ORIENTED_EDGE('',*,*,#3481,.T.);
#1706=ORIENTED_EDGE('',*,*,#3482,.T.);
#1707=ORIENTED_EDGE('',*,*,#3483,.F.);
#1708=ORIENTED_EDGE('',*,*,#3482,.F.);
#1709=ORIENTED_EDGE('',*,*,#3484,.T.);
#1710=ORIENTED_EDGE('',*,*,#3485,.T.);
#1711=ORIENTED_EDGE('',*,*,#3486,.F.);
#1712=ORIENTED_EDGE('',*,*,#3485,.F.);
#1713=ORIENTED_EDGE('',*,*,#3487,.T.);
#1714=ORIENTED_EDGE('',*,*,#3488,.T.);
#1715=ORIENTED_EDGE('',*,*,#3489,.F.);
#1716=ORIENTED_EDGE('',*,*,#3488,.F.);
#1717=ORIENTED_EDGE('',*,*,#3490,.T.);
#1718=ORIENTED_EDGE('',*,*,#3491,.T.);
#1719=ORIENTED_EDGE('',*,*,#3492,.F.);
#1720=ORIENTED_EDGE('',*,*,#3491,.F.);
#1721=ORIENTED_EDGE('',*,*,#3493,.T.);
#1722=ORIENTED_EDGE('',*,*,#3494,.T.);
#1723=ORIENTED_EDGE('',*,*,#3495,.F.);
#1724=ORIENTED_EDGE('',*,*,#3494,.F.);
#1725=ORIENTED_EDGE('',*,*,#3496,.T.);
#1726=ORIENTED_EDGE('',*,*,#3497,.T.);
#1727=ORIENTED_EDGE('',*,*,#3498,.F.);
#1728=ORIENTED_EDGE('',*,*,#3497,.F.);
#1729=ORIENTED_EDGE('',*,*,#3499,.T.);
#1730=ORIENTED_EDGE('',*,*,#3500,.T.);
#1731=ORIENTED_EDGE('',*,*,#3501,.F.);
#1732=ORIENTED_EDGE('',*,*,#3500,.F.);
#1733=ORIENTED_EDGE('',*,*,#3502,.T.);
#1734=ORIENTED_EDGE('',*,*,#3503,.T.);
#1735=ORIENTED_EDGE('',*,*,#3504,.F.);
#1736=ORIENTED_EDGE('',*,*,#3503,.F.);
#1737=ORIENTED_EDGE('',*,*,#3505,.T.);
#1738=ORIENTED_EDGE('',*,*,#3506,.T.);
#1739=ORIENTED_EDGE('',*,*,#3507,.F.);
#1740=ORIENTED_EDGE('',*,*,#3506,.F.);
#1741=ORIENTED_EDGE('',*,*,#3508,.T.);
#1742=ORIENTED_EDGE('',*,*,#3509,.T.);
#1743=ORIENTED_EDGE('',*,*,#3510,.F.);
#1744=ORIENTED_EDGE('',*,*,#3509,.F.);
#1745=ORIENTED_EDGE('',*,*,#3511,.T.);
#1746=ORIENTED_EDGE('',*,*,#3512,.T.);
#1747=ORIENTED_EDGE('',*,*,#3513,.F.);
#1748=ORIENTED_EDGE('',*,*,#3512,.F.);
#1749=ORIENTED_EDGE('',*,*,#3514,.T.);
#1750=ORIENTED_EDGE('',*,*,#3515,.T.);
#1751=ORIENTED_EDGE('',*,*,#3516,.F.);
#1752=ORIENTED_EDGE('',*,*,#3515,.F.);
#1753=ORIENTED_EDGE('',*,*,#3517,.T.);
#1754=ORIENTED_EDGE('',*,*,#3518,.T.);
#1755=ORIENTED_EDGE('',*,*,#3519,.F.);
#1756=ORIENTED_EDGE('',*,*,#3518,.F.);
#1757=ORIENTED_EDGE('',*,*,#3520,.T.);
#1758=ORIENTED_EDGE('',*,*,#3521,.T.);
#1759=ORIENTED_EDGE('',*,*,#3522,.F.);
#1760=ORIENTED_EDGE('',*,*,#3521,.F.);
#1761=ORIENTED_EDGE('',*,*,#3523,.T.);
#1762=ORIENTED_EDGE('',*,*,#3524,.T.);
#1763=ORIENTED_EDGE('',*,*,#3525,.F.);
#1764=ORIENTED_EDGE('',*,*,#3524,.F.);
#1765=ORIENTED_EDGE('',*,*,#3526,.T.);
#1766=ORIENTED_EDGE('',*,*,#3527,.T.);
#1767=ORIENTED_EDGE('',*,*,#3528,.F.);
#1768=ORIENTED_EDGE('',*,*,#3527,.F.);
#1769=ORIENTED_EDGE('',*,*,#3529,.T.);
#1770=ORIENTED_EDGE('',*,*,#3530,.T.);
#1771=ORIENTED_EDGE('',*,*,#3531,.F.);
#1772=ORIENTED_EDGE('',*,*,#3530,.F.);
#1773=ORIENTED_EDGE('',*,*,#3532,.T.);
#1774=ORIENTED_EDGE('',*,*,#3533,.T.);
#1775=ORIENTED_EDGE('',*,*,#3534,.F.);
#1776=ORIENTED_EDGE('',*,*,#3533,.F.);
#1777=ORIENTED_EDGE('',*,*,#3535,.T.);
#1778=ORIENTED_EDGE('',*,*,#3536,.T.);
#1779=ORIENTED_EDGE('',*,*,#3537,.F.);
#1780=ORIENTED_EDGE('',*,*,#3536,.F.);
#1781=ORIENTED_EDGE('',*,*,#3538,.T.);
#1782=ORIENTED_EDGE('',*,*,#3539,.T.);
#1783=ORIENTED_EDGE('',*,*,#3540,.F.);
#1784=ORIENTED_EDGE('',*,*,#3539,.F.);
#1785=ORIENTED_EDGE('',*,*,#3541,.T.);
#1786=ORIENTED_EDGE('',*,*,#3542,.T.);
#1787=ORIENTED_EDGE('',*,*,#3543,.F.);
#1788=ORIENTED_EDGE('',*,*,#3542,.F.);
#1789=ORIENTED_EDGE('',*,*,#3544,.T.);
#1790=ORIENTED_EDGE('',*,*,#3545,.T.);
#1791=ORIENTED_EDGE('',*,*,#3546,.F.);
#1792=ORIENTED_EDGE('',*,*,#3545,.F.);
#1793=ORIENTED_EDGE('',*,*,#3547,.T.);
#1794=ORIENTED_EDGE('',*,*,#3548,.T.);
#1795=ORIENTED_EDGE('',*,*,#3549,.F.);
#1796=ORIENTED_EDGE('',*,*,#3548,.F.);
#1797=ORIENTED_EDGE('',*,*,#3550,.T.);
#1798=ORIENTED_EDGE('',*,*,#3551,.T.);
#1799=ORIENTED_EDGE('',*,*,#3552,.F.);
#1800=ORIENTED_EDGE('',*,*,#3551,.F.);
#1801=ORIENTED_EDGE('',*,*,#3553,.T.);
#1802=ORIENTED_EDGE('',*,*,#3554,.T.);
#1803=ORIENTED_EDGE('',*,*,#3555,.F.);
#1804=ORIENTED_EDGE('',*,*,#3554,.F.);
#1805=ORIENTED_EDGE('',*,*,#3556,.T.);
#1806=ORIENTED_EDGE('',*,*,#3557,.T.);
#1807=ORIENTED_EDGE('',*,*,#3558,.F.);
#1808=ORIENTED_EDGE('',*,*,#3557,.F.);
#1809=ORIENTED_EDGE('',*,*,#3559,.T.);
#1810=ORIENTED_EDGE('',*,*,#3560,.T.);
#1811=ORIENTED_EDGE('',*,*,#2684,.F.);
#1812=ORIENTED_EDGE('',*,*,#3561,.F.);
#1813=ORIENTED_EDGE('',*,*,#3562,.T.);
#1814=ORIENTED_EDGE('',*,*,#3563,.T.);
#1815=ORIENTED_EDGE('',*,*,#2685,.F.);
#1816=ORIENTED_EDGE('',*,*,#3563,.F.);
#1817=ORIENTED_EDGE('',*,*,#3564,.T.);
#1818=ORIENTED_EDGE('',*,*,#3565,.T.);
#1819=ORIENTED_EDGE('',*,*,#2686,.F.);
#1820=ORIENTED_EDGE('',*,*,#3565,.F.);
#1821=ORIENTED_EDGE('',*,*,#3566,.T.);
#1822=ORIENTED_EDGE('',*,*,#3567,.T.);
#1823=ORIENTED_EDGE('',*,*,#2687,.F.);
#1824=ORIENTED_EDGE('',*,*,#3567,.F.);
#1825=ORIENTED_EDGE('',*,*,#3568,.T.);
#1826=ORIENTED_EDGE('',*,*,#3569,.T.);
#1827=ORIENTED_EDGE('',*,*,#2688,.F.);
#1828=ORIENTED_EDGE('',*,*,#3569,.F.);
#1829=ORIENTED_EDGE('',*,*,#3570,.T.);
#1830=ORIENTED_EDGE('',*,*,#3571,.T.);
#1831=ORIENTED_EDGE('',*,*,#2689,.F.);
#1832=ORIENTED_EDGE('',*,*,#3571,.F.);
#1833=ORIENTED_EDGE('',*,*,#3572,.T.);
#1834=ORIENTED_EDGE('',*,*,#3573,.T.);
#1835=ORIENTED_EDGE('',*,*,#2690,.F.);
#1836=ORIENTED_EDGE('',*,*,#3573,.F.);
#1837=ORIENTED_EDGE('',*,*,#3574,.T.);
#1838=ORIENTED_EDGE('',*,*,#3575,.T.);
#1839=ORIENTED_EDGE('',*,*,#2691,.F.);
#1840=ORIENTED_EDGE('',*,*,#3575,.F.);
#1841=ORIENTED_EDGE('',*,*,#3576,.T.);
#1842=ORIENTED_EDGE('',*,*,#3577,.T.);
#1843=ORIENTED_EDGE('',*,*,#2692,.F.);
#1844=ORIENTED_EDGE('',*,*,#3577,.F.);
#1845=ORIENTED_EDGE('',*,*,#3578,.T.);
#1846=ORIENTED_EDGE('',*,*,#3579,.T.);
#1847=ORIENTED_EDGE('',*,*,#2693,.F.);
#1848=ORIENTED_EDGE('',*,*,#3579,.F.);
#1849=ORIENTED_EDGE('',*,*,#3580,.T.);
#1850=ORIENTED_EDGE('',*,*,#3581,.T.);
#1851=ORIENTED_EDGE('',*,*,#2694,.F.);
#1852=ORIENTED_EDGE('',*,*,#3581,.F.);
#1853=ORIENTED_EDGE('',*,*,#3582,.T.);
#1854=ORIENTED_EDGE('',*,*,#3583,.T.);
#1855=ORIENTED_EDGE('',*,*,#2695,.F.);
#1856=ORIENTED_EDGE('',*,*,#3583,.F.);
#1857=ORIENTED_EDGE('',*,*,#3584,.T.);
#1858=ORIENTED_EDGE('',*,*,#3585,.T.);
#1859=ORIENTED_EDGE('',*,*,#2696,.F.);
#1860=ORIENTED_EDGE('',*,*,#3585,.F.);
#1861=ORIENTED_EDGE('',*,*,#3586,.T.);
#1862=ORIENTED_EDGE('',*,*,#3587,.T.);
#1863=ORIENTED_EDGE('',*,*,#2697,.F.);
#1864=ORIENTED_EDGE('',*,*,#3587,.F.);
#1865=ORIENTED_EDGE('',*,*,#3588,.T.);
#1866=ORIENTED_EDGE('',*,*,#3589,.T.);
#1867=ORIENTED_EDGE('',*,*,#2698,.F.);
#1868=ORIENTED_EDGE('',*,*,#3589,.F.);
#1869=ORIENTED_EDGE('',*,*,#3590,.T.);
#1870=ORIENTED_EDGE('',*,*,#3591,.T.);
#1871=ORIENTED_EDGE('',*,*,#2699,.F.);
#1872=ORIENTED_EDGE('',*,*,#3591,.F.);
#1873=ORIENTED_EDGE('',*,*,#3592,.T.);
#1874=ORIENTED_EDGE('',*,*,#3593,.T.);
#1875=ORIENTED_EDGE('',*,*,#2700,.F.);
#1876=ORIENTED_EDGE('',*,*,#3593,.F.);
#1877=ORIENTED_EDGE('',*,*,#3594,.T.);
#1878=ORIENTED_EDGE('',*,*,#3595,.T.);
#1879=ORIENTED_EDGE('',*,*,#2701,.F.);
#1880=ORIENTED_EDGE('',*,*,#3595,.F.);
#1881=ORIENTED_EDGE('',*,*,#3596,.T.);
#1882=ORIENTED_EDGE('',*,*,#3597,.T.);
#1883=ORIENTED_EDGE('',*,*,#2702,.F.);
#1884=ORIENTED_EDGE('',*,*,#3597,.F.);
#1885=ORIENTED_EDGE('',*,*,#3598,.T.);
#1886=ORIENTED_EDGE('',*,*,#3599,.T.);
#1887=ORIENTED_EDGE('',*,*,#2703,.F.);
#1888=ORIENTED_EDGE('',*,*,#3599,.F.);
#1889=ORIENTED_EDGE('',*,*,#3600,.T.);
#1890=ORIENTED_EDGE('',*,*,#3601,.T.);
#1891=ORIENTED_EDGE('',*,*,#2704,.F.);
#1892=ORIENTED_EDGE('',*,*,#3601,.F.);
#1893=ORIENTED_EDGE('',*,*,#3602,.T.);
#1894=ORIENTED_EDGE('',*,*,#3603,.T.);
#1895=ORIENTED_EDGE('',*,*,#2705,.F.);
#1896=ORIENTED_EDGE('',*,*,#3603,.F.);
#1897=ORIENTED_EDGE('',*,*,#3604,.T.);
#1898=ORIENTED_EDGE('',*,*,#3605,.T.);
#1899=ORIENTED_EDGE('',*,*,#2706,.F.);
#1900=ORIENTED_EDGE('',*,*,#3605,.F.);
#1901=ORIENTED_EDGE('',*,*,#3606,.T.);
#1902=ORIENTED_EDGE('',*,*,#3607,.T.);
#1903=ORIENTED_EDGE('',*,*,#2707,.F.);
#1904=ORIENTED_EDGE('',*,*,#3607,.F.);
#1905=ORIENTED_EDGE('',*,*,#3608,.T.);
#1906=ORIENTED_EDGE('',*,*,#3609,.T.);
#1907=ORIENTED_EDGE('',*,*,#2708,.F.);
#1908=ORIENTED_EDGE('',*,*,#3609,.F.);
#1909=ORIENTED_EDGE('',*,*,#3610,.T.);
#1910=ORIENTED_EDGE('',*,*,#3611,.T.);
#1911=ORIENTED_EDGE('',*,*,#2709,.F.);
#1912=ORIENTED_EDGE('',*,*,#3611,.F.);
#1913=ORIENTED_EDGE('',*,*,#3612,.T.);
#1914=ORIENTED_EDGE('',*,*,#3613,.T.);
#1915=ORIENTED_EDGE('',*,*,#2710,.F.);
#1916=ORIENTED_EDGE('',*,*,#3613,.F.);
#1917=ORIENTED_EDGE('',*,*,#3614,.T.);
#1918=ORIENTED_EDGE('',*,*,#3615,.T.);
#1919=ORIENTED_EDGE('',*,*,#2711,.F.);
#1920=ORIENTED_EDGE('',*,*,#3615,.F.);
#1921=ORIENTED_EDGE('',*,*,#3616,.T.);
#1922=ORIENTED_EDGE('',*,*,#3617,.T.);
#1923=ORIENTED_EDGE('',*,*,#2712,.F.);
#1924=ORIENTED_EDGE('',*,*,#3617,.F.);
#1925=ORIENTED_EDGE('',*,*,#3618,.T.);
#1926=ORIENTED_EDGE('',*,*,#3619,.T.);
#1927=ORIENTED_EDGE('',*,*,#2713,.F.);
#1928=ORIENTED_EDGE('',*,*,#3619,.F.);
#1929=ORIENTED_EDGE('',*,*,#3620,.T.);
#1930=ORIENTED_EDGE('',*,*,#3621,.T.);
#1931=ORIENTED_EDGE('',*,*,#2714,.F.);
#1932=ORIENTED_EDGE('',*,*,#3621,.F.);
#1933=ORIENTED_EDGE('',*,*,#3622,.T.);
#1934=ORIENTED_EDGE('',*,*,#3623,.T.);
#1935=ORIENTED_EDGE('',*,*,#2715,.F.);
#1936=ORIENTED_EDGE('',*,*,#3623,.F.);
#1937=ORIENTED_EDGE('',*,*,#3624,.T.);
#1938=ORIENTED_EDGE('',*,*,#3625,.T.);
#1939=ORIENTED_EDGE('',*,*,#2716,.F.);
#1940=ORIENTED_EDGE('',*,*,#3625,.F.);
#1941=ORIENTED_EDGE('',*,*,#3626,.T.);
#1942=ORIENTED_EDGE('',*,*,#3627,.T.);
#1943=ORIENTED_EDGE('',*,*,#2717,.F.);
#1944=ORIENTED_EDGE('',*,*,#3627,.F.);
#1945=ORIENTED_EDGE('',*,*,#3628,.T.);
#1946=ORIENTED_EDGE('',*,*,#3629,.T.);
#1947=ORIENTED_EDGE('',*,*,#2718,.F.);
#1948=ORIENTED_EDGE('',*,*,#3629,.F.);
#1949=ORIENTED_EDGE('',*,*,#3630,.T.);
#1950=ORIENTED_EDGE('',*,*,#3631,.T.);
#1951=ORIENTED_EDGE('',*,*,#2719,.F.);
#1952=ORIENTED_EDGE('',*,*,#3631,.F.);
#1953=ORIENTED_EDGE('',*,*,#3632,.T.);
#1954=ORIENTED_EDGE('',*,*,#3633,.T.);
#1955=ORIENTED_EDGE('',*,*,#2720,.F.);
#1956=ORIENTED_EDGE('',*,*,#3633,.F.);
#1957=ORIENTED_EDGE('',*,*,#3634,.T.);
#1958=ORIENTED_EDGE('',*,*,#3635,.T.);
#1959=ORIENTED_EDGE('',*,*,#2721,.F.);
#1960=ORIENTED_EDGE('',*,*,#3635,.F.);
#1961=ORIENTED_EDGE('',*,*,#3636,.T.);
#1962=ORIENTED_EDGE('',*,*,#3637,.T.);
#1963=ORIENTED_EDGE('',*,*,#2722,.F.);
#1964=ORIENTED_EDGE('',*,*,#3637,.F.);
#1965=ORIENTED_EDGE('',*,*,#3638,.T.);
#1966=ORIENTED_EDGE('',*,*,#3639,.T.);
#1967=ORIENTED_EDGE('',*,*,#2723,.F.);
#1968=ORIENTED_EDGE('',*,*,#3639,.F.);
#1969=ORIENTED_EDGE('',*,*,#3640,.T.);
#1970=ORIENTED_EDGE('',*,*,#3641,.T.);
#1971=ORIENTED_EDGE('',*,*,#2724,.F.);
#1972=ORIENTED_EDGE('',*,*,#3641,.F.);
#1973=ORIENTED_EDGE('',*,*,#3642,.T.);
#1974=ORIENTED_EDGE('',*,*,#3643,.T.);
#1975=ORIENTED_EDGE('',*,*,#2725,.F.);
#1976=ORIENTED_EDGE('',*,*,#3643,.F.);
#1977=ORIENTED_EDGE('',*,*,#3644,.T.);
#1978=ORIENTED_EDGE('',*,*,#3645,.T.);
#1979=ORIENTED_EDGE('',*,*,#2726,.F.);
#1980=ORIENTED_EDGE('',*,*,#3645,.F.);
#1981=ORIENTED_EDGE('',*,*,#3646,.T.);
#1982=ORIENTED_EDGE('',*,*,#3647,.T.);
#1983=ORIENTED_EDGE('',*,*,#2727,.F.);
#1984=ORIENTED_EDGE('',*,*,#3647,.F.);
#1985=ORIENTED_EDGE('',*,*,#3648,.T.);
#1986=ORIENTED_EDGE('',*,*,#3649,.T.);
#1987=ORIENTED_EDGE('',*,*,#2728,.F.);
#1988=ORIENTED_EDGE('',*,*,#3649,.F.);
#1989=ORIENTED_EDGE('',*,*,#3650,.T.);
#1990=ORIENTED_EDGE('',*,*,#3651,.T.);
#1991=ORIENTED_EDGE('',*,*,#2729,.F.);
#1992=ORIENTED_EDGE('',*,*,#3651,.F.);
#1993=ORIENTED_EDGE('',*,*,#3652,.T.);
#1994=ORIENTED_EDGE('',*,*,#3653,.T.);
#1995=ORIENTED_EDGE('',*,*,#2730,.F.);
#1996=ORIENTED_EDGE('',*,*,#3653,.F.);
#1997=ORIENTED_EDGE('',*,*,#3654,.T.);
#1998=ORIENTED_EDGE('',*,*,#3655,.T.);
#1999=ORIENTED_EDGE('',*,*,#2731,.F.);
#2000=ORIENTED_EDGE('',*,*,#3655,.F.);
#2001=ORIENTED_EDGE('',*,*,#3656,.T.);
#2002=ORIENTED_EDGE('',*,*,#3657,.T.);
#2003=ORIENTED_EDGE('',*,*,#2732,.F.);
#2004=ORIENTED_EDGE('',*,*,#3657,.F.);
#2005=ORIENTED_EDGE('',*,*,#3658,.T.);
#2006=ORIENTED_EDGE('',*,*,#3659,.T.);
#2007=ORIENTED_EDGE('',*,*,#2733,.F.);
#2008=ORIENTED_EDGE('',*,*,#3659,.F.);
#2009=ORIENTED_EDGE('',*,*,#3660,.T.);
#2010=ORIENTED_EDGE('',*,*,#3661,.T.);
#2011=ORIENTED_EDGE('',*,*,#2734,.F.);
#2012=ORIENTED_EDGE('',*,*,#3661,.F.);
#2013=ORIENTED_EDGE('',*,*,#3662,.T.);
#2014=ORIENTED_EDGE('',*,*,#3663,.T.);
#2015=ORIENTED_EDGE('',*,*,#2735,.F.);
#2016=ORIENTED_EDGE('',*,*,#3663,.F.);
#2017=ORIENTED_EDGE('',*,*,#3664,.T.);
#2018=ORIENTED_EDGE('',*,*,#3665,.T.);
#2019=ORIENTED_EDGE('',*,*,#2736,.F.);
#2020=ORIENTED_EDGE('',*,*,#3665,.F.);
#2021=ORIENTED_EDGE('',*,*,#3666,.T.);
#2022=ORIENTED_EDGE('',*,*,#3667,.T.);
#2023=ORIENTED_EDGE('',*,*,#2737,.F.);
#2024=ORIENTED_EDGE('',*,*,#3667,.F.);
#2025=ORIENTED_EDGE('',*,*,#3668,.T.);
#2026=ORIENTED_EDGE('',*,*,#3669,.T.);
#2027=ORIENTED_EDGE('',*,*,#2738,.F.);
#2028=ORIENTED_EDGE('',*,*,#3669,.F.);
#2029=ORIENTED_EDGE('',*,*,#3670,.T.);
#2030=ORIENTED_EDGE('',*,*,#3671,.T.);
#2031=ORIENTED_EDGE('',*,*,#2739,.F.);
#2032=ORIENTED_EDGE('',*,*,#3671,.F.);
#2033=ORIENTED_EDGE('',*,*,#3672,.T.);
#2034=ORIENTED_EDGE('',*,*,#3673,.T.);
#2035=ORIENTED_EDGE('',*,*,#2740,.F.);
#2036=ORIENTED_EDGE('',*,*,#3673,.F.);
#2037=ORIENTED_EDGE('',*,*,#3674,.T.);
#2038=ORIENTED_EDGE('',*,*,#3675,.T.);
#2039=ORIENTED_EDGE('',*,*,#2741,.F.);
#2040=ORIENTED_EDGE('',*,*,#3675,.F.);
#2041=ORIENTED_EDGE('',*,*,#3676,.T.);
#2042=ORIENTED_EDGE('',*,*,#3677,.T.);
#2043=ORIENTED_EDGE('',*,*,#2742,.F.);
#2044=ORIENTED_EDGE('',*,*,#3677,.F.);
#2045=ORIENTED_EDGE('',*,*,#3678,.T.);
#2046=ORIENTED_EDGE('',*,*,#3679,.T.);
#2047=ORIENTED_EDGE('',*,*,#2743,.F.);
#2048=ORIENTED_EDGE('',*,*,#3679,.F.);
#2049=ORIENTED_EDGE('',*,*,#3680,.T.);
#2050=ORIENTED_EDGE('',*,*,#3681,.T.);
#2051=ORIENTED_EDGE('',*,*,#2744,.F.);
#2052=ORIENTED_EDGE('',*,*,#3681,.F.);
#2053=ORIENTED_EDGE('',*,*,#3682,.T.);
#2054=ORIENTED_EDGE('',*,*,#3683,.T.);
#2055=ORIENTED_EDGE('',*,*,#2745,.F.);
#2056=ORIENTED_EDGE('',*,*,#3683,.F.);
#2057=ORIENTED_EDGE('',*,*,#3684,.T.);
#2058=ORIENTED_EDGE('',*,*,#3685,.T.);
#2059=ORIENTED_EDGE('',*,*,#2746,.F.);
#2060=ORIENTED_EDGE('',*,*,#3685,.F.);
#2061=ORIENTED_EDGE('',*,*,#3686,.T.);
#2062=ORIENTED_EDGE('',*,*,#3687,.T.);
#2063=ORIENTED_EDGE('',*,*,#2747,.F.);
#2064=ORIENTED_EDGE('',*,*,#3687,.F.);
#2065=ORIENTED_EDGE('',*,*,#3688,.T.);
#2066=ORIENTED_EDGE('',*,*,#3689,.T.);
#2067=ORIENTED_EDGE('',*,*,#2748,.F.);
#2068=ORIENTED_EDGE('',*,*,#3689,.F.);
#2069=ORIENTED_EDGE('',*,*,#3690,.T.);
#2070=ORIENTED_EDGE('',*,*,#3691,.T.);
#2071=ORIENTED_EDGE('',*,*,#2749,.F.);
#2072=ORIENTED_EDGE('',*,*,#3691,.F.);
#2073=ORIENTED_EDGE('',*,*,#3692,.T.);
#2074=ORIENTED_EDGE('',*,*,#3693,.T.);
#2075=ORIENTED_EDGE('',*,*,#2750,.F.);
#2076=ORIENTED_EDGE('',*,*,#3693,.F.);
#2077=ORIENTED_EDGE('',*,*,#3694,.T.);
#2078=ORIENTED_EDGE('',*,*,#3695,.T.);
#2079=ORIENTED_EDGE('',*,*,#2751,.F.);
#2080=ORIENTED_EDGE('',*,*,#3695,.F.);
#2081=ORIENTED_EDGE('',*,*,#3696,.T.);
#2082=ORIENTED_EDGE('',*,*,#3697,.T.);
#2083=ORIENTED_EDGE('',*,*,#2752,.F.);
#2084=ORIENTED_EDGE('',*,*,#3697,.F.);
#2085=ORIENTED_EDGE('',*,*,#3698,.T.);
#2086=ORIENTED_EDGE('',*,*,#3699,.T.);
#2087=ORIENTED_EDGE('',*,*,#2753,.F.);
#2088=ORIENTED_EDGE('',*,*,#3699,.F.);
#2089=ORIENTED_EDGE('',*,*,#3700,.T.);
#2090=ORIENTED_EDGE('',*,*,#3701,.T.);
#2091=ORIENTED_EDGE('',*,*,#2754,.F.);
#2092=ORIENTED_EDGE('',*,*,#3701,.F.);
#2093=ORIENTED_EDGE('',*,*,#3702,.T.);
#2094=ORIENTED_EDGE('',*,*,#3703,.T.);
#2095=ORIENTED_EDGE('',*,*,#2755,.F.);
#2096=ORIENTED_EDGE('',*,*,#3703,.F.);
#2097=ORIENTED_EDGE('',*,*,#3704,.T.);
#2098=ORIENTED_EDGE('',*,*,#3705,.T.);
#2099=ORIENTED_EDGE('',*,*,#2756,.F.);
#2100=ORIENTED_EDGE('',*,*,#3705,.F.);
#2101=ORIENTED_EDGE('',*,*,#3706,.T.);
#2102=ORIENTED_EDGE('',*,*,#3707,.T.);
#2103=ORIENTED_EDGE('',*,*,#2757,.F.);
#2104=ORIENTED_EDGE('',*,*,#3707,.F.);
#2105=ORIENTED_EDGE('',*,*,#3708,.T.);
#2106=ORIENTED_EDGE('',*,*,#3709,.T.);
#2107=ORIENTED_EDGE('',*,*,#2758,.F.);
#2108=ORIENTED_EDGE('',*,*,#3709,.F.);
#2109=ORIENTED_EDGE('',*,*,#3710,.T.);
#2110=ORIENTED_EDGE('',*,*,#3711,.T.);
#2111=ORIENTED_EDGE('',*,*,#2759,.F.);
#2112=ORIENTED_EDGE('',*,*,#3711,.F.);
#2113=ORIENTED_EDGE('',*,*,#3712,.T.);
#2114=ORIENTED_EDGE('',*,*,#3713,.T.);
#2115=ORIENTED_EDGE('',*,*,#2760,.F.);
#2116=ORIENTED_EDGE('',*,*,#3713,.F.);
#2117=ORIENTED_EDGE('',*,*,#3714,.T.);
#2118=ORIENTED_EDGE('',*,*,#3715,.T.);
#2119=ORIENTED_EDGE('',*,*,#2761,.F.);
#2120=ORIENTED_EDGE('',*,*,#3715,.F.);
#2121=ORIENTED_EDGE('',*,*,#3716,.T.);
#2122=ORIENTED_EDGE('',*,*,#3717,.T.);
#2123=ORIENTED_EDGE('',*,*,#2762,.F.);
#2124=ORIENTED_EDGE('',*,*,#3717,.F.);
#2125=ORIENTED_EDGE('',*,*,#3718,.T.);
#2126=ORIENTED_EDGE('',*,*,#3719,.T.);
#2127=ORIENTED_EDGE('',*,*,#2763,.F.);
#2128=ORIENTED_EDGE('',*,*,#3719,.F.);
#2129=ORIENTED_EDGE('',*,*,#3720,.T.);
#2130=ORIENTED_EDGE('',*,*,#3721,.T.);
#2131=ORIENTED_EDGE('',*,*,#2764,.F.);
#2132=ORIENTED_EDGE('',*,*,#3721,.F.);
#2133=ORIENTED_EDGE('',*,*,#3722,.T.);
#2134=ORIENTED_EDGE('',*,*,#3723,.T.);
#2135=ORIENTED_EDGE('',*,*,#2765,.F.);
#2136=ORIENTED_EDGE('',*,*,#3723,.F.);
#2137=ORIENTED_EDGE('',*,*,#3724,.T.);
#2138=ORIENTED_EDGE('',*,*,#3725,.T.);
#2139=ORIENTED_EDGE('',*,*,#2766,.F.);
#2140=ORIENTED_EDGE('',*,*,#3725,.F.);
#2141=ORIENTED_EDGE('',*,*,#3726,.T.);
#2142=ORIENTED_EDGE('',*,*,#3727,.T.);
#2143=ORIENTED_EDGE('',*,*,#2767,.F.);
#2144=ORIENTED_EDGE('',*,*,#3727,.F.);
#2145=ORIENTED_EDGE('',*,*,#3728,.T.);
#2146=ORIENTED_EDGE('',*,*,#3729,.T.);
#2147=ORIENTED_EDGE('',*,*,#2768,.F.);
#2148=ORIENTED_EDGE('',*,*,#3729,.F.);
#2149=ORIENTED_EDGE('',*,*,#3730,.T.);
#2150=ORIENTED_EDGE('',*,*,#3731,.T.);
#2151=ORIENTED_EDGE('',*,*,#2769,.F.);
#2152=ORIENTED_EDGE('',*,*,#3731,.F.);
#2153=ORIENTED_EDGE('',*,*,#3732,.T.);
#2154=ORIENTED_EDGE('',*,*,#3733,.T.);
#2155=ORIENTED_EDGE('',*,*,#2770,.F.);
#2156=ORIENTED_EDGE('',*,*,#3733,.F.);
#2157=ORIENTED_EDGE('',*,*,#3734,.T.);
#2158=ORIENTED_EDGE('',*,*,#3735,.T.);
#2159=ORIENTED_EDGE('',*,*,#2771,.F.);
#2160=ORIENTED_EDGE('',*,*,#3735,.F.);
#2161=ORIENTED_EDGE('',*,*,#3736,.T.);
#2162=ORIENTED_EDGE('',*,*,#3737,.T.);
#2163=ORIENTED_EDGE('',*,*,#2772,.F.);
#2164=ORIENTED_EDGE('',*,*,#3737,.F.);
#2165=ORIENTED_EDGE('',*,*,#3738,.T.);
#2166=ORIENTED_EDGE('',*,*,#3739,.T.);
#2167=ORIENTED_EDGE('',*,*,#2773,.F.);
#2168=ORIENTED_EDGE('',*,*,#3739,.F.);
#2169=ORIENTED_EDGE('',*,*,#3740,.T.);
#2170=ORIENTED_EDGE('',*,*,#3741,.T.);
#2171=ORIENTED_EDGE('',*,*,#2774,.F.);
#2172=ORIENTED_EDGE('',*,*,#3741,.F.);
#2173=ORIENTED_EDGE('',*,*,#3742,.T.);
#2174=ORIENTED_EDGE('',*,*,#3743,.T.);
#2175=ORIENTED_EDGE('',*,*,#2775,.F.);
#2176=ORIENTED_EDGE('',*,*,#3743,.F.);
#2177=ORIENTED_EDGE('',*,*,#3744,.T.);
#2178=ORIENTED_EDGE('',*,*,#3745,.T.);
#2179=ORIENTED_EDGE('',*,*,#2776,.F.);
#2180=ORIENTED_EDGE('',*,*,#3745,.F.);
#2181=ORIENTED_EDGE('',*,*,#3746,.T.);
#2182=ORIENTED_EDGE('',*,*,#3747,.T.);
#2183=ORIENTED_EDGE('',*,*,#2777,.F.);
#2184=ORIENTED_EDGE('',*,*,#3747,.F.);
#2185=ORIENTED_EDGE('',*,*,#3748,.T.);
#2186=ORIENTED_EDGE('',*,*,#3749,.T.);
#2187=ORIENTED_EDGE('',*,*,#2778,.F.);
#2188=ORIENTED_EDGE('',*,*,#3749,.F.);
#2189=ORIENTED_EDGE('',*,*,#3750,.T.);
#2190=ORIENTED_EDGE('',*,*,#3561,.T.);
#2191=ORIENTED_EDGE('',*,*,#3751,.F.);
#2192=ORIENTED_EDGE('',*,*,#3560,.F.);
#2193=ORIENTED_EDGE('',*,*,#3752,.T.);
#2194=ORIENTED_EDGE('',*,*,#3477,.T.);
#2195=ORIENTED_EDGE('',*,*,#3562,.F.);
#2196=ORIENTED_EDGE('',*,*,#3750,.F.);
#2197=ORIENTED_EDGE('',*,*,#3748,.F.);
#2198=ORIENTED_EDGE('',*,*,#3746,.F.);
#2199=ORIENTED_EDGE('',*,*,#3744,.F.);
#2200=ORIENTED_EDGE('',*,*,#3742,.F.);
#2201=ORIENTED_EDGE('',*,*,#3740,.F.);
#2202=ORIENTED_EDGE('',*,*,#3738,.F.);
#2203=ORIENTED_EDGE('',*,*,#3736,.F.);
#2204=ORIENTED_EDGE('',*,*,#3734,.F.);
#2205=ORIENTED_EDGE('',*,*,#3732,.F.);
#2206=ORIENTED_EDGE('',*,*,#3730,.F.);
#2207=ORIENTED_EDGE('',*,*,#3728,.F.);
#2208=ORIENTED_EDGE('',*,*,#3726,.F.);
#2209=ORIENTED_EDGE('',*,*,#3724,.F.);
#2210=ORIENTED_EDGE('',*,*,#3722,.F.);
#2211=ORIENTED_EDGE('',*,*,#3720,.F.);
#2212=ORIENTED_EDGE('',*,*,#3718,.F.);
#2213=ORIENTED_EDGE('',*,*,#3716,.F.);
#2214=ORIENTED_EDGE('',*,*,#3714,.F.);
#2215=ORIENTED_EDGE('',*,*,#3712,.F.);
#2216=ORIENTED_EDGE('',*,*,#3710,.F.);
#2217=ORIENTED_EDGE('',*,*,#3708,.F.);
#2218=ORIENTED_EDGE('',*,*,#3706,.F.);
#2219=ORIENTED_EDGE('',*,*,#3704,.F.);
#2220=ORIENTED_EDGE('',*,*,#3702,.F.);
#2221=ORIENTED_EDGE('',*,*,#3700,.F.);
#2222=ORIENTED_EDGE('',*,*,#3698,.F.);
#2223=ORIENTED_EDGE('',*,*,#3696,.F.);
#2224=ORIENTED_EDGE('',*,*,#3694,.F.);
#2225=ORIENTED_EDGE('',*,*,#3692,.F.);
#2226=ORIENTED_EDGE('',*,*,#3690,.F.);
#2227=ORIENTED_EDGE('',*,*,#3688,.F.);
#2228=ORIENTED_EDGE('',*,*,#3686,.F.);
#2229=ORIENTED_EDGE('',*,*,#3684,.F.);
#2230=ORIENTED_EDGE('',*,*,#3682,.F.);
#2231=ORIENTED_EDGE('',*,*,#3680,.F.);
#2232=ORIENTED_EDGE('',*,*,#3678,.F.);
#2233=ORIENTED_EDGE('',*,*,#3676,.F.);
#2234=ORIENTED_EDGE('',*,*,#3674,.F.);
#2235=ORIENTED_EDGE('',*,*,#3672,.F.);
#2236=ORIENTED_EDGE('',*,*,#3670,.F.);
#2237=ORIENTED_EDGE('',*,*,#3668,.F.);
#2238=ORIENTED_EDGE('',*,*,#3666,.F.);
#2239=ORIENTED_EDGE('',*,*,#3664,.F.);
#2240=ORIENTED_EDGE('',*,*,#3662,.F.);
#2241=ORIENTED_EDGE('',*,*,#3660,.F.);
#2242=ORIENTED_EDGE('',*,*,#3658,.F.);
#2243=ORIENTED_EDGE('',*,*,#3656,.F.);
#2244=ORIENTED_EDGE('',*,*,#3654,.F.);
#2245=ORIENTED_EDGE('',*,*,#3652,.F.);
#2246=ORIENTED_EDGE('',*,*,#3650,.F.);
#2247=ORIENTED_EDGE('',*,*,#3648,.F.);
#2248=ORIENTED_EDGE('',*,*,#3646,.F.);
#2249=ORIENTED_EDGE('',*,*,#3644,.F.);
#2250=ORIENTED_EDGE('',*,*,#3642,.F.);
#2251=ORIENTED_EDGE('',*,*,#3640,.F.);
#2252=ORIENTED_EDGE('',*,*,#3638,.F.);
#2253=ORIENTED_EDGE('',*,*,#3636,.F.);
#2254=ORIENTED_EDGE('',*,*,#3634,.F.);
#2255=ORIENTED_EDGE('',*,*,#3632,.F.);
#2256=ORIENTED_EDGE('',*,*,#3630,.F.);
#2257=ORIENTED_EDGE('',*,*,#3628,.F.);
#2258=ORIENTED_EDGE('',*,*,#3626,.F.);
#2259=ORIENTED_EDGE('',*,*,#3624,.F.);
#2260=ORIENTED_EDGE('',*,*,#3622,.F.);
#2261=ORIENTED_EDGE('',*,*,#3620,.F.);
#2262=ORIENTED_EDGE('',*,*,#3618,.F.);
#2263=ORIENTED_EDGE('',*,*,#3616,.F.);
#2264=ORIENTED_EDGE('',*,*,#3614,.F.);
#2265=ORIENTED_EDGE('',*,*,#3612,.F.);
#2266=ORIENTED_EDGE('',*,*,#3610,.F.);
#2267=ORIENTED_EDGE('',*,*,#3608,.F.);
#2268=ORIENTED_EDGE('',*,*,#3606,.F.);
#2269=ORIENTED_EDGE('',*,*,#3604,.F.);
#2270=ORIENTED_EDGE('',*,*,#3602,.F.);
#2271=ORIENTED_EDGE('',*,*,#3600,.F.);
#2272=ORIENTED_EDGE('',*,*,#3598,.F.);
#2273=ORIENTED_EDGE('',*,*,#3596,.F.);
#2274=ORIENTED_EDGE('',*,*,#3594,.F.);
#2275=ORIENTED_EDGE('',*,*,#3592,.F.);
#2276=ORIENTED_EDGE('',*,*,#3590,.F.);
#2277=ORIENTED_EDGE('',*,*,#3588,.F.);
#2278=ORIENTED_EDGE('',*,*,#3586,.F.);
#2279=ORIENTED_EDGE('',*,*,#3584,.F.);
#2280=ORIENTED_EDGE('',*,*,#3582,.F.);
#2281=ORIENTED_EDGE('',*,*,#3580,.F.);
#2282=ORIENTED_EDGE('',*,*,#3578,.F.);
#2283=ORIENTED_EDGE('',*,*,#3576,.F.);
#2284=ORIENTED_EDGE('',*,*,#3574,.F.);
#2285=ORIENTED_EDGE('',*,*,#3572,.F.);
#2286=ORIENTED_EDGE('',*,*,#3570,.F.);
#2287=ORIENTED_EDGE('',*,*,#3568,.F.);
#2288=ORIENTED_EDGE('',*,*,#3566,.F.);
#2289=ORIENTED_EDGE('',*,*,#3564,.F.);
#2290=ORIENTED_EDGE('',*,*,#3478,.F.);
#2291=ORIENTED_EDGE('',*,*,#3752,.F.);
#2292=ORIENTED_EDGE('',*,*,#3559,.F.);
#2293=ORIENTED_EDGE('',*,*,#3556,.F.);
#2294=ORIENTED_EDGE('',*,*,#3553,.F.);
#2295=ORIENTED_EDGE('',*,*,#3550,.F.);
#2296=ORIENTED_EDGE('',*,*,#3547,.F.);
#2297=ORIENTED_EDGE('',*,*,#3544,.F.);
#2298=ORIENTED_EDGE('',*,*,#3541,.F.);
#2299=ORIENTED_EDGE('',*,*,#3538,.F.);
#2300=ORIENTED_EDGE('',*,*,#3535,.F.);
#2301=ORIENTED_EDGE('',*,*,#3532,.F.);
#2302=ORIENTED_EDGE('',*,*,#3529,.F.);
#2303=ORIENTED_EDGE('',*,*,#3526,.F.);
#2304=ORIENTED_EDGE('',*,*,#3523,.F.);
#2305=ORIENTED_EDGE('',*,*,#3520,.F.);
#2306=ORIENTED_EDGE('',*,*,#3517,.F.);
#2307=ORIENTED_EDGE('',*,*,#3514,.F.);
#2308=ORIENTED_EDGE('',*,*,#3511,.F.);
#2309=ORIENTED_EDGE('',*,*,#3508,.F.);
#2310=ORIENTED_EDGE('',*,*,#3505,.F.);
#2311=ORIENTED_EDGE('',*,*,#3502,.F.);
#2312=ORIENTED_EDGE('',*,*,#3499,.F.);
#2313=ORIENTED_EDGE('',*,*,#3496,.F.);
#2314=ORIENTED_EDGE('',*,*,#3493,.F.);
#2315=ORIENTED_EDGE('',*,*,#3490,.F.);
#2316=ORIENTED_EDGE('',*,*,#3487,.F.);
#2317=ORIENTED_EDGE('',*,*,#3484,.F.);
#2318=ORIENTED_EDGE('',*,*,#3481,.F.);
#2319=ORIENTED_EDGE('',*,*,#2897,.F.);
#2320=ORIENTED_EDGE('',*,*,#3753,.F.);
#2321=ORIENTED_EDGE('',*,*,#3754,.T.);
#2322=ORIENTED_EDGE('',*,*,#3755,.T.);
#2323=ORIENTED_EDGE('',*,*,#2898,.F.);
#2324=ORIENTED_EDGE('',*,*,#3755,.F.);
#2325=ORIENTED_EDGE('',*,*,#3756,.T.);
#2326=ORIENTED_EDGE('',*,*,#3757,.T.);
#2327=ORIENTED_EDGE('',*,*,#2899,.F.);
#2328=ORIENTED_EDGE('',*,*,#3757,.F.);
#2329=ORIENTED_EDGE('',*,*,#3758,.T.);
#2330=ORIENTED_EDGE('',*,*,#3759,.T.);
#2331=ORIENTED_EDGE('',*,*,#2900,.F.);
#2332=ORIENTED_EDGE('',*,*,#3759,.F.);
#2333=ORIENTED_EDGE('',*,*,#3760,.T.);
#2334=ORIENTED_EDGE('',*,*,#3761,.T.);
#2335=ORIENTED_EDGE('',*,*,#2901,.F.);
#2336=ORIENTED_EDGE('',*,*,#3761,.F.);
#2337=ORIENTED_EDGE('',*,*,#3762,.T.);
#2338=ORIENTED_EDGE('',*,*,#3763,.T.);
#2339=ORIENTED_EDGE('',*,*,#2902,.F.);
#2340=ORIENTED_EDGE('',*,*,#3763,.F.);
#2341=ORIENTED_EDGE('',*,*,#3764,.T.);
#2342=ORIENTED_EDGE('',*,*,#3765,.T.);
#2343=ORIENTED_EDGE('',*,*,#2903,.F.);
#2344=ORIENTED_EDGE('',*,*,#3765,.F.);
#2345=ORIENTED_EDGE('',*,*,#3766,.T.);
#2346=ORIENTED_EDGE('',*,*,#3767,.T.);
#2347=ORIENTED_EDGE('',*,*,#2904,.F.);
#2348=ORIENTED_EDGE('',*,*,#3767,.F.);
#2349=ORIENTED_EDGE('',*,*,#3768,.T.);
#2350=ORIENTED_EDGE('',*,*,#3769,.T.);
#2351=ORIENTED_EDGE('',*,*,#2905,.F.);
#2352=ORIENTED_EDGE('',*,*,#3769,.F.);
#2353=ORIENTED_EDGE('',*,*,#3770,.T.);
#2354=ORIENTED_EDGE('',*,*,#3771,.T.);
#2355=ORIENTED_EDGE('',*,*,#2906,.F.);
#2356=ORIENTED_EDGE('',*,*,#3771,.F.);
#2357=ORIENTED_EDGE('',*,*,#3772,.T.);
#2358=ORIENTED_EDGE('',*,*,#3773,.T.);
#2359=ORIENTED_EDGE('',*,*,#2907,.F.);
#2360=ORIENTED_EDGE('',*,*,#3773,.F.);
#2361=ORIENTED_EDGE('',*,*,#3774,.T.);
#2362=ORIENTED_EDGE('',*,*,#3775,.T.);
#2363=ORIENTED_EDGE('',*,*,#2908,.F.);
#2364=ORIENTED_EDGE('',*,*,#3775,.F.);
#2365=ORIENTED_EDGE('',*,*,#3776,.T.);
#2366=ORIENTED_EDGE('',*,*,#3777,.T.);
#2367=ORIENTED_EDGE('',*,*,#2909,.F.);
#2368=ORIENTED_EDGE('',*,*,#3777,.F.);
#2369=ORIENTED_EDGE('',*,*,#3778,.T.);
#2370=ORIENTED_EDGE('',*,*,#3779,.T.);
#2371=ORIENTED_EDGE('',*,*,#2910,.F.);
#2372=ORIENTED_EDGE('',*,*,#3779,.F.);
#2373=ORIENTED_EDGE('',*,*,#3780,.T.);
#2374=ORIENTED_EDGE('',*,*,#3781,.T.);
#2375=ORIENTED_EDGE('',*,*,#2911,.F.);
#2376=ORIENTED_EDGE('',*,*,#3781,.F.);
#2377=ORIENTED_EDGE('',*,*,#3782,.T.);
#2378=ORIENTED_EDGE('',*,*,#3783,.T.);
#2379=ORIENTED_EDGE('',*,*,#2912,.F.);
#2380=ORIENTED_EDGE('',*,*,#3783,.F.);
#2381=ORIENTED_EDGE('',*,*,#3784,.T.);
#2382=ORIENTED_EDGE('',*,*,#3785,.T.);
#2383=ORIENTED_EDGE('',*,*,#2913,.F.);
#2384=ORIENTED_EDGE('',*,*,#3785,.F.);
#2385=ORIENTED_EDGE('',*,*,#3786,.T.);
#2386=ORIENTED_EDGE('',*,*,#3787,.T.);
#2387=ORIENTED_EDGE('',*,*,#2914,.F.);
#2388=ORIENTED_EDGE('',*,*,#3787,.F.);
#2389=ORIENTED_EDGE('',*,*,#3788,.T.);
#2390=ORIENTED_EDGE('',*,*,#3789,.T.);
#2391=ORIENTED_EDGE('',*,*,#2915,.F.);
#2392=ORIENTED_EDGE('',*,*,#3789,.F.);
#2393=ORIENTED_EDGE('',*,*,#3790,.T.);
#2394=ORIENTED_EDGE('',*,*,#3791,.T.);
#2395=ORIENTED_EDGE('',*,*,#2916,.F.);
#2396=ORIENTED_EDGE('',*,*,#3791,.F.);
#2397=ORIENTED_EDGE('',*,*,#3792,.T.);
#2398=ORIENTED_EDGE('',*,*,#3793,.T.);
#2399=ORIENTED_EDGE('',*,*,#2917,.F.);
#2400=ORIENTED_EDGE('',*,*,#3793,.F.);
#2401=ORIENTED_EDGE('',*,*,#3794,.T.);
#2402=ORIENTED_EDGE('',*,*,#3795,.T.);
#2403=ORIENTED_EDGE('',*,*,#2918,.F.);
#2404=ORIENTED_EDGE('',*,*,#3795,.F.);
#2405=ORIENTED_EDGE('',*,*,#3796,.T.);
#2406=ORIENTED_EDGE('',*,*,#3797,.T.);
#2407=ORIENTED_EDGE('',*,*,#2919,.F.);
#2408=ORIENTED_EDGE('',*,*,#3797,.F.);
#2409=ORIENTED_EDGE('',*,*,#3798,.T.);
#2410=ORIENTED_EDGE('',*,*,#3799,.T.);
#2411=ORIENTED_EDGE('',*,*,#2920,.F.);
#2412=ORIENTED_EDGE('',*,*,#3799,.F.);
#2413=ORIENTED_EDGE('',*,*,#3800,.T.);
#2414=ORIENTED_EDGE('',*,*,#3801,.T.);
#2415=ORIENTED_EDGE('',*,*,#2921,.F.);
#2416=ORIENTED_EDGE('',*,*,#3801,.F.);
#2417=ORIENTED_EDGE('',*,*,#3802,.T.);
#2418=ORIENTED_EDGE('',*,*,#3803,.T.);
#2419=ORIENTED_EDGE('',*,*,#2922,.F.);
#2420=ORIENTED_EDGE('',*,*,#3803,.F.);
#2421=ORIENTED_EDGE('',*,*,#3804,.T.);
#2422=ORIENTED_EDGE('',*,*,#3805,.T.);
#2423=ORIENTED_EDGE('',*,*,#2923,.F.);
#2424=ORIENTED_EDGE('',*,*,#3805,.F.);
#2425=ORIENTED_EDGE('',*,*,#3806,.T.);
#2426=ORIENTED_EDGE('',*,*,#3807,.T.);
#2427=ORIENTED_EDGE('',*,*,#2924,.F.);
#2428=ORIENTED_EDGE('',*,*,#3807,.F.);
#2429=ORIENTED_EDGE('',*,*,#3808,.T.);
#2430=ORIENTED_EDGE('',*,*,#3809,.T.);
#2431=ORIENTED_EDGE('',*,*,#2925,.F.);
#2432=ORIENTED_EDGE('',*,*,#3809,.F.);
#2433=ORIENTED_EDGE('',*,*,#3810,.T.);
#2434=ORIENTED_EDGE('',*,*,#3811,.T.);
#2435=ORIENTED_EDGE('',*,*,#2926,.F.);
#2436=ORIENTED_EDGE('',*,*,#3811,.F.);
#2437=ORIENTED_EDGE('',*,*,#3812,.T.);
#2438=ORIENTED_EDGE('',*,*,#3813,.T.);
#2439=ORIENTED_EDGE('',*,*,#2927,.F.);
#2440=ORIENTED_EDGE('',*,*,#3813,.F.);
#2441=ORIENTED_EDGE('',*,*,#3814,.T.);
#2442=ORIENTED_EDGE('',*,*,#3815,.T.);
#2443=ORIENTED_EDGE('',*,*,#2928,.F.);
#2444=ORIENTED_EDGE('',*,*,#3815,.F.);
#2445=ORIENTED_EDGE('',*,*,#3816,.T.);
#2446=ORIENTED_EDGE('',*,*,#3817,.T.);
#2447=ORIENTED_EDGE('',*,*,#2929,.F.);
#2448=ORIENTED_EDGE('',*,*,#3817,.F.);
#2449=ORIENTED_EDGE('',*,*,#3818,.T.);
#2450=ORIENTED_EDGE('',*,*,#3819,.T.);
#2451=ORIENTED_EDGE('',*,*,#2930,.F.);
#2452=ORIENTED_EDGE('',*,*,#3819,.F.);
#2453=ORIENTED_EDGE('',*,*,#3820,.T.);
#2454=ORIENTED_EDGE('',*,*,#3821,.T.);
#2455=ORIENTED_EDGE('',*,*,#2931,.F.);
#2456=ORIENTED_EDGE('',*,*,#3821,.F.);
#2457=ORIENTED_EDGE('',*,*,#3822,.T.);
#2458=ORIENTED_EDGE('',*,*,#3823,.T.);
#2459=ORIENTED_EDGE('',*,*,#2932,.F.);
#2460=ORIENTED_EDGE('',*,*,#3823,.F.);
#2461=ORIENTED_EDGE('',*,*,#3824,.T.);
#2462=ORIENTED_EDGE('',*,*,#3825,.T.);
#2463=ORIENTED_EDGE('',*,*,#2933,.F.);
#2464=ORIENTED_EDGE('',*,*,#3825,.F.);
#2465=ORIENTED_EDGE('',*,*,#3826,.T.);
#2466=ORIENTED_EDGE('',*,*,#3827,.T.);
#2467=ORIENTED_EDGE('',*,*,#2934,.F.);
#2468=ORIENTED_EDGE('',*,*,#3827,.F.);
#2469=ORIENTED_EDGE('',*,*,#3828,.T.);
#2470=ORIENTED_EDGE('',*,*,#3829,.T.);
#2471=ORIENTED_EDGE('',*,*,#2935,.F.);
#2472=ORIENTED_EDGE('',*,*,#3829,.F.);
#2473=ORIENTED_EDGE('',*,*,#3830,.T.);
#2474=ORIENTED_EDGE('',*,*,#3831,.T.);
#2475=ORIENTED_EDGE('',*,*,#2936,.F.);
#2476=ORIENTED_EDGE('',*,*,#3831,.F.);
#2477=ORIENTED_EDGE('',*,*,#3832,.T.);
#2478=ORIENTED_EDGE('',*,*,#3833,.T.);
#2479=ORIENTED_EDGE('',*,*,#2937,.F.);
#2480=ORIENTED_EDGE('',*,*,#3833,.F.);
#2481=ORIENTED_EDGE('',*,*,#3834,.T.);
#2482=ORIENTED_EDGE('',*,*,#3835,.T.);
#2483=ORIENTED_EDGE('',*,*,#2938,.F.);
#2484=ORIENTED_EDGE('',*,*,#3835,.F.);
#2485=ORIENTED_EDGE('',*,*,#3836,.T.);
#2486=ORIENTED_EDGE('',*,*,#3837,.T.);
#2487=ORIENTED_EDGE('',*,*,#2939,.F.);
#2488=ORIENTED_EDGE('',*,*,#3837,.F.);
#2489=ORIENTED_EDGE('',*,*,#3838,.T.);
#2490=ORIENTED_EDGE('',*,*,#3839,.T.);
#2491=ORIENTED_EDGE('',*,*,#2940,.F.);
#2492=ORIENTED_EDGE('',*,*,#3839,.F.);
#2493=ORIENTED_EDGE('',*,*,#3840,.T.);
#2494=ORIENTED_EDGE('',*,*,#3841,.T.);
#2495=ORIENTED_EDGE('',*,*,#2941,.F.);
#2496=ORIENTED_EDGE('',*,*,#3841,.F.);
#2497=ORIENTED_EDGE('',*,*,#3842,.T.);
#2498=ORIENTED_EDGE('',*,*,#3843,.T.);
#2499=ORIENTED_EDGE('',*,*,#2942,.F.);
#2500=ORIENTED_EDGE('',*,*,#3843,.F.);
#2501=ORIENTED_EDGE('',*,*,#3844,.T.);
#2502=ORIENTED_EDGE('',*,*,#3845,.T.);
#2503=ORIENTED_EDGE('',*,*,#2943,.F.);
#2504=ORIENTED_EDGE('',*,*,#3845,.F.);
#2505=ORIENTED_EDGE('',*,*,#3846,.T.);
#2506=ORIENTED_EDGE('',*,*,#3847,.T.);
#2507=ORIENTED_EDGE('',*,*,#2944,.F.);
#2508=ORIENTED_EDGE('',*,*,#3847,.F.);
#2509=ORIENTED_EDGE('',*,*,#3848,.T.);
#2510=ORIENTED_EDGE('',*,*,#3753,.T.);
#2511=ORIENTED_EDGE('',*,*,#3754,.F.);
#2512=ORIENTED_EDGE('',*,*,#3848,.F.);
#2513=ORIENTED_EDGE('',*,*,#3846,.F.);
#2514=ORIENTED_EDGE('',*,*,#3844,.F.);
#2515=ORIENTED_EDGE('',*,*,#3842,.F.);
#2516=ORIENTED_EDGE('',*,*,#3840,.F.);
#2517=ORIENTED_EDGE('',*,*,#3838,.F.);
#2518=ORIENTED_EDGE('',*,*,#3836,.F.);
#2519=ORIENTED_EDGE('',*,*,#3834,.F.);
#2520=ORIENTED_EDGE('',*,*,#3832,.F.);
#2521=ORIENTED_EDGE('',*,*,#3830,.F.);
#2522=ORIENTED_EDGE('',*,*,#3828,.F.);
#2523=ORIENTED_EDGE('',*,*,#3826,.F.);
#2524=ORIENTED_EDGE('',*,*,#3824,.F.);
#2525=ORIENTED_EDGE('',*,*,#3822,.F.);
#2526=ORIENTED_EDGE('',*,*,#3820,.F.);
#2527=ORIENTED_EDGE('',*,*,#3818,.F.);
#2528=ORIENTED_EDGE('',*,*,#3816,.F.);
#2529=ORIENTED_EDGE('',*,*,#3814,.F.);
#2530=ORIENTED_EDGE('',*,*,#3812,.F.);
#2531=ORIENTED_EDGE('',*,*,#3810,.F.);
#2532=ORIENTED_EDGE('',*,*,#3808,.F.);
#2533=ORIENTED_EDGE('',*,*,#3806,.F.);
#2534=ORIENTED_EDGE('',*,*,#3804,.F.);
#2535=ORIENTED_EDGE('',*,*,#3802,.F.);
#2536=ORIENTED_EDGE('',*,*,#3800,.F.);
#2537=ORIENTED_EDGE('',*,*,#3798,.F.);
#2538=ORIENTED_EDGE('',*,*,#3796,.F.);
#2539=ORIENTED_EDGE('',*,*,#3794,.F.);
#2540=ORIENTED_EDGE('',*,*,#3792,.F.);
#2541=ORIENTED_EDGE('',*,*,#3790,.F.);
#2542=ORIENTED_EDGE('',*,*,#3788,.F.);
#2543=ORIENTED_EDGE('',*,*,#3786,.F.);
#2544=ORIENTED_EDGE('',*,*,#3784,.F.);
#2545=ORIENTED_EDGE('',*,*,#3782,.F.);
#2546=ORIENTED_EDGE('',*,*,#3780,.F.);
#2547=ORIENTED_EDGE('',*,*,#3778,.F.);
#2548=ORIENTED_EDGE('',*,*,#3776,.F.);
#2549=ORIENTED_EDGE('',*,*,#3774,.F.);
#2550=ORIENTED_EDGE('',*,*,#3772,.F.);
#2551=ORIENTED_EDGE('',*,*,#3770,.F.);
#2552=ORIENTED_EDGE('',*,*,#3768,.F.);
#2553=ORIENTED_EDGE('',*,*,#3766,.F.);
#2554=ORIENTED_EDGE('',*,*,#3764,.F.);
#2555=ORIENTED_EDGE('',*,*,#3762,.F.);
#2556=ORIENTED_EDGE('',*,*,#3760,.F.);
#2557=ORIENTED_EDGE('',*,*,#3758,.F.);
#2558=ORIENTED_EDGE('',*,*,#3756,.F.);
#2559=ORIENTED_EDGE('',*,*,#3185,.T.);
#2560=ORIENTED_EDGE('',*,*,#3189,.T.);
#2561=ORIENTED_EDGE('',*,*,#3192,.T.);
#2562=ORIENTED_EDGE('',*,*,#3195,.T.);
#2563=ORIENTED_EDGE('',*,*,#3198,.T.);
#2564=ORIENTED_EDGE('',*,*,#3201,.T.);
#2565=ORIENTED_EDGE('',*,*,#3204,.T.);
#2566=ORIENTED_EDGE('',*,*,#3207,.T.);
#2567=ORIENTED_EDGE('',*,*,#3210,.T.);
#2568=ORIENTED_EDGE('',*,*,#3213,.T.);
#2569=ORIENTED_EDGE('',*,*,#3216,.T.);
#2570=ORIENTED_EDGE('',*,*,#3219,.T.);
#2571=ORIENTED_EDGE('',*,*,#3222,.T.);
#2572=ORIENTED_EDGE('',*,*,#3225,.T.);
#2573=ORIENTED_EDGE('',*,*,#3228,.T.);
#2574=ORIENTED_EDGE('',*,*,#3231,.T.);
#2575=ORIENTED_EDGE('',*,*,#3234,.T.);
#2576=ORIENTED_EDGE('',*,*,#3237,.T.);
#2577=ORIENTED_EDGE('',*,*,#3240,.T.);
#2578=ORIENTED_EDGE('',*,*,#3243,.T.);
#2579=ORIENTED_EDGE('',*,*,#3246,.T.);
#2580=ORIENTED_EDGE('',*,*,#3249,.T.);
#2581=ORIENTED_EDGE('',*,*,#3252,.T.);
#2582=ORIENTED_EDGE('',*,*,#3255,.T.);
#2583=ORIENTED_EDGE('',*,*,#3258,.T.);
#2584=ORIENTED_EDGE('',*,*,#3261,.T.);
#2585=ORIENTED_EDGE('',*,*,#3264,.T.);
#2586=ORIENTED_EDGE('',*,*,#3267,.T.);
#2587=ORIENTED_EDGE('',*,*,#3460,.T.);
#2588=ORIENTED_EDGE('',*,*,#3476,.T.);
#2589=ORIENTED_EDGE('',*,*,#3480,.T.);
#2590=ORIENTED_EDGE('',*,*,#3483,.T.);
#2591=ORIENTED_EDGE('',*,*,#3486,.T.);
#2592=ORIENTED_EDGE('',*,*,#3489,.T.);
#2593=ORIENTED_EDGE('',*,*,#3492,.T.);
#2594=ORIENTED_EDGE('',*,*,#3495,.T.);
#2595=ORIENTED_EDGE('',*,*,#3498,.T.);
#2596=ORIENTED_EDGE('',*,*,#3501,.T.);
#2597=ORIENTED_EDGE('',*,*,#3504,.T.);
#2598=ORIENTED_EDGE('',*,*,#3507,.T.);
#2599=ORIENTED_EDGE('',*,*,#3510,.T.);
#2600=ORIENTED_EDGE('',*,*,#3513,.T.);
#2601=ORIENTED_EDGE('',*,*,#3516,.T.);
#2602=ORIENTED_EDGE('',*,*,#3519,.T.);
#2603=ORIENTED_EDGE('',*,*,#3522,.T.);
#2604=ORIENTED_EDGE('',*,*,#3525,.T.);
#2605=ORIENTED_EDGE('',*,*,#3528,.T.);
#2606=ORIENTED_EDGE('',*,*,#3531,.T.);
#2607=ORIENTED_EDGE('',*,*,#3534,.T.);
#2608=ORIENTED_EDGE('',*,*,#3537,.T.);
#2609=ORIENTED_EDGE('',*,*,#3540,.T.);
#2610=ORIENTED_EDGE('',*,*,#3543,.T.);
#2611=ORIENTED_EDGE('',*,*,#3546,.T.);
#2612=ORIENTED_EDGE('',*,*,#3549,.T.);
#2613=ORIENTED_EDGE('',*,*,#3552,.T.);
#2614=ORIENTED_EDGE('',*,*,#3555,.T.);
#2615=ORIENTED_EDGE('',*,*,#3558,.T.);
#2616=ORIENTED_EDGE('',*,*,#3751,.T.);
#2617=ORIENTED_EDGE('',*,*,#3849,.F.);
#2618=ORIENTED_EDGE('',*,*,#3109,.T.);
#2619=ORIENTED_EDGE('',*,*,#3849,.T.);
#2620=ORIENTED_EDGE('',*,*,#3850,.F.);
#2621=ORIENTED_EDGE('',*,*,#3108,.T.);
#2622=ORIENTED_EDGE('',*,*,#3850,.T.);
#2623=ORIENTED_EDGE('',*,*,#3851,.F.);
#2624=ORIENTED_EDGE('',*,*,#3107,.T.);
#2625=ORIENTED_EDGE('',*,*,#3851,.T.);
#2626=ORIENTED_EDGE('',*,*,#3852,.F.);
#2627=ORIENTED_EDGE('',*,*,#3106,.T.);
#2628=ORIENTED_EDGE('',*,*,#3852,.T.);
#2629=ORIENTED_EDGE('',*,*,#3853,.F.);
#2630=ORIENTED_EDGE('',*,*,#3105,.T.);
#2631=ORIENTED_EDGE('',*,*,#3853,.T.);
#2632=ORIENTED_EDGE('',*,*,#3854,.F.);
#2633=ORIENTED_EDGE('',*,*,#3104,.T.);
#2634=ORIENTED_EDGE('',*,*,#3854,.T.);
#2635=ORIENTED_EDGE('',*,*,#2682,.F.);
#2636=ORIENTED_EDGE('',*,*,#3855,.T.);
#2637=ORIENTED_EDGE('',*,*,#3038,.T.);
#2638=ORIENTED_EDGE('',*,*,#3856,.F.);
#2639=ORIENTED_EDGE('',*,*,#3037,.T.);
#2640=ORIENTED_EDGE('',*,*,#3857,.F.);
#2641=ORIENTED_EDGE('',*,*,#2683,.F.);
#2642=ORIENTED_EDGE('',*,*,#3856,.T.);
#2643=ORIENTED_EDGE('',*,*,#3036,.F.);
#2644=ORIENTED_EDGE('',*,*,#3858,.T.);
#2645=ORIENTED_EDGE('',*,*,#2671,.T.);
#2646=ORIENTED_EDGE('',*,*,#3857,.T.);
#2647=ORIENTED_EDGE('',*,*,#2672,.F.);
#2648=ORIENTED_EDGE('',*,*,#3858,.F.);
#2649=ORIENTED_EDGE('',*,*,#3035,.F.);
#2650=ORIENTED_EDGE('',*,*,#2656,.F.);
#2651=ORIENTED_EDGE('',*,*,#2681,.F.);
#2652=ORIENTED_EDGE('',*,*,#2666,.F.);
#2653=ORIENTED_EDGE('',*,*,#3039,.F.);
#2654=ORIENTED_EDGE('',*,*,#3855,.F.);
#2655=EDGE_CURVE('',#3859,#3860,#4672,.T.);
#2656=EDGE_CURVE('',#3860,#3861,#4673,.T.);
#2657=EDGE_CURVE('',#3862,#3861,#4674,.T.);
#2658=EDGE_CURVE('',#3862,#3863,#80,.T.);
#2659=EDGE_CURVE('',#3863,#3864,#4675,.T.);
#2660=EDGE_CURVE('',#3864,#3865,#81,.T.);
#2661=EDGE_CURVE('',#3865,#3866,#4676,.T.);
#2662=EDGE_CURVE('',#3866,#3867,#82,.T.);
#2663=EDGE_CURVE('',#3868,#3867,#4677,.T.);
#2664=EDGE_CURVE('',#3868,#3869,#83,.T.);
#2665=EDGE_CURVE('',#3870,#3869,#4678,.T.);
#2666=EDGE_CURVE('',#3870,#3871,#4679,.F.);
#2667=EDGE_CURVE('',#3871,#3872,#4680,.T.);
#2668=EDGE_CURVE('',#3872,#3873,#4681,.T.);
#2669=EDGE_CURVE('',#3874,#3873,#4682,.T.);
#2670=EDGE_CURVE('',#3859,#3874,#4683,.T.);
#2671=EDGE_CURVE('',#3875,#3876,#4684,.T.);
#2672=EDGE_CURVE('',#3875,#3860,#84,.F.);
#2673=EDGE_CURVE('',#3859,#3877,#4685,.T.);
#2674=EDGE_CURVE('',#3877,#3878,#4686,.T.);
#2675=EDGE_CURVE('',#3878,#3879,#4687,.T.);
#2676=EDGE_CURVE('',#3879,#3880,#4688,.T.);
#2677=EDGE_CURVE('',#3880,#3881,#4689,.T.);
#2678=EDGE_CURVE('',#3882,#3881,#4690,.T.);
#2679=EDGE_CURVE('',#3883,#3882,#4691,.T.);
#2680=EDGE_CURVE('',#3872,#3883,#4692,.T.);
#2681=EDGE_CURVE('',#3871,#3884,#85,.F.);
#2682=EDGE_CURVE('',#3884,#3885,#4693,.T.);
#2683=EDGE_CURVE('',#3885,#3876,#4694,.T.);
#2684=EDGE_CURVE('',#3886,#3887,#4695,.T.);
#2685=EDGE_CURVE('',#3887,#3888,#4696,.T.);
#2686=EDGE_CURVE('',#3888,#3889,#4697,.T.);
#2687=EDGE_CURVE('',#3889,#3890,#4698,.T.);
#2688=EDGE_CURVE('',#3890,#3891,#4699,.T.);
#2689=EDGE_CURVE('',#3891,#3892,#4700,.T.);
#2690=EDGE_CURVE('',#3892,#3893,#4701,.T.);
#2691=EDGE_CURVE('',#3893,#3894,#4702,.T.);
#2692=EDGE_CURVE('',#3894,#3895,#4703,.T.);
#2693=EDGE_CURVE('',#3895,#3896,#4704,.T.);
#2694=EDGE_CURVE('',#3896,#3897,#4705,.T.);
#2695=EDGE_CURVE('',#3897,#3898,#4706,.T.);
#2696=EDGE_CURVE('',#3898,#3899,#4707,.T.);
#2697=EDGE_CURVE('',#3899,#3900,#4708,.T.);
#2698=EDGE_CURVE('',#3900,#3901,#4709,.T.);
#2699=EDGE_CURVE('',#3901,#3902,#4710,.T.);
#2700=EDGE_CURVE('',#3902,#3903,#4711,.T.);
#2701=EDGE_CURVE('',#3903,#3904,#4712,.T.);
#2702=EDGE_CURVE('',#3904,#3905,#4713,.T.);
#2703=EDGE_CURVE('',#3905,#3906,#4714,.T.);
#2704=EDGE_CURVE('',#3906,#3907,#4715,.T.);
#2705=EDGE_CURVE('',#3907,#3908,#4716,.T.);
#2706=EDGE_CURVE('',#3908,#3909,#4717,.T.);
#2707=EDGE_CURVE('',#3909,#3910,#4718,.T.);
#2708=EDGE_CURVE('',#3910,#3911,#4719,.T.);
#2709=EDGE_CURVE('',#3911,#3912,#4720,.T.);
#2710=EDGE_CURVE('',#3912,#3913,#4721,.T.);
#2711=EDGE_CURVE('',#3913,#3914,#4722,.T.);
#2712=EDGE_CURVE('',#3914,#3915,#4723,.T.);
#2713=EDGE_CURVE('',#3915,#3916,#4724,.T.);
#2714=EDGE_CURVE('',#3916,#3917,#4725,.T.);
#2715=EDGE_CURVE('',#3917,#3918,#4726,.T.);
#2716=EDGE_CURVE('',#3918,#3919,#4727,.T.);
#2717=EDGE_CURVE('',#3919,#3920,#4728,.T.);
#2718=EDGE_CURVE('',#3920,#3921,#4729,.T.);
#2719=EDGE_CURVE('',#3921,#3922,#4730,.T.);
#2720=EDGE_CURVE('',#3922,#3923,#4731,.T.);
#2721=EDGE_CURVE('',#3923,#3924,#4732,.T.);
#2722=EDGE_CURVE('',#3924,#3925,#4733,.T.);
#2723=EDGE_CURVE('',#3925,#3926,#4734,.T.);
#2724=EDGE_CURVE('',#3926,#3927,#4735,.T.);
#2725=EDGE_CURVE('',#3927,#3928,#4736,.T.);
#2726=EDGE_CURVE('',#3928,#3929,#4737,.T.);
#2727=EDGE_CURVE('',#3929,#3930,#4738,.T.);
#2728=EDGE_CURVE('',#3930,#3931,#4739,.T.);
#2729=EDGE_CURVE('',#3931,#3932,#4740,.T.);
#2730=EDGE_CURVE('',#3932,#3933,#4741,.T.);
#2731=EDGE_CURVE('',#3933,#3934,#4742,.T.);
#2732=EDGE_CURVE('',#3934,#3935,#4743,.T.);
#2733=EDGE_CURVE('',#3935,#3936,#4744,.T.);
#2734=EDGE_CURVE('',#3936,#3937,#4745,.T.);
#2735=EDGE_CURVE('',#3937,#3938,#4746,.T.);
#2736=EDGE_CURVE('',#3938,#3939,#4747,.T.);
#2737=EDGE_CURVE('',#3939,#3940,#4748,.T.);
#2738=EDGE_CURVE('',#3940,#3941,#4749,.T.);
#2739=EDGE_CURVE('',#3941,#3942,#4750,.T.);
#2740=EDGE_CURVE('',#3942,#3943,#4751,.T.);
#2741=EDGE_CURVE('',#3943,#3944,#4752,.T.);
#2742=EDGE_CURVE('',#3944,#3945,#4753,.T.);
#2743=EDGE_CURVE('',#3945,#3946,#4754,.T.);
#2744=EDGE_CURVE('',#3946,#3947,#4755,.T.);
#2745=EDGE_CURVE('',#3947,#3948,#4756,.T.);
#2746=EDGE_CURVE('',#3948,#3949,#4757,.T.);
#2747=EDGE_CURVE('',#3949,#3950,#4758,.T.);
#2748=EDGE_CURVE('',#3950,#3951,#4759,.T.);
#2749=EDGE_CURVE('',#3951,#3952,#4760,.T.);
#2750=EDGE_CURVE('',#3952,#3953,#4761,.T.);
#2751=EDGE_CURVE('',#3953,#3954,#4762,.T.);
#2752=EDGE_CURVE('',#3954,#3955,#4763,.T.);
#2753=EDGE_CURVE('',#3955,#3956,#4764,.T.);
#2754=EDGE_CURVE('',#3956,#3957,#4765,.T.);
#2755=EDGE_CURVE('',#3957,#3958,#4766,.T.);
#2756=EDGE_CURVE('',#3958,#3959,#4767,.T.);
#2757=EDGE_CURVE('',#3959,#3960,#4768,.T.);
#2758=EDGE_CURVE('',#3960,#3961,#4769,.T.);
#2759=EDGE_CURVE('',#3961,#3962,#4770,.T.);
#2760=EDGE_CURVE('',#3962,#3963,#4771,.T.);
#2761=EDGE_CURVE('',#3963,#3964,#4772,.T.);
#2762=EDGE_CURVE('',#3964,#3965,#4773,.T.);
#2763=EDGE_CURVE('',#3965,#3966,#4774,.T.);
#2764=EDGE_CURVE('',#3966,#3967,#4775,.T.);
#2765=EDGE_CURVE('',#3967,#3968,#4776,.T.);
#2766=EDGE_CURVE('',#3968,#3969,#4777,.T.);
#2767=EDGE_CURVE('',#3969,#3970,#4778,.T.);
#2768=EDGE_CURVE('',#3970,#3971,#4779,.T.);
#2769=EDGE_CURVE('',#3971,#3972,#4780,.T.);
#2770=EDGE_CURVE('',#3972,#3973,#4781,.T.);
#2771=EDGE_CURVE('',#3973,#3974,#4782,.T.);
#2772=EDGE_CURVE('',#3974,#3975,#4783,.T.);
#2773=EDGE_CURVE('',#3975,#3976,#4784,.T.);
#2774=EDGE_CURVE('',#3976,#3977,#4785,.T.);
#2775=EDGE_CURVE('',#3977,#3978,#4786,.T.);
#2776=EDGE_CURVE('',#3978,#3979,#4787,.T.);
#2777=EDGE_CURVE('',#3979,#3980,#4788,.T.);
#2778=EDGE_CURVE('',#3980,#3886,#4789,.T.);
#2779=EDGE_CURVE('',#3981,#3982,#4790,.T.);
#2780=EDGE_CURVE('',#3982,#3983,#4791,.T.);
#2781=EDGE_CURVE('',#3983,#3984,#4792,.T.);
#2782=EDGE_CURVE('',#3984,#3985,#4793,.T.);
#2783=EDGE_CURVE('',#3985,#3986,#4794,.T.);
#2784=EDGE_CURVE('',#3986,#3987,#4795,.T.);
#2785=EDGE_CURVE('',#3987,#3988,#4796,.T.);
#2786=EDGE_CURVE('',#3988,#3989,#4797,.T.);
#2787=EDGE_CURVE('',#3989,#3990,#4798,.T.);
#2788=EDGE_CURVE('',#3990,#3991,#4799,.T.);
#2789=EDGE_CURVE('',#3991,#3992,#4800,.T.);
#2790=EDGE_CURVE('',#3992,#3993,#4801,.T.);
#2791=EDGE_CURVE('',#3993,#3994,#4802,.T.);
#2792=EDGE_CURVE('',#3994,#3995,#4803,.T.);
#2793=EDGE_CURVE('',#3995,#3996,#4804,.T.);
#2794=EDGE_CURVE('',#3996,#3997,#4805,.T.);
#2795=EDGE_CURVE('',#3997,#3998,#4806,.T.);
#2796=EDGE_CURVE('',#3998,#3999,#4807,.T.);
#2797=EDGE_CURVE('',#3999,#4000,#4808,.T.);
#2798=EDGE_CURVE('',#4000,#4001,#4809,.T.);
#2799=EDGE_CURVE('',#4001,#4002,#4810,.T.);
#2800=EDGE_CURVE('',#4002,#4003,#4811,.T.);
#2801=EDGE_CURVE('',#4003,#4004,#4812,.T.);
#2802=EDGE_CURVE('',#4004,#4005,#4813,.T.);
#2803=EDGE_CURVE('',#4005,#4006,#4814,.T.);
#2804=EDGE_CURVE('',#4006,#4007,#4815,.T.);
#2805=EDGE_CURVE('',#4007,#4008,#4816,.T.);
#2806=EDGE_CURVE('',#4008,#4009,#4817,.T.);
#2807=EDGE_CURVE('',#4009,#4010,#4818,.T.);
#2808=EDGE_CURVE('',#4010,#4011,#4819,.T.);
#2809=EDGE_CURVE('',#4011,#4012,#4820,.T.);
#2810=EDGE_CURVE('',#4012,#4013,#4821,.T.);
#2811=EDGE_CURVE('',#4013,#4014,#4822,.T.);
#2812=EDGE_CURVE('',#4014,#4015,#4823,.T.);
#2813=EDGE_CURVE('',#4015,#4016,#4824,.T.);
#2814=EDGE_CURVE('',#4016,#4017,#4825,.T.);
#2815=EDGE_CURVE('',#4017,#4018,#4826,.T.);
#2816=EDGE_CURVE('',#4018,#4019,#4827,.T.);
#2817=EDGE_CURVE('',#4019,#4020,#4828,.T.);
#2818=EDGE_CURVE('',#4020,#4021,#4829,.T.);
#2819=EDGE_CURVE('',#4021,#4022,#4830,.T.);
#2820=EDGE_CURVE('',#4022,#4023,#4831,.T.);
#2821=EDGE_CURVE('',#4023,#4024,#4832,.T.);
#2822=EDGE_CURVE('',#4024,#4025,#4833,.T.);
#2823=EDGE_CURVE('',#4025,#4026,#4834,.T.);
#2824=EDGE_CURVE('',#4026,#4027,#4835,.T.);
#2825=EDGE_CURVE('',#4027,#4028,#4836,.T.);
#2826=EDGE_CURVE('',#4028,#4029,#4837,.T.);
#2827=EDGE_CURVE('',#4029,#4030,#4838,.T.);
#2828=EDGE_CURVE('',#4030,#4031,#4839,.T.);
#2829=EDGE_CURVE('',#4031,#4032,#4840,.T.);
#2830=EDGE_CURVE('',#4032,#4033,#4841,.T.);
#2831=EDGE_CURVE('',#4033,#4034,#4842,.T.);
#2832=EDGE_CURVE('',#4034,#4035,#4843,.T.);
#2833=EDGE_CURVE('',#4035,#4036,#4844,.T.);
#2834=EDGE_CURVE('',#4036,#4037,#4845,.T.);
#2835=EDGE_CURVE('',#4037,#4038,#4846,.T.);
#2836=EDGE_CURVE('',#4038,#4039,#4847,.T.);
#2837=EDGE_CURVE('',#4039,#4040,#4848,.T.);
#2838=EDGE_CURVE('',#4040,#4041,#4849,.T.);
#2839=EDGE_CURVE('',#4041,#4042,#4850,.T.);
#2840=EDGE_CURVE('',#4042,#4043,#4851,.T.);
#2841=EDGE_CURVE('',#4043,#4044,#4852,.T.);
#2842=EDGE_CURVE('',#4044,#4045,#4853,.T.);
#2843=EDGE_CURVE('',#4045,#4046,#4854,.T.);
#2844=EDGE_CURVE('',#4046,#4047,#4855,.T.);
#2845=EDGE_CURVE('',#4047,#4048,#4856,.T.);
#2846=EDGE_CURVE('',#4048,#4049,#4857,.T.);
#2847=EDGE_CURVE('',#4049,#4050,#4858,.T.);
#2848=EDGE_CURVE('',#4050,#4051,#4859,.T.);
#2849=EDGE_CURVE('',#4051,#4052,#4860,.T.);
#2850=EDGE_CURVE('',#4052,#4053,#4861,.T.);
#2851=EDGE_CURVE('',#4053,#4054,#4862,.T.);
#2852=EDGE_CURVE('',#4054,#4055,#4863,.T.);
#2853=EDGE_CURVE('',#4055,#4056,#4864,.T.);
#2854=EDGE_CURVE('',#4056,#4057,#4865,.T.);
#2855=EDGE_CURVE('',#4057,#4058,#4866,.T.);
#2856=EDGE_CURVE('',#4058,#4059,#4867,.T.);
#2857=EDGE_CURVE('',#4059,#4060,#4868,.T.);
#2858=EDGE_CURVE('',#4060,#4061,#4869,.T.);
#2859=EDGE_CURVE('',#4061,#4062,#4870,.T.);
#2860=EDGE_CURVE('',#4062,#4063,#4871,.T.);
#2861=EDGE_CURVE('',#4063,#4064,#4872,.T.);
#2862=EDGE_CURVE('',#4064,#4065,#4873,.T.);
#2863=EDGE_CURVE('',#4065,#4066,#4874,.T.);
#2864=EDGE_CURVE('',#4066,#4067,#4875,.T.);
#2865=EDGE_CURVE('',#4067,#4068,#4876,.T.);
#2866=EDGE_CURVE('',#4068,#4069,#4877,.T.);
#2867=EDGE_CURVE('',#4069,#4070,#4878,.T.);
#2868=EDGE_CURVE('',#4070,#4071,#4879,.T.);
#2869=EDGE_CURVE('',#4071,#4072,#4880,.T.);
#2870=EDGE_CURVE('',#4072,#4073,#4881,.T.);
#2871=EDGE_CURVE('',#4073,#4074,#4882,.T.);
#2872=EDGE_CURVE('',#4074,#4075,#4883,.T.);
#2873=EDGE_CURVE('',#4075,#3981,#4884,.T.);
#2874=EDGE_CURVE('',#4076,#4077,#4885,.T.);
#2875=EDGE_CURVE('',#4077,#4078,#4886,.T.);
#2876=EDGE_CURVE('',#4078,#4079,#4887,.T.);
#2877=EDGE_CURVE('',#4079,#4076,#4888,.T.);
#2878=EDGE_CURVE('',#4080,#4081,#4889,.T.);
#2879=EDGE_CURVE('',#4081,#4082,#86,.F.);
#2880=EDGE_CURVE('',#4082,#4083,#4890,.T.);
#2881=EDGE_CURVE('',#4083,#4084,#87,.F.);
#2882=EDGE_CURVE('',#4085,#4084,#4891,.T.);
#2883=EDGE_CURVE('',#4085,#4086,#88,.F.);
#2884=EDGE_CURVE('',#4087,#4086,#4892,.T.);
#2885=EDGE_CURVE('',#4087,#4080,#89,.F.);
#2886=EDGE_CURVE('',#4088,#4089,#4893,.T.);
#2887=EDGE_CURVE('',#4089,#4090,#4894,.T.);
#2888=EDGE_CURVE('',#4090,#4091,#4895,.T.);
#2889=EDGE_CURVE('',#4091,#4088,#4896,.T.);
#2890=EDGE_CURVE('',#4092,#4093,#4897,.T.);
#2891=EDGE_CURVE('',#4093,#4094,#4898,.T.);
#2892=EDGE_CURVE('',#4094,#4095,#4899,.T.);
#2893=EDGE_CURVE('',#4095,#4096,#4900,.T.);
#2894=EDGE_CURVE('',#4096,#4097,#4901,.T.);
#2895=EDGE_CURVE('',#4097,#4098,#4902,.T.);
#2896=EDGE_CURVE('',#4098,#4092,#4903,.T.);
#2897=EDGE_CURVE('',#4099,#4100,#4904,.T.);
#2898=EDGE_CURVE('',#4100,#4101,#4905,.T.);
#2899=EDGE_CURVE('',#4101,#4102,#4906,.T.);
#2900=EDGE_CURVE('',#4102,#4103,#4907,.T.);
#2901=EDGE_CURVE('',#4103,#4104,#4908,.T.);
#2902=EDGE_CURVE('',#4104,#4105,#4909,.T.);
#2903=EDGE_CURVE('',#4105,#4106,#4910,.T.);
#2904=EDGE_CURVE('',#4106,#4107,#4911,.T.);
#2905=EDGE_CURVE('',#4107,#4108,#4912,.T.);
#2906=EDGE_CURVE('',#4108,#4109,#4913,.T.);
#2907=EDGE_CURVE('',#4109,#4110,#4914,.T.);
#2908=EDGE_CURVE('',#4110,#4111,#4915,.T.);
#2909=EDGE_CURVE('',#4111,#4112,#4916,.T.);
#2910=EDGE_CURVE('',#4112,#4113,#4917,.T.);
#2911=EDGE_CURVE('',#4113,#4114,#4918,.T.);
#2912=EDGE_CURVE('',#4114,#4115,#4919,.T.);
#2913=EDGE_CURVE('',#4115,#4116,#4920,.T.);
#2914=EDGE_CURVE('',#4116,#4117,#4921,.T.);
#2915=EDGE_CURVE('',#4117,#4118,#4922,.T.);
#2916=EDGE_CURVE('',#4118,#4119,#4923,.T.);
#2917=EDGE_CURVE('',#4119,#4120,#4924,.T.);
#2918=EDGE_CURVE('',#4120,#4121,#4925,.T.);
#2919=EDGE_CURVE('',#4121,#4122,#4926,.T.);
#2920=EDGE_CURVE('',#4122,#4123,#4927,.T.);
#2921=EDGE_CURVE('',#4123,#4124,#4928,.T.);
#2922=EDGE_CURVE('',#4124,#4125,#4929,.T.);
#2923=EDGE_CURVE('',#4125,#4126,#4930,.T.);
#2924=EDGE_CURVE('',#4126,#4127,#4931,.T.);
#2925=EDGE_CURVE('',#4127,#4128,#4932,.T.);
#2926=EDGE_CURVE('',#4128,#4129,#4933,.T.);
#2927=EDGE_CURVE('',#4129,#4130,#4934,.T.);
#2928=EDGE_CURVE('',#4130,#4131,#4935,.T.);
#2929=EDGE_CURVE('',#4131,#4132,#4936,.T.);
#2930=EDGE_CURVE('',#4132,#4133,#4937,.T.);
#2931=EDGE_CURVE('',#4133,#4134,#4938,.T.);
#2932=EDGE_CURVE('',#4134,#4135,#4939,.T.);
#2933=EDGE_CURVE('',#4135,#4136,#4940,.T.);
#2934=EDGE_CURVE('',#4136,#4137,#4941,.T.);
#2935=EDGE_CURVE('',#4137,#4138,#4942,.T.);
#2936=EDGE_CURVE('',#4138,#4139,#4943,.T.);
#2937=EDGE_CURVE('',#4139,#4140,#4944,.T.);
#2938=EDGE_CURVE('',#4140,#4141,#4945,.T.);
#2939=EDGE_CURVE('',#4141,#4142,#4946,.T.);
#2940=EDGE_CURVE('',#4142,#4143,#4947,.T.);
#2941=EDGE_CURVE('',#4143,#4144,#4948,.T.);
#2942=EDGE_CURVE('',#4144,#4145,#4949,.T.);
#2943=EDGE_CURVE('',#4145,#4146,#4950,.T.);
#2944=EDGE_CURVE('',#4146,#4099,#4951,.T.);
#2945=EDGE_CURVE('',#4147,#4147,#90,.T.);
#2946=EDGE_CURVE('',#4148,#4148,#91,.T.);
#2947=EDGE_CURVE('',#4149,#4149,#92,.T.);
#2948=EDGE_CURVE('',#4150,#4150,#93,.T.);
#2949=EDGE_CURVE('',#4151,#4151,#94,.T.);
#2950=EDGE_CURVE('',#4152,#4152,#95,.T.);
#2951=EDGE_CURVE('',#4153,#4153,#96,.T.);
#2952=EDGE_CURVE('',#4154,#4154,#97,.T.);
#2953=EDGE_CURVE('',#4155,#4155,#98,.T.);
#2954=EDGE_CURVE('',#4156,#4156,#99,.T.);
#2955=EDGE_CURVE('',#4157,#4157,#100,.T.);
#2956=EDGE_CURVE('',#4158,#4158,#101,.T.);
#2957=EDGE_CURVE('',#4159,#4160,#4952,.T.);
#2958=EDGE_CURVE('',#4159,#4161,#102,.T.);
#2959=EDGE_CURVE('',#4162,#4161,#4953,.T.);
#2960=EDGE_CURVE('',#4162,#4163,#103,.T.);
#2961=EDGE_CURVE('',#4164,#4163,#4954,.T.);
#2962=EDGE_CURVE('',#4164,#4165,#104,.T.);
#2963=EDGE_CURVE('',#4166,#4165,#4955,.T.);
#2964=EDGE_CURVE('',#4166,#3879,#105,.T.);
#2965=EDGE_CURVE('',#3878,#3877,#106,.T.);
#2966=EDGE_CURVE('',#3874,#4167,#4956,.T.);
#2967=EDGE_CURVE('',#4167,#4168,#107,.T.);
#2968=EDGE_CURVE('',#4168,#4169,#4957,.T.);
#2969=EDGE_CURVE('',#4170,#4169,#4958,.T.);
#2970=EDGE_CURVE('',#4170,#4171,#108,.T.);
#2971=EDGE_CURVE('',#4172,#4171,#4959,.T.);
#2972=EDGE_CURVE('',#4172,#4173,#109,.T.);
#2973=EDGE_CURVE('',#4174,#4173,#4960,.T.);
#2974=EDGE_CURVE('',#4174,#4175,#110,.T.);
#2975=EDGE_CURVE('',#4176,#4175,#4961,.T.);
#2976=EDGE_CURVE('',#4176,#4177,#111,.T.);
#2977=EDGE_CURVE('',#4178,#4177,#4962,.T.);
#2978=EDGE_CURVE('',#4178,#4179,#112,.T.);
#2979=EDGE_CURVE('',#4180,#4179,#4963,.T.);
#2980=EDGE_CURVE('',#4180,#4181,#113,.T.);
#2981=EDGE_CURVE('',#4182,#4181,#4964,.T.);
#2982=EDGE_CURVE('',#4182,#4183,#114,.T.);
#2983=EDGE_CURVE('',#4184,#4183,#4965,.T.);
#2984=EDGE_CURVE('',#4184,#4185,#115,.T.);
#2985=EDGE_CURVE('',#4186,#4185,#4966,.T.);
#2986=EDGE_CURVE('',#4186,#4187,#116,.T.);
#2987=EDGE_CURVE('',#4188,#4187,#4967,.T.);
#2988=EDGE_CURVE('',#4188,#4160,#117,.T.);
#2989=EDGE_CURVE('',#4169,#4189,#4968,.T.);
#2990=EDGE_CURVE('',#4167,#4168,#4969,.T.);
#2991=EDGE_CURVE('',#3873,#4190,#4970,.T.);
#2992=EDGE_CURVE('',#4190,#4189,#4971,.T.);
#2993=EDGE_CURVE('',#4191,#4191,#118,.T.);
#2994=EDGE_CURVE('',#4192,#4192,#119,.T.);
#2995=EDGE_CURVE('',#4193,#4193,#120,.T.);
#2996=EDGE_CURVE('',#4194,#4194,#121,.T.);
#2997=EDGE_CURVE('',#4195,#4195,#122,.T.);
#2998=EDGE_CURVE('',#4196,#4196,#123,.T.);
#2999=EDGE_CURVE('',#4197,#4197,#124,.T.);
#3000=EDGE_CURVE('',#4198,#4198,#125,.T.);
#3001=EDGE_CURVE('',#4199,#4199,#126,.T.);
#3002=EDGE_CURVE('',#4200,#4200,#127,.T.);
#3003=EDGE_CURVE('',#4201,#4201,#128,.T.);
#3004=EDGE_CURVE('',#4202,#4202,#129,.T.);
#3005=EDGE_CURVE('',#4203,#4203,#130,.T.);
#3006=EDGE_CURVE('',#4204,#4205,#4972,.T.);
#3007=EDGE_CURVE('',#4205,#4206,#131,.T.);
#3008=EDGE_CURVE('',#4206,#4207,#4973,.T.);
#3009=EDGE_CURVE('',#4207,#4208,#132,.T.);
#3010=EDGE_CURVE('',#4208,#4209,#4974,.T.);
#3011=EDGE_CURVE('',#4209,#4210,#133,.T.);
#3012=EDGE_CURVE('',#4210,#4211,#4975,.T.);
#3013=EDGE_CURVE('',#4211,#4190,#134,.T.);
#3014=EDGE_CURVE('',#3883,#3882,#135,.T.);
#3015=EDGE_CURVE('',#3881,#4212,#4976,.T.);
#3016=EDGE_CURVE('',#4212,#4213,#136,.T.);
#3017=EDGE_CURVE('',#4213,#4214,#4977,.T.);
#3018=EDGE_CURVE('',#4214,#4215,#137,.T.);
#3019=EDGE_CURVE('',#4215,#4216,#4978,.T.);
#3020=EDGE_CURVE('',#4216,#4217,#138,.T.);
#3021=EDGE_CURVE('',#4217,#4218,#4979,.T.);
#3022=EDGE_CURVE('',#4218,#4219,#139,.T.);
#3023=EDGE_CURVE('',#4219,#4220,#4980,.T.);
#3024=EDGE_CURVE('',#4220,#4221,#140,.T.);
#3025=EDGE_CURVE('',#4221,#4222,#4981,.T.);
#3026=EDGE_CURVE('',#4222,#4223,#141,.T.);
#3027=EDGE_CURVE('',#4223,#4224,#4982,.T.);
#3028=EDGE_CURVE('',#4224,#4225,#142,.T.);
#3029=EDGE_CURVE('',#4225,#4226,#4983,.T.);
#3030=EDGE_CURVE('',#4226,#4227,#143,.T.);
#3031=EDGE_CURVE('',#4227,#4228,#4984,.T.);
#3032=EDGE_CURVE('',#4228,#4229,#144,.T.);
#3033=EDGE_CURVE('',#4229,#4230,#4985,.T.);
#3034=EDGE_CURVE('',#4230,#4204,#145,.T.);
#3035=EDGE_CURVE('',#3861,#4231,#146,.T.);
#3036=EDGE_CURVE('',#4231,#4232,#4986,.T.);
#3037=EDGE_CURVE('',#4233,#4232,#4987,.T.);
#3038=EDGE_CURVE('',#4234,#4233,#4988,.T.);
#3039=EDGE_CURVE('',#4234,#3870,#147,.T.);
#3040=EDGE_CURVE('',#3869,#4081,#4989,.T.);
#3041=EDGE_CURVE('',#4080,#3862,#4990,.F.);
#3042=EDGE_CURVE('',#4235,#4235,#148,.T.);
#3043=EDGE_CURVE('',#4236,#4236,#149,.T.);
#3044=EDGE_CURVE('',#4237,#4237,#150,.T.);
#3045=EDGE_CURVE('',#4238,#4238,#151,.T.);
#3046=EDGE_CURVE('',#4239,#4239,#152,.T.);
#3047=EDGE_CURVE('',#4240,#4240,#153,.T.);
#3048=EDGE_CURVE('',#4241,#4241,#154,.T.);
#3049=EDGE_CURVE('',#4242,#4242,#155,.T.);
#3050=EDGE_CURVE('',#4243,#4243,#156,.T.);
#3051=EDGE_CURVE('',#4244,#4244,#157,.T.);
#3052=EDGE_CURVE('',#4245,#4245,#158,.T.);
#3053=EDGE_CURVE('',#4246,#4246,#159,.T.);
#3054=EDGE_CURVE('',#4247,#4247,#160,.T.);
#3055=EDGE_CURVE('',#4248,#4248,#161,.T.);
#3056=EDGE_CURVE('',#4249,#4249,#162,.T.);
#3057=EDGE_CURVE('',#4250,#4250,#163,.T.);
#3058=EDGE_CURVE('',#4251,#4251,#164,.T.);
#3059=EDGE_CURVE('',#4252,#4252,#165,.T.);
#3060=EDGE_CURVE('',#4253,#4253,#166,.T.);
#3061=EDGE_CURVE('',#4254,#4254,#167,.T.);
#3062=EDGE_CURVE('',#4255,#4255,#168,.T.);
#3063=EDGE_CURVE('',#4256,#4256,#169,.T.);
#3064=EDGE_CURVE('',#4257,#4257,#170,.T.);
#3065=EDGE_CURVE('',#4258,#4258,#171,.T.);
#3066=EDGE_CURVE('',#4259,#4259,#172,.T.);
#3067=EDGE_CURVE('',#4260,#4260,#173,.T.);
#3068=EDGE_CURVE('',#4261,#4261,#174,.T.);
#3069=EDGE_CURVE('',#4262,#4262,#175,.T.);
#3070=EDGE_CURVE('',#4086,#3864,#4991,.F.);
#3071=EDGE_CURVE('',#3863,#4087,#4992,.T.);
#3072=EDGE_CURVE('',#4084,#3866,#4993,.F.);
#3073=EDGE_CURVE('',#3865,#4085,#4994,.T.);
#3074=EDGE_CURVE('',#4263,#4263,#176,.T.);
#3075=EDGE_CURVE('',#4264,#4264,#177,.T.);
#3076=EDGE_CURVE('',#4265,#4265,#178,.T.);
#3077=EDGE_CURVE('',#4266,#4266,#179,.T.);
#3078=EDGE_CURVE('',#4267,#4267,#180,.T.);
#3079=EDGE_CURVE('',#4268,#4268,#181,.T.);
#3080=EDGE_CURVE('',#4269,#4269,#182,.T.);
#3081=EDGE_CURVE('',#4270,#4270,#183,.T.);
#3082=EDGE_CURVE('',#4271,#4271,#184,.T.);
#3083=EDGE_CURVE('',#4272,#4272,#185,.T.);
#3084=EDGE_CURVE('',#4273,#4273,#186,.T.);
#3085=EDGE_CURVE('',#4274,#4274,#187,.T.);
#3086=EDGE_CURVE('',#4275,#4275,#188,.T.);
#3087=EDGE_CURVE('',#4276,#4276,#189,.T.);
#3088=EDGE_CURVE('',#4277,#4277,#190,.T.);
#3089=EDGE_CURVE('',#4278,#4278,#191,.T.);
#3090=EDGE_CURVE('',#4279,#4279,#192,.T.);
#3091=EDGE_CURVE('',#4280,#4280,#193,.T.);
#3092=EDGE_CURVE('',#4281,#4281,#194,.T.);
#3093=EDGE_CURVE('',#4282,#4282,#195,.T.);
#3094=EDGE_CURVE('',#4283,#4283,#196,.T.);
#3095=EDGE_CURVE('',#4284,#4284,#197,.T.);
#3096=EDGE_CURVE('',#4285,#4285,#198,.T.);
#3097=EDGE_CURVE('',#4286,#4286,#199,.T.);
#3098=EDGE_CURVE('',#4287,#4287,#200,.T.);
#3099=EDGE_CURVE('',#4288,#4288,#201,.T.);
#3100=EDGE_CURVE('',#4289,#4289,#202,.T.);
#3101=EDGE_CURVE('',#4290,#4290,#203,.T.);
#3102=EDGE_CURVE('',#4082,#3868,#4995,.F.);
#3103=EDGE_CURVE('',#3867,#4083,#4996,.T.);
#3104=EDGE_CURVE('',#4291,#4291,#204,.T.);
#3105=EDGE_CURVE('',#4292,#4292,#205,.T.);
#3106=EDGE_CURVE('',#4293,#4293,#206,.T.);
#3107=EDGE_CURVE('',#4294,#4294,#207,.T.);
#3108=EDGE_CURVE('',#4295,#4295,#208,.T.);
#3109=EDGE_CURVE('',#4296,#4296,#209,.T.);
#3110=EDGE_CURVE('',#3880,#4166,#4997,.T.);
#3111=EDGE_CURVE('',#4165,#4164,#4998,.T.);
#3112=EDGE_CURVE('',#4163,#4162,#4999,.T.);
#3113=EDGE_CURVE('',#4161,#4159,#5000,.T.);
#3114=EDGE_CURVE('',#4160,#4188,#5001,.T.);
#3115=EDGE_CURVE('',#4187,#4186,#5002,.T.);
#3116=EDGE_CURVE('',#4185,#4184,#5003,.T.);
#3117=EDGE_CURVE('',#4183,#4182,#5004,.T.);
#3118=EDGE_CURVE('',#4181,#4180,#5005,.T.);
#3119=EDGE_CURVE('',#4179,#4178,#5006,.T.);
#3120=EDGE_CURVE('',#4177,#4176,#5007,.T.);
#3121=EDGE_CURVE('',#4175,#4174,#5008,.T.);
#3122=EDGE_CURVE('',#4173,#4172,#5009,.T.);
#3123=EDGE_CURVE('',#4171,#4170,#5010,.T.);
#3124=EDGE_CURVE('',#4211,#4189,#5011,.T.);
#3125=EDGE_CURVE('',#4209,#4210,#5012,.T.);
#3126=EDGE_CURVE('',#4207,#4208,#5013,.T.);
#3127=EDGE_CURVE('',#4205,#4206,#5014,.T.);
#3128=EDGE_CURVE('',#4230,#4204,#5015,.T.);
#3129=EDGE_CURVE('',#4228,#4229,#5016,.T.);
#3130=EDGE_CURVE('',#4226,#4227,#5017,.T.);
#3131=EDGE_CURVE('',#4224,#4225,#5018,.T.);
#3132=EDGE_CURVE('',#4222,#4223,#5019,.T.);
#3133=EDGE_CURVE('',#4220,#4221,#5020,.T.);
#3134=EDGE_CURVE('',#4218,#4219,#5021,.T.);
#3135=EDGE_CURVE('',#4216,#4217,#5022,.T.);
#3136=EDGE_CURVE('',#4214,#4215,#5023,.T.);
#3137=EDGE_CURVE('',#4212,#4213,#5024,.T.);
#3138=EDGE_CURVE('',#3877,#3878,#210,.T.);
#3139=EDGE_CURVE('',#4173,#4172,#211,.T.);
#3140=EDGE_CURVE('',#4171,#4170,#212,.T.);
#3141=EDGE_CURVE('',#4175,#4174,#213,.T.);
#3142=EDGE_CURVE('',#4177,#4176,#214,.T.);
#3143=EDGE_CURVE('',#4165,#4164,#215,.T.);
#3144=EDGE_CURVE('',#3879,#4166,#216,.T.);
#3145=EDGE_CURVE('',#4168,#4167,#217,.T.);
#3146=EDGE_CURVE('',#4179,#4178,#218,.T.);
#3147=EDGE_CURVE('',#4181,#4180,#219,.T.);
#3148=EDGE_CURVE('',#4183,#4182,#220,.T.);
#3149=EDGE_CURVE('',#4185,#4184,#221,.T.);
#3150=EDGE_CURVE('',#4187,#4186,#222,.T.);
#3151=EDGE_CURVE('',#4160,#4188,#223,.T.);
#3152=EDGE_CURVE('',#4163,#4162,#224,.T.);
#3153=EDGE_CURVE('',#4161,#4159,#225,.T.);
#3154=EDGE_CURVE('',#4215,#4214,#226,.T.);
#3155=EDGE_CURVE('',#4213,#4212,#227,.T.);
#3156=EDGE_CURVE('',#4217,#4216,#228,.T.);
#3157=EDGE_CURVE('',#4219,#4218,#229,.T.);
#3158=EDGE_CURVE('',#4210,#4209,#230,.T.);
#3159=EDGE_CURVE('',#4190,#4211,#231,.T.);
#3160=EDGE_CURVE('',#3882,#3883,#232,.T.);
#3161=EDGE_CURVE('',#4221,#4220,#233,.T.);
#3162=EDGE_CURVE('',#4223,#4222,#234,.T.);
#3163=EDGE_CURVE('',#4225,#4224,#235,.T.);
#3164=EDGE_CURVE('',#4227,#4226,#236,.T.);
#3165=EDGE_CURVE('',#4229,#4228,#237,.T.);
#3166=EDGE_CURVE('',#4204,#4230,#238,.T.);
#3167=EDGE_CURVE('',#4208,#4207,#239,.T.);
#3168=EDGE_CURVE('',#4206,#4205,#240,.T.);
#3169=EDGE_CURVE('',#4297,#4076,#5025,.T.);
#3170=EDGE_CURVE('',#4297,#4298,#5026,.T.);
#3171=EDGE_CURVE('',#4298,#4077,#5027,.T.);
#3172=EDGE_CURVE('',#4298,#4299,#5028,.T.);
#3173=EDGE_CURVE('',#4299,#4078,#5029,.T.);
#3174=EDGE_CURVE('',#4299,#4300,#5030,.T.);
#3175=EDGE_CURVE('',#4300,#4079,#5031,.T.);
#3176=EDGE_CURVE('',#4300,#4297,#5032,.T.);
#3177=EDGE_CURVE('',#4301,#4088,#5033,.T.);
#3178=EDGE_CURVE('',#4301,#4302,#5034,.T.);
#3179=EDGE_CURVE('',#4302,#4089,#5035,.T.);
#3180=EDGE_CURVE('',#4302,#4303,#5036,.T.);
#3181=EDGE_CURVE('',#4303,#4090,#5037,.T.);
#3182=EDGE_CURVE('',#4303,#4304,#5038,.T.);
#3183=EDGE_CURVE('',#4304,#4091,#5039,.T.);
#3184=EDGE_CURVE('',#4304,#4301,#5040,.T.);
#3185=EDGE_CURVE('',#4305,#4306,#5041,.T.);
#3186=EDGE_CURVE('',#4307,#4305,#5042,.T.);
#3187=EDGE_CURVE('',#4307,#4308,#5043,.T.);
#3188=EDGE_CURVE('',#4308,#4306,#5044,.T.);
#3189=EDGE_CURVE('',#4306,#4309,#5045,.T.);
#3190=EDGE_CURVE('',#4308,#4310,#5046,.T.);
#3191=EDGE_CURVE('',#4310,#4309,#5047,.T.);
#3192=EDGE_CURVE('',#4309,#4311,#5048,.T.);
#3193=EDGE_CURVE('',#4310,#4312,#5049,.T.);
#3194=EDGE_CURVE('',#4312,#4311,#5050,.T.);
#3195=EDGE_CURVE('',#4311,#4313,#5051,.T.);
#3196=EDGE_CURVE('',#4312,#4314,#5052,.T.);
#3197=EDGE_CURVE('',#4314,#4313,#5053,.T.);
#3198=EDGE_CURVE('',#4313,#4315,#5054,.T.);
#3199=EDGE_CURVE('',#4314,#4316,#5055,.T.);
#3200=EDGE_CURVE('',#4316,#4315,#5056,.T.);
#3201=EDGE_CURVE('',#4315,#4317,#5057,.T.);
#3202=EDGE_CURVE('',#4316,#4318,#5058,.T.);
#3203=EDGE_CURVE('',#4318,#4317,#5059,.T.);
#3204=EDGE_CURVE('',#4317,#4319,#5060,.T.);
#3205=EDGE_CURVE('',#4318,#4320,#5061,.T.);
#3206=EDGE_CURVE('',#4320,#4319,#5062,.T.);
#3207=EDGE_CURVE('',#4319,#4321,#5063,.T.);
#3208=EDGE_CURVE('',#4320,#4322,#5064,.T.);
#3209=EDGE_CURVE('',#4322,#4321,#5065,.T.);
#3210=EDGE_CURVE('',#4321,#4323,#5066,.T.);
#3211=EDGE_CURVE('',#4322,#4324,#5067,.T.);
#3212=EDGE_CURVE('',#4324,#4323,#5068,.T.);
#3213=EDGE_CURVE('',#4323,#4325,#5069,.T.);
#3214=EDGE_CURVE('',#4324,#4326,#5070,.T.);
#3215=EDGE_CURVE('',#4326,#4325,#5071,.T.);
#3216=EDGE_CURVE('',#4325,#4327,#5072,.T.);
#3217=EDGE_CURVE('',#4326,#4328,#5073,.T.);
#3218=EDGE_CURVE('',#4328,#4327,#5074,.T.);
#3219=EDGE_CURVE('',#4327,#4329,#5075,.T.);
#3220=EDGE_CURVE('',#4328,#4330,#5076,.T.);
#3221=EDGE_CURVE('',#4330,#4329,#5077,.T.);
#3222=EDGE_CURVE('',#4329,#4331,#5078,.T.);
#3223=EDGE_CURVE('',#4330,#4332,#5079,.T.);
#3224=EDGE_CURVE('',#4332,#4331,#5080,.T.);
#3225=EDGE_CURVE('',#4331,#4333,#5081,.T.);
#3226=EDGE_CURVE('',#4332,#4334,#5082,.T.);
#3227=EDGE_CURVE('',#4334,#4333,#5083,.T.);
#3228=EDGE_CURVE('',#4333,#4335,#5084,.T.);
#3229=EDGE_CURVE('',#4334,#4336,#5085,.T.);
#3230=EDGE_CURVE('',#4336,#4335,#5086,.T.);
#3231=EDGE_CURVE('',#4335,#4337,#5087,.T.);
#3232=EDGE_CURVE('',#4336,#4338,#5088,.T.);
#3233=EDGE_CURVE('',#4338,#4337,#5089,.T.);
#3234=EDGE_CURVE('',#4337,#4339,#5090,.T.);
#3235=EDGE_CURVE('',#4338,#4340,#5091,.T.);
#3236=EDGE_CURVE('',#4340,#4339,#5092,.T.);
#3237=EDGE_CURVE('',#4339,#4341,#5093,.T.);
#3238=EDGE_CURVE('',#4340,#4342,#5094,.T.);
#3239=EDGE_CURVE('',#4342,#4341,#5095,.T.);
#3240=EDGE_CURVE('',#4341,#4343,#5096,.T.);
#3241=EDGE_CURVE('',#4342,#4344,#5097,.T.);
#3242=EDGE_CURVE('',#4344,#4343,#5098,.T.);
#3243=EDGE_CURVE('',#4343,#4345,#5099,.T.);
#3244=EDGE_CURVE('',#4344,#4346,#5100,.T.);
#3245=EDGE_CURVE('',#4346,#4345,#5101,.T.);
#3246=EDGE_CURVE('',#4345,#4347,#5102,.T.);
#3247=EDGE_CURVE('',#4346,#4348,#5103,.T.);
#3248=EDGE_CURVE('',#4348,#4347,#5104,.T.);
#3249=EDGE_CURVE('',#4347,#4349,#5105,.T.);
#3250=EDGE_CURVE('',#4348,#4350,#5106,.T.);
#3251=EDGE_CURVE('',#4350,#4349,#5107,.T.);
#3252=EDGE_CURVE('',#4349,#4351,#5108,.T.);
#3253=EDGE_CURVE('',#4350,#4352,#5109,.T.);
#3254=EDGE_CURVE('',#4352,#4351,#5110,.T.);
#3255=EDGE_CURVE('',#4351,#4353,#5111,.T.);
#3256=EDGE_CURVE('',#4352,#4354,#5112,.T.);
#3257=EDGE_CURVE('',#4354,#4353,#5113,.T.);
#3258=EDGE_CURVE('',#4353,#4355,#5114,.T.);
#3259=EDGE_CURVE('',#4354,#4356,#5115,.T.);
#3260=EDGE_CURVE('',#4356,#4355,#5116,.T.);
#3261=EDGE_CURVE('',#4355,#4357,#5117,.T.);
#3262=EDGE_CURVE('',#4356,#4358,#5118,.T.);
#3263=EDGE_CURVE('',#4358,#4357,#5119,.T.);
#3264=EDGE_CURVE('',#4357,#4359,#5120,.T.);
#3265=EDGE_CURVE('',#4358,#4360,#5121,.T.);
#3266=EDGE_CURVE('',#4360,#4359,#5122,.T.);
#3267=EDGE_CURVE('',#4359,#4361,#5123,.T.);
#3268=EDGE_CURVE('',#4360,#4362,#5124,.T.);
#3269=EDGE_CURVE('',#4362,#4361,#5125,.T.);
#3270=EDGE_CURVE('',#4363,#3981,#5126,.T.);
#3271=EDGE_CURVE('',#4363,#4364,#5127,.T.);
#3272=EDGE_CURVE('',#4364,#3982,#5128,.T.);
#3273=EDGE_CURVE('',#4364,#4365,#5129,.T.);
#3274=EDGE_CURVE('',#4365,#3983,#5130,.T.);
#3275=EDGE_CURVE('',#4365,#4366,#5131,.T.);
#3276=EDGE_CURVE('',#4366,#3984,#5132,.T.);
#3277=EDGE_CURVE('',#4366,#4367,#5133,.T.);
#3278=EDGE_CURVE('',#4367,#3985,#5134,.T.);
#3279=EDGE_CURVE('',#4367,#4368,#5135,.T.);
#3280=EDGE_CURVE('',#4368,#3986,#5136,.T.);
#3281=EDGE_CURVE('',#4368,#4369,#5137,.T.);
#3282=EDGE_CURVE('',#4369,#3987,#5138,.T.);
#3283=EDGE_CURVE('',#4369,#4370,#5139,.T.);
#3284=EDGE_CURVE('',#4370,#3988,#5140,.T.);
#3285=EDGE_CURVE('',#4370,#4371,#5141,.T.);
#3286=EDGE_CURVE('',#4371,#3989,#5142,.T.);
#3287=EDGE_CURVE('',#4371,#4372,#5143,.T.);
#3288=EDGE_CURVE('',#4372,#3990,#5144,.T.);
#3289=EDGE_CURVE('',#4372,#4373,#5145,.T.);
#3290=EDGE_CURVE('',#4373,#3991,#5146,.T.);
#3291=EDGE_CURVE('',#4373,#4374,#5147,.T.);
#3292=EDGE_CURVE('',#4374,#3992,#5148,.T.);
#3293=EDGE_CURVE('',#4374,#4375,#5149,.T.);
#3294=EDGE_CURVE('',#4375,#3993,#5150,.T.);
#3295=EDGE_CURVE('',#4375,#4376,#5151,.T.);
#3296=EDGE_CURVE('',#4376,#3994,#5152,.T.);
#3297=EDGE_CURVE('',#4376,#4377,#5153,.T.);
#3298=EDGE_CURVE('',#4377,#3995,#5154,.T.);
#3299=EDGE_CURVE('',#4377,#4378,#5155,.T.);
#3300=EDGE_CURVE('',#4378,#3996,#5156,.T.);
#3301=EDGE_CURVE('',#4378,#4379,#5157,.T.);
#3302=EDGE_CURVE('',#4379,#3997,#5158,.T.);
#3303=EDGE_CURVE('',#4379,#4380,#5159,.T.);
#3304=EDGE_CURVE('',#4380,#3998,#5160,.T.);
#3305=EDGE_CURVE('',#4380,#4381,#5161,.T.);
#3306=EDGE_CURVE('',#4381,#3999,#5162,.T.);
#3307=EDGE_CURVE('',#4381,#4382,#5163,.T.);
#3308=EDGE_CURVE('',#4382,#4000,#5164,.T.);
#3309=EDGE_CURVE('',#4382,#4383,#5165,.T.);
#3310=EDGE_CURVE('',#4383,#4001,#5166,.T.);
#3311=EDGE_CURVE('',#4383,#4384,#5167,.T.);
#3312=EDGE_CURVE('',#4384,#4002,#5168,.T.);
#3313=EDGE_CURVE('',#4384,#4385,#5169,.T.);
#3314=EDGE_CURVE('',#4385,#4003,#5170,.T.);
#3315=EDGE_CURVE('',#4385,#4386,#5171,.T.);
#3316=EDGE_CURVE('',#4386,#4004,#5172,.T.);
#3317=EDGE_CURVE('',#4386,#4387,#5173,.T.);
#3318=EDGE_CURVE('',#4387,#4005,#5174,.T.);
#3319=EDGE_CURVE('',#4387,#4388,#5175,.T.);
#3320=EDGE_CURVE('',#4388,#4006,#5176,.T.);
#3321=EDGE_CURVE('',#4388,#4389,#5177,.T.);
#3322=EDGE_CURVE('',#4389,#4007,#5178,.T.);
#3323=EDGE_CURVE('',#4389,#4390,#5179,.T.);
#3324=EDGE_CURVE('',#4390,#4008,#5180,.T.);
#3325=EDGE_CURVE('',#4390,#4391,#5181,.T.);
#3326=EDGE_CURVE('',#4391,#4009,#5182,.T.);
#3327=EDGE_CURVE('',#4391,#4392,#5183,.T.);
#3328=EDGE_CURVE('',#4392,#4010,#5184,.T.);
#3329=EDGE_CURVE('',#4392,#4393,#5185,.T.);
#3330=EDGE_CURVE('',#4393,#4011,#5186,.T.);
#3331=EDGE_CURVE('',#4393,#4394,#5187,.T.);
#3332=EDGE_CURVE('',#4394,#4012,#5188,.T.);
#3333=EDGE_CURVE('',#4394,#4395,#5189,.T.);
#3334=EDGE_CURVE('',#4395,#4013,#5190,.T.);
#3335=EDGE_CURVE('',#4395,#4396,#5191,.T.);
#3336=EDGE_CURVE('',#4396,#4014,#5192,.T.);
#3337=EDGE_CURVE('',#4396,#4397,#5193,.T.);
#3338=EDGE_CURVE('',#4397,#4015,#5194,.T.);
#3339=EDGE_CURVE('',#4397,#4398,#5195,.T.);
#3340=EDGE_CURVE('',#4398,#4016,#5196,.T.);
#3341=EDGE_CURVE('',#4398,#4399,#5197,.T.);
#3342=EDGE_CURVE('',#4399,#4017,#5198,.T.);
#3343=EDGE_CURVE('',#4399,#4400,#5199,.T.);
#3344=EDGE_CURVE('',#4400,#4018,#5200,.T.);
#3345=EDGE_CURVE('',#4400,#4401,#5201,.T.);
#3346=EDGE_CURVE('',#4401,#4019,#5202,.T.);
#3347=EDGE_CURVE('',#4401,#4402,#5203,.T.);
#3348=EDGE_CURVE('',#4402,#4020,#5204,.T.);
#3349=EDGE_CURVE('',#4402,#4403,#5205,.T.);
#3350=EDGE_CURVE('',#4403,#4021,#5206,.T.);
#3351=EDGE_CURVE('',#4403,#4404,#5207,.T.);
#3352=EDGE_CURVE('',#4404,#4022,#5208,.T.);
#3353=EDGE_CURVE('',#4404,#4405,#5209,.T.);
#3354=EDGE_CURVE('',#4405,#4023,#5210,.T.);
#3355=EDGE_CURVE('',#4405,#4406,#5211,.T.);
#3356=EDGE_CURVE('',#4406,#4024,#5212,.T.);
#3357=EDGE_CURVE('',#4406,#4407,#5213,.T.);
#3358=EDGE_CURVE('',#4407,#4025,#5214,.T.);
#3359=EDGE_CURVE('',#4407,#4408,#5215,.T.);
#3360=EDGE_CURVE('',#4408,#4026,#5216,.T.);
#3361=EDGE_CURVE('',#4408,#4409,#5217,.T.);
#3362=EDGE_CURVE('',#4409,#4027,#5218,.T.);
#3363=EDGE_CURVE('',#4409,#4410,#5219,.T.);
#3364=EDGE_CURVE('',#4410,#4028,#5220,.T.);
#3365=EDGE_CURVE('',#4410,#4411,#5221,.T.);
#3366=EDGE_CURVE('',#4411,#4029,#5222,.T.);
#3367=EDGE_CURVE('',#4411,#4412,#5223,.T.);
#3368=EDGE_CURVE('',#4412,#4030,#5224,.T.);
#3369=EDGE_CURVE('',#4412,#4413,#5225,.T.);
#3370=EDGE_CURVE('',#4413,#4031,#5226,.T.);
#3371=EDGE_CURVE('',#4413,#4414,#5227,.T.);
#3372=EDGE_CURVE('',#4414,#4032,#5228,.T.);
#3373=EDGE_CURVE('',#4414,#4415,#5229,.T.);
#3374=EDGE_CURVE('',#4415,#4033,#5230,.T.);
#3375=EDGE_CURVE('',#4415,#4416,#5231,.T.);
#3376=EDGE_CURVE('',#4416,#4034,#5232,.T.);
#3377=EDGE_CURVE('',#4416,#4417,#5233,.T.);
#3378=EDGE_CURVE('',#4417,#4035,#5234,.T.);
#3379=EDGE_CURVE('',#4417,#4418,#5235,.T.);
#3380=EDGE_CURVE('',#4418,#4036,#5236,.T.);
#3381=EDGE_CURVE('',#4418,#4419,#5237,.T.);
#3382=EDGE_CURVE('',#4419,#4037,#5238,.T.);
#3383=EDGE_CURVE('',#4419,#4420,#5239,.T.);
#3384=EDGE_CURVE('',#4420,#4038,#5240,.T.);
#3385=EDGE_CURVE('',#4420,#4421,#5241,.T.);
#3386=EDGE_CURVE('',#4421,#4039,#5242,.T.);
#3387=EDGE_CURVE('',#4421,#4422,#5243,.T.);
#3388=EDGE_CURVE('',#4422,#4040,#5244,.T.);
#3389=EDGE_CURVE('',#4422,#4423,#5245,.T.);
#3390=EDGE_CURVE('',#4423,#4041,#5246,.T.);
#3391=EDGE_CURVE('',#4423,#4424,#5247,.T.);
#3392=EDGE_CURVE('',#4424,#4042,#5248,.T.);
#3393=EDGE_CURVE('',#4424,#4425,#5249,.T.);
#3394=EDGE_CURVE('',#4425,#4043,#5250,.T.);
#3395=EDGE_CURVE('',#4425,#4426,#5251,.T.);
#3396=EDGE_CURVE('',#4426,#4044,#5252,.T.);
#3397=EDGE_CURVE('',#4426,#4427,#5253,.T.);
#3398=EDGE_CURVE('',#4427,#4045,#5254,.T.);
#3399=EDGE_CURVE('',#4427,#4428,#5255,.T.);
#3400=EDGE_CURVE('',#4428,#4046,#5256,.T.);
#3401=EDGE_CURVE('',#4428,#4429,#5257,.T.);
#3402=EDGE_CURVE('',#4429,#4047,#5258,.T.);
#3403=EDGE_CURVE('',#4429,#4430,#5259,.T.);
#3404=EDGE_CURVE('',#4430,#4048,#5260,.T.);
#3405=EDGE_CURVE('',#4430,#4431,#5261,.T.);
#3406=EDGE_CURVE('',#4431,#4049,#5262,.T.);
#3407=EDGE_CURVE('',#4431,#4432,#5263,.T.);
#3408=EDGE_CURVE('',#4432,#4050,#5264,.T.);
#3409=EDGE_CURVE('',#4432,#4433,#5265,.T.);
#3410=EDGE_CURVE('',#4433,#4051,#5266,.T.);
#3411=EDGE_CURVE('',#4433,#4434,#5267,.T.);
#3412=EDGE_CURVE('',#4434,#4052,#5268,.T.);
#3413=EDGE_CURVE('',#4434,#4435,#5269,.T.);
#3414=EDGE_CURVE('',#4435,#4053,#5270,.T.);
#3415=EDGE_CURVE('',#4435,#4436,#5271,.T.);
#3416=EDGE_CURVE('',#4436,#4054,#5272,.T.);
#3417=EDGE_CURVE('',#4436,#4437,#5273,.T.);
#3418=EDGE_CURVE('',#4437,#4055,#5274,.T.);
#3419=EDGE_CURVE('',#4437,#4438,#5275,.T.);
#3420=EDGE_CURVE('',#4438,#4056,#5276,.T.);
#3421=EDGE_CURVE('',#4438,#4439,#5277,.T.);
#3422=EDGE_CURVE('',#4439,#4057,#5278,.T.);
#3423=EDGE_CURVE('',#4439,#4440,#5279,.T.);
#3424=EDGE_CURVE('',#4440,#4058,#5280,.T.);
#3425=EDGE_CURVE('',#4440,#4441,#5281,.T.);
#3426=EDGE_CURVE('',#4441,#4059,#5282,.T.);
#3427=EDGE_CURVE('',#4441,#4442,#5283,.T.);
#3428=EDGE_CURVE('',#4442,#4060,#5284,.T.);
#3429=EDGE_CURVE('',#4442,#4443,#5285,.T.);
#3430=EDGE_CURVE('',#4443,#4061,#5286,.T.);
#3431=EDGE_CURVE('',#4443,#4444,#5287,.T.);
#3432=EDGE_CURVE('',#4444,#4062,#5288,.T.);
#3433=EDGE_CURVE('',#4444,#4445,#5289,.T.);
#3434=EDGE_CURVE('',#4445,#4063,#5290,.T.);
#3435=EDGE_CURVE('',#4445,#4446,#5291,.T.);
#3436=EDGE_CURVE('',#4446,#4064,#5292,.T.);
#3437=EDGE_CURVE('',#4446,#4447,#5293,.T.);
#3438=EDGE_CURVE('',#4447,#4065,#5294,.T.);
#3439=EDGE_CURVE('',#4447,#4448,#5295,.T.);
#3440=EDGE_CURVE('',#4448,#4066,#5296,.T.);
#3441=EDGE_CURVE('',#4448,#4449,#5297,.T.);
#3442=EDGE_CURVE('',#4449,#4067,#5298,.T.);
#3443=EDGE_CURVE('',#4449,#4450,#5299,.T.);
#3444=EDGE_CURVE('',#4450,#4068,#5300,.T.);
#3445=EDGE_CURVE('',#4450,#4451,#5301,.T.);
#3446=EDGE_CURVE('',#4451,#4069,#5302,.T.);
#3447=EDGE_CURVE('',#4451,#4452,#5303,.T.);
#3448=EDGE_CURVE('',#4452,#4070,#5304,.T.);
#3449=EDGE_CURVE('',#4452,#4453,#5305,.T.);
#3450=EDGE_CURVE('',#4453,#4071,#5306,.T.);
#3451=EDGE_CURVE('',#4453,#4454,#5307,.T.);
#3452=EDGE_CURVE('',#4454,#4072,#5308,.T.);
#3453=EDGE_CURVE('',#4454,#4455,#5309,.T.);
#3454=EDGE_CURVE('',#4455,#4073,#5310,.T.);
#3455=EDGE_CURVE('',#4455,#4456,#5311,.T.);
#3456=EDGE_CURVE('',#4456,#4074,#5312,.T.);
#3457=EDGE_CURVE('',#4456,#4457,#5313,.T.);
#3458=EDGE_CURVE('',#4457,#4075,#5314,.T.);
#3459=EDGE_CURVE('',#4457,#4363,#5315,.T.);
#3460=EDGE_CURVE('',#4361,#4305,#5316,.T.);
#3461=EDGE_CURVE('',#4362,#4307,#5317,.T.);
#3462=EDGE_CURVE('',#4458,#4092,#5318,.T.);
#3463=EDGE_CURVE('',#4458,#4459,#5319,.T.);
#3464=EDGE_CURVE('',#4459,#4093,#5320,.T.);
#3465=EDGE_CURVE('',#4459,#4460,#5321,.T.);
#3466=EDGE_CURVE('',#4460,#4094,#5322,.T.);
#3467=EDGE_CURVE('',#4460,#4461,#5323,.T.);
#3468=EDGE_CURVE('',#4461,#4095,#5324,.T.);
#3469=EDGE_CURVE('',#4461,#4462,#5325,.T.);
#3470=EDGE_CURVE('',#4462,#4096,#5326,.T.);
#3471=EDGE_CURVE('',#4462,#4463,#5327,.T.);
#3472=EDGE_CURVE('',#4463,#4097,#5328,.T.);
#3473=EDGE_CURVE('',#4463,#4464,#5329,.T.);
#3474=EDGE_CURVE('',#4464,#4098,#5330,.T.);
#3475=EDGE_CURVE('',#4464,#4458,#5331,.T.);
#3476=EDGE_CURVE('',#4465,#4466,#5332,.T.);
#3477=EDGE_CURVE('',#4467,#4465,#5333,.T.);
#3478=EDGE_CURVE('',#4467,#4468,#5334,.T.);
#3479=EDGE_CURVE('',#4468,#4466,#5335,.T.);
#3480=EDGE_CURVE('',#4466,#4469,#5336,.T.);
#3481=EDGE_CURVE('',#4468,#4470,#5337,.T.);
#3482=EDGE_CURVE('',#4470,#4469,#5338,.T.);
#3483=EDGE_CURVE('',#4469,#4471,#5339,.T.);
#3484=EDGE_CURVE('',#4470,#4472,#5340,.T.);
#3485=EDGE_CURVE('',#4472,#4471,#5341,.T.);
#3486=EDGE_CURVE('',#4471,#4473,#5342,.T.);
#3487=EDGE_CURVE('',#4472,#4474,#5343,.T.);
#3488=EDGE_CURVE('',#4474,#4473,#5344,.T.);
#3489=EDGE_CURVE('',#4473,#4475,#5345,.T.);
#3490=EDGE_CURVE('',#4474,#4476,#5346,.T.);
#3491=EDGE_CURVE('',#4476,#4475,#5347,.T.);
#3492=EDGE_CURVE('',#4475,#4477,#5348,.T.);
#3493=EDGE_CURVE('',#4476,#4478,#5349,.T.);
#3494=EDGE_CURVE('',#4478,#4477,#5350,.T.);
#3495=EDGE_CURVE('',#4477,#4479,#5351,.T.);
#3496=EDGE_CURVE('',#4478,#4480,#5352,.T.);
#3497=EDGE_CURVE('',#4480,#4479,#5353,.T.);
#3498=EDGE_CURVE('',#4479,#4481,#5354,.T.);
#3499=EDGE_CURVE('',#4480,#4482,#5355,.T.);
#3500=EDGE_CURVE('',#4482,#4481,#5356,.T.);
#3501=EDGE_CURVE('',#4481,#4483,#5357,.T.);
#3502=EDGE_CURVE('',#4482,#4484,#5358,.T.);
#3503=EDGE_CURVE('',#4484,#4483,#5359,.T.);
#3504=EDGE_CURVE('',#4483,#4485,#5360,.T.);
#3505=EDGE_CURVE('',#4484,#4486,#5361,.T.);
#3506=EDGE_CURVE('',#4486,#4485,#5362,.T.);
#3507=EDGE_CURVE('',#4485,#4487,#5363,.T.);
#3508=EDGE_CURVE('',#4486,#4488,#5364,.T.);
#3509=EDGE_CURVE('',#4488,#4487,#5365,.T.);
#3510=EDGE_CURVE('',#4487,#4489,#5366,.T.);
#3511=EDGE_CURVE('',#4488,#4490,#5367,.T.);
#3512=EDGE_CURVE('',#4490,#4489,#5368,.T.);
#3513=EDGE_CURVE('',#4489,#4491,#5369,.T.);
#3514=EDGE_CURVE('',#4490,#4492,#5370,.T.);
#3515=EDGE_CURVE('',#4492,#4491,#5371,.T.);
#3516=EDGE_CURVE('',#4491,#4493,#5372,.T.);
#3517=EDGE_CURVE('',#4492,#4494,#5373,.T.);
#3518=EDGE_CURVE('',#4494,#4493,#5374,.T.);
#3519=EDGE_CURVE('',#4493,#4495,#5375,.T.);
#3520=EDGE_CURVE('',#4494,#4496,#5376,.T.);
#3521=EDGE_CURVE('',#4496,#4495,#5377,.T.);
#3522=EDGE_CURVE('',#4495,#4497,#5378,.T.);
#3523=EDGE_CURVE('',#4496,#4498,#5379,.T.);
#3524=EDGE_CURVE('',#4498,#4497,#5380,.T.);
#3525=EDGE_CURVE('',#4497,#4499,#5381,.T.);
#3526=EDGE_CURVE('',#4498,#4500,#5382,.T.);
#3527=EDGE_CURVE('',#4500,#4499,#5383,.T.);
#3528=EDGE_CURVE('',#4499,#4501,#5384,.T.);
#3529=EDGE_CURVE('',#4500,#4502,#5385,.T.);
#3530=EDGE_CURVE('',#4502,#4501,#5386,.T.);
#3531=EDGE_CURVE('',#4501,#4503,#5387,.T.);
#3532=EDGE_CURVE('',#4502,#4504,#5388,.T.);
#3533=EDGE_CURVE('',#4504,#4503,#5389,.T.);
#3534=EDGE_CURVE('',#4503,#4505,#5390,.T.);
#3535=EDGE_CURVE('',#4504,#4506,#5391,.T.);
#3536=EDGE_CURVE('',#4506,#4505,#5392,.T.);
#3537=EDGE_CURVE('',#4505,#4507,#5393,.T.);
#3538=EDGE_CURVE('',#4506,#4508,#5394,.T.);
#3539=EDGE_CURVE('',#4508,#4507,#5395,.T.);
#3540=EDGE_CURVE('',#4507,#4509,#5396,.T.);
#3541=EDGE_CURVE('',#4508,#4510,#5397,.T.);
#3542=EDGE_CURVE('',#4510,#4509,#5398,.T.);
#3543=EDGE_CURVE('',#4509,#4511,#5399,.T.);
#3544=EDGE_CURVE('',#4510,#4512,#5400,.T.);
#3545=EDGE_CURVE('',#4512,#4511,#5401,.T.);
#3546=EDGE_CURVE('',#4511,#4513,#5402,.T.);
#3547=EDGE_CURVE('',#4512,#4514,#5403,.T.);
#3548=EDGE_CURVE('',#4514,#4513,#5404,.T.);
#3549=EDGE_CURVE('',#4513,#4515,#5405,.T.);
#3550=EDGE_CURVE('',#4514,#4516,#5406,.T.);
#3551=EDGE_CURVE('',#4516,#4515,#5407,.T.);
#3552=EDGE_CURVE('',#4515,#4517,#5408,.T.);
#3553=EDGE_CURVE('',#4516,#4518,#5409,.T.);
#3554=EDGE_CURVE('',#4518,#4517,#5410,.T.);
#3555=EDGE_CURVE('',#4517,#4519,#5411,.T.);
#3556=EDGE_CURVE('',#4518,#4520,#5412,.T.);
#3557=EDGE_CURVE('',#4520,#4519,#5413,.T.);
#3558=EDGE_CURVE('',#4519,#4521,#5414,.T.);
#3559=EDGE_CURVE('',#4520,#4522,#5415,.T.);
#3560=EDGE_CURVE('',#4522,#4521,#5416,.T.);
#3561=EDGE_CURVE('',#4523,#3886,#5417,.T.);
#3562=EDGE_CURVE('',#4523,#4524,#5418,.T.);
#3563=EDGE_CURVE('',#4524,#3887,#5419,.T.);
#3564=EDGE_CURVE('',#4524,#4525,#5420,.T.);
#3565=EDGE_CURVE('',#4525,#3888,#5421,.T.);
#3566=EDGE_CURVE('',#4525,#4526,#5422,.T.);
#3567=EDGE_CURVE('',#4526,#3889,#5423,.T.);
#3568=EDGE_CURVE('',#4526,#4527,#5424,.T.);
#3569=EDGE_CURVE('',#4527,#3890,#5425,.T.);
#3570=EDGE_CURVE('',#4527,#4528,#5426,.T.);
#3571=EDGE_CURVE('',#4528,#3891,#5427,.T.);
#3572=EDGE_CURVE('',#4528,#4529,#5428,.T.);
#3573=EDGE_CURVE('',#4529,#3892,#5429,.T.);
#3574=EDGE_CURVE('',#4529,#4530,#5430,.T.);
#3575=EDGE_CURVE('',#4530,#3893,#5431,.T.);
#3576=EDGE_CURVE('',#4530,#4531,#5432,.T.);
#3577=EDGE_CURVE('',#4531,#3894,#5433,.T.);
#3578=EDGE_CURVE('',#4531,#4532,#5434,.T.);
#3579=EDGE_CURVE('',#4532,#3895,#5435,.T.);
#3580=EDGE_CURVE('',#4532,#4533,#5436,.T.);
#3581=EDGE_CURVE('',#4533,#3896,#5437,.T.);
#3582=EDGE_CURVE('',#4533,#4534,#5438,.T.);
#3583=EDGE_CURVE('',#4534,#3897,#5439,.T.);
#3584=EDGE_CURVE('',#4534,#4535,#5440,.T.);
#3585=EDGE_CURVE('',#4535,#3898,#5441,.T.);
#3586=EDGE_CURVE('',#4535,#4536,#5442,.T.);
#3587=EDGE_CURVE('',#4536,#3899,#5443,.T.);
#3588=EDGE_CURVE('',#4536,#4537,#5444,.T.);
#3589=EDGE_CURVE('',#4537,#3900,#5445,.T.);
#3590=EDGE_CURVE('',#4537,#4538,#5446,.T.);
#3591=EDGE_CURVE('',#4538,#3901,#5447,.T.);
#3592=EDGE_CURVE('',#4538,#4539,#5448,.T.);
#3593=EDGE_CURVE('',#4539,#3902,#5449,.T.);
#3594=EDGE_CURVE('',#4539,#4540,#5450,.T.);
#3595=EDGE_CURVE('',#4540,#3903,#5451,.T.);
#3596=EDGE_CURVE('',#4540,#4541,#5452,.T.);
#3597=EDGE_CURVE('',#4541,#3904,#5453,.T.);
#3598=EDGE_CURVE('',#4541,#4542,#5454,.T.);
#3599=EDGE_CURVE('',#4542,#3905,#5455,.T.);
#3600=EDGE_CURVE('',#4542,#4543,#5456,.T.);
#3601=EDGE_CURVE('',#4543,#3906,#5457,.T.);
#3602=EDGE_CURVE('',#4543,#4544,#5458,.T.);
#3603=EDGE_CURVE('',#4544,#3907,#5459,.T.);
#3604=EDGE_CURVE('',#4544,#4545,#5460,.T.);
#3605=EDGE_CURVE('',#4545,#3908,#5461,.T.);
#3606=EDGE_CURVE('',#4545,#4546,#5462,.T.);
#3607=EDGE_CURVE('',#4546,#3909,#5463,.T.);
#3608=EDGE_CURVE('',#4546,#4547,#5464,.T.);
#3609=EDGE_CURVE('',#4547,#3910,#5465,.T.);
#3610=EDGE_CURVE('',#4547,#4548,#5466,.T.);
#3611=EDGE_CURVE('',#4548,#3911,#5467,.T.);
#3612=EDGE_CURVE('',#4548,#4549,#5468,.T.);
#3613=EDGE_CURVE('',#4549,#3912,#5469,.T.);
#3614=EDGE_CURVE('',#4549,#4550,#5470,.T.);
#3615=EDGE_CURVE('',#4550,#3913,#5471,.T.);
#3616=EDGE_CURVE('',#4550,#4551,#5472,.T.);
#3617=EDGE_CURVE('',#4551,#3914,#5473,.T.);
#3618=EDGE_CURVE('',#4551,#4552,#5474,.T.);
#3619=EDGE_CURVE('',#4552,#3915,#5475,.T.);
#3620=EDGE_CURVE('',#4552,#4553,#5476,.T.);
#3621=EDGE_CURVE('',#4553,#3916,#5477,.T.);
#3622=EDGE_CURVE('',#4553,#4554,#5478,.T.);
#3623=EDGE_CURVE('',#4554,#3917,#5479,.T.);
#3624=EDGE_CURVE('',#4554,#4555,#5480,.T.);
#3625=EDGE_CURVE('',#4555,#3918,#5481,.T.);
#3626=EDGE_CURVE('',#4555,#4556,#5482,.T.);
#3627=EDGE_CURVE('',#4556,#3919,#5483,.T.);
#3628=EDGE_CURVE('',#4556,#4557,#5484,.T.);
#3629=EDGE_CURVE('',#4557,#3920,#5485,.T.);
#3630=EDGE_CURVE('',#4557,#4558,#5486,.T.);
#3631=EDGE_CURVE('',#4558,#3921,#5487,.T.);
#3632=EDGE_CURVE('',#4558,#4559,#5488,.T.);
#3633=EDGE_CURVE('',#4559,#3922,#5489,.T.);
#3634=EDGE_CURVE('',#4559,#4560,#5490,.T.);
#3635=EDGE_CURVE('',#4560,#3923,#5491,.T.);
#3636=EDGE_CURVE('',#4560,#4561,#5492,.T.);
#3637=EDGE_CURVE('',#4561,#3924,#5493,.T.);
#3638=EDGE_CURVE('',#4561,#4562,#5494,.T.);
#3639=EDGE_CURVE('',#4562,#3925,#5495,.T.);
#3640=EDGE_CURVE('',#4562,#4563,#5496,.T.);
#3641=EDGE_CURVE('',#4563,#3926,#5497,.T.);
#3642=EDGE_CURVE('',#4563,#4564,#5498,.T.);
#3643=EDGE_CURVE('',#4564,#3927,#5499,.T.);
#3644=EDGE_CURVE('',#4564,#4565,#5500,.T.);
#3645=EDGE_CURVE('',#4565,#3928,#5501,.T.);
#3646=EDGE_CURVE('',#4565,#4566,#5502,.T.);
#3647=EDGE_CURVE('',#4566,#3929,#5503,.T.);
#3648=EDGE_CURVE('',#4566,#4567,#5504,.T.);
#3649=EDGE_CURVE('',#4567,#3930,#5505,.T.);
#3650=EDGE_CURVE('',#4567,#4568,#5506,.T.);
#3651=EDGE_CURVE('',#4568,#3931,#5507,.T.);
#3652=EDGE_CURVE('',#4568,#4569,#5508,.T.);
#3653=EDGE_CURVE('',#4569,#3932,#5509,.T.);
#3654=EDGE_CURVE('',#4569,#4570,#5510,.T.);
#3655=EDGE_CURVE('',#4570,#3933,#5511,.T.);
#3656=EDGE_CURVE('',#4570,#4571,#5512,.T.);
#3657=EDGE_CURVE('',#4571,#3934,#5513,.T.);
#3658=EDGE_CURVE('',#4571,#4572,#5514,.T.);
#3659=EDGE_CURVE('',#4572,#3935,#5515,.T.);
#3660=EDGE_CURVE('',#4572,#4573,#5516,.T.);
#3661=EDGE_CURVE('',#4573,#3936,#5517,.T.);
#3662=EDGE_CURVE('',#4573,#4574,#5518,.T.);
#3663=EDGE_CURVE('',#4574,#3937,#5519,.T.);
#3664=EDGE_CURVE('',#4574,#4575,#5520,.T.);
#3665=EDGE_CURVE('',#4575,#3938,#5521,.T.);
#3666=EDGE_CURVE('',#4575,#4576,#5522,.T.);
#3667=EDGE_CURVE('',#4576,#3939,#5523,.T.);
#3668=EDGE_CURVE('',#4576,#4577,#5524,.T.);
#3669=EDGE_CURVE('',#4577,#3940,#5525,.T.);
#3670=EDGE_CURVE('',#4577,#4578,#5526,.T.);
#3671=EDGE_CURVE('',#4578,#3941,#5527,.T.);
#3672=EDGE_CURVE('',#4578,#4579,#5528,.T.);
#3673=EDGE_CURVE('',#4579,#3942,#5529,.T.);
#3674=EDGE_CURVE('',#4579,#4580,#5530,.T.);
#3675=EDGE_CURVE('',#4580,#3943,#5531,.T.);
#3676=EDGE_CURVE('',#4580,#4581,#5532,.T.);
#3677=EDGE_CURVE('',#4581,#3944,#5533,.T.);
#3678=EDGE_CURVE('',#4581,#4582,#5534,.T.);
#3679=EDGE_CURVE('',#4582,#3945,#5535,.T.);
#3680=EDGE_CURVE('',#4582,#4583,#5536,.T.);
#3681=EDGE_CURVE('',#4583,#3946,#5537,.T.);
#3682=EDGE_CURVE('',#4583,#4584,#5538,.T.);
#3683=EDGE_CURVE('',#4584,#3947,#5539,.T.);
#3684=EDGE_CURVE('',#4584,#4585,#5540,.T.);
#3685=EDGE_CURVE('',#4585,#3948,#5541,.T.);
#3686=EDGE_CURVE('',#4585,#4586,#5542,.T.);
#3687=EDGE_CURVE('',#4586,#3949,#5543,.T.);
#3688=EDGE_CURVE('',#4586,#4587,#5544,.T.);
#3689=EDGE_CURVE('',#4587,#3950,#5545,.T.);
#3690=EDGE_CURVE('',#4587,#4588,#5546,.T.);
#3691=EDGE_CURVE('',#4588,#3951,#5547,.T.);
#3692=EDGE_CURVE('',#4588,#4589,#5548,.T.);
#3693=EDGE_CURVE('',#4589,#3952,#5549,.T.);
#3694=EDGE_CURVE('',#4589,#4590,#5550,.T.);
#3695=EDGE_CURVE('',#4590,#3953,#5551,.T.);
#3696=EDGE_CURVE('',#4590,#4591,#5552,.T.);
#3697=EDGE_CURVE('',#4591,#3954,#5553,.T.);
#3698=EDGE_CURVE('',#4591,#4592,#5554,.T.);
#3699=EDGE_CURVE('',#4592,#3955,#5555,.T.);
#3700=EDGE_CURVE('',#4592,#4593,#5556,.T.);
#3701=EDGE_CURVE('',#4593,#3956,#5557,.T.);
#3702=EDGE_CURVE('',#4593,#4594,#5558,.T.);
#3703=EDGE_CURVE('',#4594,#3957,#5559,.T.);
#3704=EDGE_CURVE('',#4594,#4595,#5560,.T.);
#3705=EDGE_CURVE('',#4595,#3958,#5561,.T.);
#3706=EDGE_CURVE('',#4595,#4596,#5562,.T.);
#3707=EDGE_CURVE('',#4596,#3959,#5563,.T.);
#3708=EDGE_CURVE('',#4596,#4597,#5564,.T.);
#3709=EDGE_CURVE('',#4597,#3960,#5565,.T.);
#3710=EDGE_CURVE('',#4597,#4598,#5566,.T.);
#3711=EDGE_CURVE('',#4598,#3961,#5567,.T.);
#3712=EDGE_CURVE('',#4598,#4599,#5568,.T.);
#3713=EDGE_CURVE('',#4599,#3962,#5569,.T.);
#3714=EDGE_CURVE('',#4599,#4600,#5570,.T.);
#3715=EDGE_CURVE('',#4600,#3963,#5571,.T.);
#3716=EDGE_CURVE('',#4600,#4601,#5572,.T.);
#3717=EDGE_CURVE('',#4601,#3964,#5573,.T.);
#3718=EDGE_CURVE('',#4601,#4602,#5574,.T.);
#3719=EDGE_CURVE('',#4602,#3965,#5575,.T.);
#3720=EDGE_CURVE('',#4602,#4603,#5576,.T.);
#3721=EDGE_CURVE('',#4603,#3966,#5577,.T.);
#3722=EDGE_CURVE('',#4603,#4604,#5578,.T.);
#3723=EDGE_CURVE('',#4604,#3967,#5579,.T.);
#3724=EDGE_CURVE('',#4604,#4605,#5580,.T.);
#3725=EDGE_CURVE('',#4605,#3968,#5581,.T.);
#3726=EDGE_CURVE('',#4605,#4606,#5582,.T.);
#3727=EDGE_CURVE('',#4606,#3969,#5583,.T.);
#3728=EDGE_CURVE('',#4606,#4607,#5584,.T.);
#3729=EDGE_CURVE('',#4607,#3970,#5585,.T.);
#3730=EDGE_CURVE('',#4607,#4608,#5586,.T.);
#3731=EDGE_CURVE('',#4608,#3971,#5587,.T.);
#3732=EDGE_CURVE('',#4608,#4609,#5588,.T.);
#3733=EDGE_CURVE('',#4609,#3972,#5589,.T.);
#3734=EDGE_CURVE('',#4609,#4610,#5590,.T.);
#3735=EDGE_CURVE('',#4610,#3973,#5591,.T.);
#3736=EDGE_CURVE('',#4610,#4611,#5592,.T.);
#3737=EDGE_CURVE('',#4611,#3974,#5593,.T.);
#3738=EDGE_CURVE('',#4611,#4612,#5594,.T.);
#3739=EDGE_CURVE('',#4612,#3975,#5595,.T.);
#3740=EDGE_CURVE('',#4612,#4613,#5596,.T.);
#3741=EDGE_CURVE('',#4613,#3976,#5597,.T.);
#3742=EDGE_CURVE('',#4613,#4614,#5598,.T.);
#3743=EDGE_CURVE('',#4614,#3977,#5599,.T.);
#3744=EDGE_CURVE('',#4614,#4615,#5600,.T.);
#3745=EDGE_CURVE('',#4615,#3978,#5601,.T.);
#3746=EDGE_CURVE('',#4615,#4616,#5602,.T.);
#3747=EDGE_CURVE('',#4616,#3979,#5603,.T.);
#3748=EDGE_CURVE('',#4616,#4617,#5604,.T.);
#3749=EDGE_CURVE('',#4617,#3980,#5605,.T.);
#3750=EDGE_CURVE('',#4617,#4523,#5606,.T.);
#3751=EDGE_CURVE('',#4521,#4465,#5607,.T.);
#3752=EDGE_CURVE('',#4522,#4467,#5608,.T.);
#3753=EDGE_CURVE('',#4618,#4099,#5609,.T.);
#3754=EDGE_CURVE('',#4618,#4619,#5610,.T.);
#3755=EDGE_CURVE('',#4619,#4100,#5611,.T.);
#3756=EDGE_CURVE('',#4619,#4620,#5612,.T.);
#3757=EDGE_CURVE('',#4620,#4101,#5613,.T.);
#3758=EDGE_CURVE('',#4620,#4621,#5614,.T.);
#3759=EDGE_CURVE('',#4621,#4102,#5615,.T.);
#3760=EDGE_CURVE('',#4621,#4622,#5616,.T.);
#3761=EDGE_CURVE('',#4622,#4103,#5617,.T.);
#3762=EDGE_CURVE('',#4622,#4623,#5618,.T.);
#3763=EDGE_CURVE('',#4623,#4104,#5619,.T.);
#3764=EDGE_CURVE('',#4623,#4624,#5620,.T.);
#3765=EDGE_CURVE('',#4624,#4105,#5621,.T.);
#3766=EDGE_CURVE('',#4624,#4625,#5622,.T.);
#3767=EDGE_CURVE('',#4625,#4106,#5623,.T.);
#3768=EDGE_CURVE('',#4625,#4626,#5624,.T.);
#3769=EDGE_CURVE('',#4626,#4107,#5625,.T.);
#3770=EDGE_CURVE('',#4626,#4627,#5626,.T.);
#3771=EDGE_CURVE('',#4627,#4108,#5627,.T.);
#3772=EDGE_CURVE('',#4627,#4628,#5628,.T.);
#3773=EDGE_CURVE('',#4628,#4109,#5629,.T.);
#3774=EDGE_CURVE('',#4628,#4629,#5630,.T.);
#3775=EDGE_CURVE('',#4629,#4110,#5631,.T.);
#3776=EDGE_CURVE('',#4629,#4630,#5632,.T.);
#3777=EDGE_CURVE('',#4630,#4111,#5633,.T.);
#3778=EDGE_CURVE('',#4630,#4631,#5634,.T.);
#3779=EDGE_CURVE('',#4631,#4112,#5635,.T.);
#3780=EDGE_CURVE('',#4631,#4632,#5636,.T.);
#3781=EDGE_CURVE('',#4632,#4113,#5637,.T.);
#3782=EDGE_CURVE('',#4632,#4633,#5638,.T.);
#3783=EDGE_CURVE('',#4633,#4114,#5639,.T.);
#3784=EDGE_CURVE('',#4633,#4634,#5640,.T.);
#3785=EDGE_CURVE('',#4634,#4115,#5641,.T.);
#3786=EDGE_CURVE('',#4634,#4635,#5642,.T.);
#3787=EDGE_CURVE('',#4635,#4116,#5643,.T.);
#3788=EDGE_CURVE('',#4635,#4636,#5644,.T.);
#3789=EDGE_CURVE('',#4636,#4117,#5645,.T.);
#3790=EDGE_CURVE('',#4636,#4637,#5646,.T.);
#3791=EDGE_CURVE('',#4637,#4118,#5647,.T.);
#3792=EDGE_CURVE('',#4637,#4638,#5648,.T.);
#3793=EDGE_CURVE('',#4638,#4119,#5649,.T.);
#3794=EDGE_CURVE('',#4638,#4639,#5650,.T.);
#3795=EDGE_CURVE('',#4639,#4120,#5651,.T.);
#3796=EDGE_CURVE('',#4639,#4640,#5652,.T.);
#3797=EDGE_CURVE('',#4640,#4121,#5653,.T.);
#3798=EDGE_CURVE('',#4640,#4641,#5654,.T.);
#3799=EDGE_CURVE('',#4641,#4122,#5655,.T.);
#3800=EDGE_CURVE('',#4641,#4642,#5656,.T.);
#3801=EDGE_CURVE('',#4642,#4123,#5657,.T.);
#3802=EDGE_CURVE('',#4642,#4643,#5658,.T.);
#3803=EDGE_CURVE('',#4643,#4124,#5659,.T.);
#3804=EDGE_CURVE('',#4643,#4644,#5660,.T.);
#3805=EDGE_CURVE('',#4644,#4125,#5661,.T.);
#3806=EDGE_CURVE('',#4644,#4645,#5662,.T.);
#3807=EDGE_CURVE('',#4645,#4126,#5663,.T.);
#3808=EDGE_CURVE('',#4645,#4646,#5664,.T.);
#3809=EDGE_CURVE('',#4646,#4127,#5665,.T.);
#3810=EDGE_CURVE('',#4646,#4647,#5666,.T.);
#3811=EDGE_CURVE('',#4647,#4128,#5667,.T.);
#3812=EDGE_CURVE('',#4647,#4648,#5668,.T.);
#3813=EDGE_CURVE('',#4648,#4129,#5669,.T.);
#3814=EDGE_CURVE('',#4648,#4649,#5670,.T.);
#3815=EDGE_CURVE('',#4649,#4130,#5671,.T.);
#3816=EDGE_CURVE('',#4649,#4650,#5672,.T.);
#3817=EDGE_CURVE('',#4650,#4131,#5673,.T.);
#3818=EDGE_CURVE('',#4650,#4651,#5674,.T.);
#3819=EDGE_CURVE('',#4651,#4132,#5675,.T.);
#3820=EDGE_CURVE('',#4651,#4652,#5676,.T.);
#3821=EDGE_CURVE('',#4652,#4133,#5677,.T.);
#3822=EDGE_CURVE('',#4652,#4653,#5678,.T.);
#3823=EDGE_CURVE('',#4653,#4134,#5679,.T.);
#3824=EDGE_CURVE('',#4653,#4654,#5680,.T.);
#3825=EDGE_CURVE('',#4654,#4135,#5681,.T.);
#3826=EDGE_CURVE('',#4654,#4655,#5682,.T.);
#3827=EDGE_CURVE('',#4655,#4136,#5683,.T.);
#3828=EDGE_CURVE('',#4655,#4656,#5684,.T.);
#3829=EDGE_CURVE('',#4656,#4137,#5685,.T.);
#3830=EDGE_CURVE('',#4656,#4657,#5686,.T.);
#3831=EDGE_CURVE('',#4657,#4138,#5687,.T.);
#3832=EDGE_CURVE('',#4657,#4658,#5688,.T.);
#3833=EDGE_CURVE('',#4658,#4139,#5689,.T.);
#3834=EDGE_CURVE('',#4658,#4659,#5690,.T.);
#3835=EDGE_CURVE('',#4659,#4140,#5691,.T.);
#3836=EDGE_CURVE('',#4659,#4660,#5692,.T.);
#3837=EDGE_CURVE('',#4660,#4141,#5693,.T.);
#3838=EDGE_CURVE('',#4660,#4661,#5694,.T.);
#3839=EDGE_CURVE('',#4661,#4142,#5695,.T.);
#3840=EDGE_CURVE('',#4661,#4662,#5696,.T.);
#3841=EDGE_CURVE('',#4662,#4143,#5697,.T.);
#3842=EDGE_CURVE('',#4662,#4663,#5698,.T.);
#3843=EDGE_CURVE('',#4663,#4144,#5699,.T.);
#3844=EDGE_CURVE('',#4663,#4664,#5700,.T.);
#3845=EDGE_CURVE('',#4664,#4145,#5701,.T.);
#3846=EDGE_CURVE('',#4664,#4665,#5702,.T.);
#3847=EDGE_CURVE('',#4665,#4146,#5703,.T.);
#3848=EDGE_CURVE('',#4665,#4618,#5704,.T.);
#3849=EDGE_CURVE('',#4666,#4666,#241,.T.);
#3850=EDGE_CURVE('',#4667,#4667,#242,.T.);
#3851=EDGE_CURVE('',#4668,#4668,#243,.T.);
#3852=EDGE_CURVE('',#4669,#4669,#244,.T.);
#3853=EDGE_CURVE('',#4670,#4670,#245,.T.);
#3854=EDGE_CURVE('',#4671,#4671,#246,.T.);
#3855=EDGE_CURVE('',#3884,#4234,#5705,.T.);
#3856=EDGE_CURVE('',#3885,#4233,#5706,.T.);
#3857=EDGE_CURVE('',#3876,#4232,#5707,.T.);
#3858=EDGE_CURVE('',#4231,#3875,#5708,.F.);
#3859=VERTEX_POINT('',#11614);
#3860=VERTEX_POINT('',#11615);
#3861=VERTEX_POINT('',#11617);
#3862=VERTEX_POINT('',#11619);
#3863=VERTEX_POINT('',#11621);
#3864=VERTEX_POINT('',#11623);
#3865=VERTEX_POINT('',#11625);
#3866=VERTEX_POINT('',#11627);
#3867=VERTEX_POINT('',#11629);
#3868=VERTEX_POINT('',#11631);
#3869=VERTEX_POINT('',#11633);
#3870=VERTEX_POINT('',#11635);
#3871=VERTEX_POINT('',#11637);
#3872=VERTEX_POINT('',#11639);
#3873=VERTEX_POINT('',#11641);
#3874=VERTEX_POINT('',#11643);
#3875=VERTEX_POINT('',#11647);
#3876=VERTEX_POINT('',#11648);
#3877=VERTEX_POINT('',#11651);
#3878=VERTEX_POINT('',#11653);
#3879=VERTEX_POINT('',#11655);
#3880=VERTEX_POINT('',#11657);
#3881=VERTEX_POINT('',#11659);
#3882=VERTEX_POINT('',#11661);
#3883=VERTEX_POINT('',#11663);
#3884=VERTEX_POINT('',#11666);
#3885=VERTEX_POINT('',#11668);
#3886=VERTEX_POINT('',#11672);
#3887=VERTEX_POINT('',#11673);
#3888=VERTEX_POINT('',#11675);
#3889=VERTEX_POINT('',#11677);
#3890=VERTEX_POINT('',#11679);
#3891=VERTEX_POINT('',#11681);
#3892=VERTEX_POINT('',#11683);
#3893=VERTEX_POINT('',#11685);
#3894=VERTEX_POINT('',#11687);
#3895=VERTEX_POINT('',#11689);
#3896=VERTEX_POINT('',#11691);
#3897=VERTEX_POINT('',#11693);
#3898=VERTEX_POINT('',#11695);
#3899=VERTEX_POINT('',#11697);
#3900=VERTEX_POINT('',#11699);
#3901=VERTEX_POINT('',#11701);
#3902=VERTEX_POINT('',#11703);
#3903=VERTEX_POINT('',#11705);
#3904=VERTEX_POINT('',#11707);
#3905=VERTEX_POINT('',#11709);
#3906=VERTEX_POINT('',#11711);
#3907=VERTEX_POINT('',#11713);
#3908=VERTEX_POINT('',#11715);
#3909=VERTEX_POINT('',#11717);
#3910=VERTEX_POINT('',#11719);
#3911=VERTEX_POINT('',#11721);
#3912=VERTEX_POINT('',#11723);
#3913=VERTEX_POINT('',#11725);
#3914=VERTEX_POINT('',#11727);
#3915=VERTEX_POINT('',#11729);
#3916=VERTEX_POINT('',#11731);
#3917=VERTEX_POINT('',#11733);
#3918=VERTEX_POINT('',#11735);
#3919=VERTEX_POINT('',#11737);
#3920=VERTEX_POINT('',#11739);
#3921=VERTEX_POINT('',#11741);
#3922=VERTEX_POINT('',#11743);
#3923=VERTEX_POINT('',#11745);
#3924=VERTEX_POINT('',#11747);
#3925=VERTEX_POINT('',#11749);
#3926=VERTEX_POINT('',#11751);
#3927=VERTEX_POINT('',#11753);
#3928=VERTEX_POINT('',#11755);
#3929=VERTEX_POINT('',#11757);
#3930=VERTEX_POINT('',#11759);
#3931=VERTEX_POINT('',#11761);
#3932=VERTEX_POINT('',#11763);
#3933=VERTEX_POINT('',#11765);
#3934=VERTEX_POINT('',#11767);
#3935=VERTEX_POINT('',#11769);
#3936=VERTEX_POINT('',#11771);
#3937=VERTEX_POINT('',#11773);
#3938=VERTEX_POINT('',#11775);
#3939=VERTEX_POINT('',#11777);
#3940=VERTEX_POINT('',#11779);
#3941=VERTEX_POINT('',#11781);
#3942=VERTEX_POINT('',#11783);
#3943=VERTEX_POINT('',#11785);
#3944=VERTEX_POINT('',#11787);
#3945=VERTEX_POINT('',#11789);
#3946=VERTEX_POINT('',#11791);
#3947=VERTEX_POINT('',#11793);
#3948=VERTEX_POINT('',#11795);
#3949=VERTEX_POINT('',#11797);
#3950=VERTEX_POINT('',#11799);
#3951=VERTEX_POINT('',#11801);
#3952=VERTEX_POINT('',#11803);
#3953=VERTEX_POINT('',#11805);
#3954=VERTEX_POINT('',#11807);
#3955=VERTEX_POINT('',#11809);
#3956=VERTEX_POINT('',#11811);
#3957=VERTEX_POINT('',#11813);
#3958=VERTEX_POINT('',#11815);
#3959=VERTEX_POINT('',#11817);
#3960=VERTEX_POINT('',#11819);
#3961=VERTEX_POINT('',#11821);
#3962=VERTEX_POINT('',#11823);
#3963=VERTEX_POINT('',#11825);
#3964=VERTEX_POINT('',#11827);
#3965=VERTEX_POINT('',#11829);
#3966=VERTEX_POINT('',#11831);
#3967=VERTEX_POINT('',#11833);
#3968=VERTEX_POINT('',#11835);
#3969=VERTEX_POINT('',#11837);
#3970=VERTEX_POINT('',#11839);
#3971=VERTEX_POINT('',#11841);
#3972=VERTEX_POINT('',#11843);
#3973=VERTEX_POINT('',#11845);
#3974=VERTEX_POINT('',#11847);
#3975=VERTEX_POINT('',#11849);
#3976=VERTEX_POINT('',#11851);
#3977=VERTEX_POINT('',#11853);
#3978=VERTEX_POINT('',#11855);
#3979=VERTEX_POINT('',#11857);
#3980=VERTEX_POINT('',#11859);
#3981=VERTEX_POINT('',#11862);
#3982=VERTEX_POINT('',#11863);
#3983=VERTEX_POINT('',#11865);
#3984=VERTEX_POINT('',#11867);
#3985=VERTEX_POINT('',#11869);
#3986=VERTEX_POINT('',#11871);
#3987=VERTEX_POINT('',#11873);
#3988=VERTEX_POINT('',#11875);
#3989=VERTEX_POINT('',#11877);
#3990=VERTEX_POINT('',#11879);
#3991=VERTEX_POINT('',#11881);
#3992=VERTEX_POINT('',#11883);
#3993=VERTEX_POINT('',#11885);
#3994=VERTEX_POINT('',#11887);
#3995=VERTEX_POINT('',#11889);
#3996=VERTEX_POINT('',#11891);
#3997=VERTEX_POINT('',#11893);
#3998=VERTEX_POINT('',#11895);
#3999=VERTEX_POINT('',#11897);
#4000=VERTEX_POINT('',#11899);
#4001=VERTEX_POINT('',#11901);
#4002=VERTEX_POINT('',#11903);
#4003=VERTEX_POINT('',#11905);
#4004=VERTEX_POINT('',#11907);
#4005=VERTEX_POINT('',#11909);
#4006=VERTEX_POINT('',#11911);
#4007=VERTEX_POINT('',#11913);
#4008=VERTEX_POINT('',#11915);
#4009=VERTEX_POINT('',#11917);
#4010=VERTEX_POINT('',#11919);
#4011=VERTEX_POINT('',#11921);
#4012=VERTEX_POINT('',#11923);
#4013=VERTEX_POINT('',#11925);
#4014=VERTEX_POINT('',#11927);
#4015=VERTEX_POINT('',#11929);
#4016=VERTEX_POINT('',#11931);
#4017=VERTEX_POINT('',#11933);
#4018=VERTEX_POINT('',#11935);
#4019=VERTEX_POINT('',#11937);
#4020=VERTEX_POINT('',#11939);
#4021=VERTEX_POINT('',#11941);
#4022=VERTEX_POINT('',#11943);
#4023=VERTEX_POINT('',#11945);
#4024=VERTEX_POINT('',#11947);
#4025=VERTEX_POINT('',#11949);
#4026=VERTEX_POINT('',#11951);
#4027=VERTEX_POINT('',#11953);
#4028=VERTEX_POINT('',#11955);
#4029=VERTEX_POINT('',#11957);
#4030=VERTEX_POINT('',#11959);
#4031=VERTEX_POINT('',#11961);
#4032=VERTEX_POINT('',#11963);
#4033=VERTEX_POINT('',#11965);
#4034=VERTEX_POINT('',#11967);
#4035=VERTEX_POINT('',#11969);
#4036=VERTEX_POINT('',#11971);
#4037=VERTEX_POINT('',#11973);
#4038=VERTEX_POINT('',#11975);
#4039=VERTEX_POINT('',#11977);
#4040=VERTEX_POINT('',#11979);
#4041=VERTEX_POINT('',#11981);
#4042=VERTEX_POINT('',#11983);
#4043=VERTEX_POINT('',#11985);
#4044=VERTEX_POINT('',#11987);
#4045=VERTEX_POINT('',#11989);
#4046=VERTEX_POINT('',#11991);
#4047=VERTEX_POINT('',#11993);
#4048=VERTEX_POINT('',#11995);
#4049=VERTEX_POINT('',#11997);
#4050=VERTEX_POINT('',#11999);
#4051=VERTEX_POINT('',#12001);
#4052=VERTEX_POINT('',#12003);
#4053=VERTEX_POINT('',#12005);
#4054=VERTEX_POINT('',#12007);
#4055=VERTEX_POINT('',#12009);
#4056=VERTEX_POINT('',#12011);
#4057=VERTEX_POINT('',#12013);
#4058=VERTEX_POINT('',#12015);
#4059=VERTEX_POINT('',#12017);
#4060=VERTEX_POINT('',#12019);
#4061=VERTEX_POINT('',#12021);
#4062=VERTEX_POINT('',#12023);
#4063=VERTEX_POINT('',#12025);
#4064=VERTEX_POINT('',#12027);
#4065=VERTEX_POINT('',#12029);
#4066=VERTEX_POINT('',#12031);
#4067=VERTEX_POINT('',#12033);
#4068=VERTEX_POINT('',#12035);
#4069=VERTEX_POINT('',#12037);
#4070=VERTEX_POINT('',#12039);
#4071=VERTEX_POINT('',#12041);
#4072=VERTEX_POINT('',#12043);
#4073=VERTEX_POINT('',#12045);
#4074=VERTEX_POINT('',#12047);
#4075=VERTEX_POINT('',#12049);
#4076=VERTEX_POINT('',#12052);
#4077=VERTEX_POINT('',#12053);
#4078=VERTEX_POINT('',#12055);
#4079=VERTEX_POINT('',#12057);
#4080=VERTEX_POINT('',#12060);
#4081=VERTEX_POINT('',#12061);
#4082=VERTEX_POINT('',#12063);
#4083=VERTEX_POINT('',#12065);
#4084=VERTEX_POINT('',#12067);
#4085=VERTEX_POINT('',#12069);
#4086=VERTEX_POINT('',#12071);
#4087=VERTEX_POINT('',#12073);
#4088=VERTEX_POINT('',#12076);
#4089=VERTEX_POINT('',#12077);
#4090=VERTEX_POINT('',#12079);
#4091=VERTEX_POINT('',#12081);
#4092=VERTEX_POINT('',#12084);
#4093=VERTEX_POINT('',#12085);
#4094=VERTEX_POINT('',#12087);
#4095=VERTEX_POINT('',#12089);
#4096=VERTEX_POINT('',#12091);
#4097=VERTEX_POINT('',#12093);
#4098=VERTEX_POINT('',#12095);
#4099=VERTEX_POINT('',#12098);
#4100=VERTEX_POINT('',#12099);
#4101=VERTEX_POINT('',#12101);
#4102=VERTEX_POINT('',#12103);
#4103=VERTEX_POINT('',#12105);
#4104=VERTEX_POINT('',#12107);
#4105=VERTEX_POINT('',#12109);
#4106=VERTEX_POINT('',#12111);
#4107=VERTEX_POINT('',#12113);
#4108=VERTEX_POINT('',#12115);
#4109=VERTEX_POINT('',#12117);
#4110=VERTEX_POINT('',#12119);
#4111=VERTEX_POINT('',#12121);
#4112=VERTEX_POINT('',#12123);
#4113=VERTEX_POINT('',#12125);
#4114=VERTEX_POINT('',#12127);
#4115=VERTEX_POINT('',#12129);
#4116=VERTEX_POINT('',#12131);
#4117=VERTEX_POINT('',#12133);
#4118=VERTEX_POINT('',#12135);
#4119=VERTEX_POINT('',#12137);
#4120=VERTEX_POINT('',#12139);
#4121=VERTEX_POINT('',#12141);
#4122=VERTEX_POINT('',#12143);
#4123=VERTEX_POINT('',#12145);
#4124=VERTEX_POINT('',#12147);
#4125=VERTEX_POINT('',#12149);
#4126=VERTEX_POINT('',#12151);
#4127=VERTEX_POINT('',#12153);
#4128=VERTEX_POINT('',#12155);
#4129=VERTEX_POINT('',#12157);
#4130=VERTEX_POINT('',#12159);
#4131=VERTEX_POINT('',#12161);
#4132=VERTEX_POINT('',#12163);
#4133=VERTEX_POINT('',#12165);
#4134=VERTEX_POINT('',#12167);
#4135=VERTEX_POINT('',#12169);
#4136=VERTEX_POINT('',#12171);
#4137=VERTEX_POINT('',#12173);
#4138=VERTEX_POINT('',#12175);
#4139=VERTEX_POINT('',#12177);
#4140=VERTEX_POINT('',#12179);
#4141=VERTEX_POINT('',#12181);
#4142=VERTEX_POINT('',#12183);
#4143=VERTEX_POINT('',#12185);
#4144=VERTEX_POINT('',#12187);
#4145=VERTEX_POINT('',#12189);
#4146=VERTEX_POINT('',#12191);
#4147=VERTEX_POINT('',#12195);
#4148=VERTEX_POINT('',#12197);
#4149=VERTEX_POINT('',#12199);
#4150=VERTEX_POINT('',#12201);
#4151=VERTEX_POINT('',#12203);
#4152=VERTEX_POINT('',#12205);
#4153=VERTEX_POINT('',#12207);
#4154=VERTEX_POINT('',#12209);
#4155=VERTEX_POINT('',#12211);
#4156=VERTEX_POINT('',#12213);
#4157=VERTEX_POINT('',#12215);
#4158=VERTEX_POINT('',#12217);
#4159=VERTEX_POINT('',#12219);
#4160=VERTEX_POINT('',#12220);
#4161=VERTEX_POINT('',#12222);
#4162=VERTEX_POINT('',#12224);
#4163=VERTEX_POINT('',#12226);
#4164=VERTEX_POINT('',#12228);
#4165=VERTEX_POINT('',#12230);
#4166=VERTEX_POINT('',#12232);
#4167=VERTEX_POINT('',#12236);
#4168=VERTEX_POINT('',#12238);
#4169=VERTEX_POINT('',#12240);
#4170=VERTEX_POINT('',#12242);
#4171=VERTEX_POINT('',#12244);
#4172=VERTEX_POINT('',#12246);
#4173=VERTEX_POINT('',#12248);
#4174=VERTEX_POINT('',#12250);
#4175=VERTEX_POINT('',#12252);
#4176=VERTEX_POINT('',#12254);
#4177=VERTEX_POINT('',#12256);
#4178=VERTEX_POINT('',#12258);
#4179=VERTEX_POINT('',#12260);
#4180=VERTEX_POINT('',#12262);
#4181=VERTEX_POINT('',#12264);
#4182=VERTEX_POINT('',#12266);
#4183=VERTEX_POINT('',#12268);
#4184=VERTEX_POINT('',#12270);
#4185=VERTEX_POINT('',#12272);
#4186=VERTEX_POINT('',#12274);
#4187=VERTEX_POINT('',#12276);
#4188=VERTEX_POINT('',#12278);
#4189=VERTEX_POINT('',#12282);
#4190=VERTEX_POINT('',#12285);
#4191=VERTEX_POINT('',#12289);
#4192=VERTEX_POINT('',#12291);
#4193=VERTEX_POINT('',#12293);
#4194=VERTEX_POINT('',#12295);
#4195=VERTEX_POINT('',#12297);
#4196=VERTEX_POINT('',#12299);
#4197=VERTEX_POINT('',#12301);
#4198=VERTEX_POINT('',#12303);
#4199=VERTEX_POINT('',#12305);
#4200=VERTEX_POINT('',#12307);
#4201=VERTEX_POINT('',#12309);
#4202=VERTEX_POINT('',#12311);
#4203=VERTEX_POINT('',#12313);
#4204=VERTEX_POINT('',#12315);
#4205=VERTEX_POINT('',#12316);
#4206=VERTEX_POINT('',#12318);
#4207=VERTEX_POINT('',#12320);
#4208=VERTEX_POINT('',#12322);
#4209=VERTEX_POINT('',#12324);
#4210=VERTEX_POINT('',#12326);
#4211=VERTEX_POINT('',#12328);
#4212=VERTEX_POINT('',#12332);
#4213=VERTEX_POINT('',#12334);
#4214=VERTEX_POINT('',#12336);
#4215=VERTEX_POINT('',#12338);
#4216=VERTEX_POINT('',#12340);
#4217=VERTEX_POINT('',#12342);
#4218=VERTEX_POINT('',#12344);
#4219=VERTEX_POINT('',#12346);
#4220=VERTEX_POINT('',#12348);
#4221=VERTEX_POINT('',#12350);
#4222=VERTEX_POINT('',#12352);
#4223=VERTEX_POINT('',#12354);
#4224=VERTEX_POINT('',#12356);
#4225=VERTEX_POINT('',#12358);
#4226=VERTEX_POINT('',#12360);
#4227=VERTEX_POINT('',#12362);
#4228=VERTEX_POINT('',#12364);
#4229=VERTEX_POINT('',#12366);
#4230=VERTEX_POINT('',#12368);
#4231=VERTEX_POINT('',#12372);
#4232=VERTEX_POINT('',#12374);
#4233=VERTEX_POINT('',#12376);
#4234=VERTEX_POINT('',#12378);
#4235=VERTEX_POINT('',#12384);
#4236=VERTEX_POINT('',#12386);
#4237=VERTEX_POINT('',#12388);
#4238=VERTEX_POINT('',#12390);
#4239=VERTEX_POINT('',#12392);
#4240=VERTEX_POINT('',#12394);
#4241=VERTEX_POINT('',#12396);
#4242=VERTEX_POINT('',#12398);
#4243=VERTEX_POINT('',#12400);
#4244=VERTEX_POINT('',#12402);
#4245=VERTEX_POINT('',#12404);
#4246=VERTEX_POINT('',#12406);
#4247=VERTEX_POINT('',#12408);
#4248=VERTEX_POINT('',#12410);
#4249=VERTEX_POINT('',#12412);
#4250=VERTEX_POINT('',#12414);
#4251=VERTEX_POINT('',#12416);
#4252=VERTEX_POINT('',#12418);
#4253=VERTEX_POINT('',#12420);
#4254=VERTEX_POINT('',#12422);
#4255=VERTEX_POINT('',#12424);
#4256=VERTEX_POINT('',#12426);
#4257=VERTEX_POINT('',#12428);
#4258=VERTEX_POINT('',#12430);
#4259=VERTEX_POINT('',#12432);
#4260=VERTEX_POINT('',#12434);
#4261=VERTEX_POINT('',#12436);
#4262=VERTEX_POINT('',#12438);
#4263=VERTEX_POINT('',#12446);
#4264=VERTEX_POINT('',#12448);
#4265=VERTEX_POINT('',#12450);
#4266=VERTEX_POINT('',#12452);
#4267=VERTEX_POINT('',#12454);
#4268=VERTEX_POINT('',#12456);
#4269=VERTEX_POINT('',#12458);
#4270=VERTEX_POINT('',#12460);
#4271=VERTEX_POINT('',#12462);
#4272=VERTEX_POINT('',#12464);
#4273=VERTEX_POINT('',#12466);
#4274=VERTEX_POINT('',#12468);
#4275=VERTEX_POINT('',#12470);
#4276=VERTEX_POINT('',#12472);
#4277=VERTEX_POINT('',#12474);
#4278=VERTEX_POINT('',#12476);
#4279=VERTEX_POINT('',#12478);
#4280=VERTEX_POINT('',#12480);
#4281=VERTEX_POINT('',#12482);
#4282=VERTEX_POINT('',#12484);
#4283=VERTEX_POINT('',#12486);
#4284=VERTEX_POINT('',#12488);
#4285=VERTEX_POINT('',#12490);
#4286=VERTEX_POINT('',#12492);
#4287=VERTEX_POINT('',#12494);
#4288=VERTEX_POINT('',#12496);
#4289=VERTEX_POINT('',#12498);
#4290=VERTEX_POINT('',#12500);
#4291=VERTEX_POINT('',#12505);
#4292=VERTEX_POINT('',#12507);
#4293=VERTEX_POINT('',#12509);
#4294=VERTEX_POINT('',#12511);
#4295=VERTEX_POINT('',#12513);
#4296=VERTEX_POINT('',#12515);
#4297=VERTEX_POINT('',#12668);
#4298=VERTEX_POINT('',#12670);
#4299=VERTEX_POINT('',#12674);
#4300=VERTEX_POINT('',#12678);
#4301=VERTEX_POINT('',#12685);
#4302=VERTEX_POINT('',#12687);
#4303=VERTEX_POINT('',#12691);
#4304=VERTEX_POINT('',#12695);
#4305=VERTEX_POINT('',#12702);
#4306=VERTEX_POINT('',#12703);
#4307=VERTEX_POINT('',#12705);
#4308=VERTEX_POINT('',#12707);
#4309=VERTEX_POINT('',#12711);
#4310=VERTEX_POINT('',#12713);
#4311=VERTEX_POINT('',#12717);
#4312=VERTEX_POINT('',#12719);
#4313=VERTEX_POINT('',#12723);
#4314=VERTEX_POINT('',#12725);
#4315=VERTEX_POINT('',#12729);
#4316=VERTEX_POINT('',#12731);
#4317=VERTEX_POINT('',#12735);
#4318=VERTEX_POINT('',#12737);
#4319=VERTEX_POINT('',#12741);
#4320=VERTEX_POINT('',#12743);
#4321=VERTEX_POINT('',#12747);
#4322=VERTEX_POINT('',#12749);
#4323=VERTEX_POINT('',#12753);
#4324=VERTEX_POINT('',#12755);
#4325=VERTEX_POINT('',#12759);
#4326=VERTEX_POINT('',#12761);
#4327=VERTEX_POINT('',#12765);
#4328=VERTEX_POINT('',#12767);
#4329=VERTEX_POINT('',#12771);
#4330=VERTEX_POINT('',#12773);
#4331=VERTEX_POINT('',#12777);
#4332=VERTEX_POINT('',#12779);
#4333=VERTEX_POINT('',#12783);
#4334=VERTEX_POINT('',#12785);
#4335=VERTEX_POINT('',#12789);
#4336=VERTEX_POINT('',#12791);
#4337=VERTEX_POINT('',#12795);
#4338=VERTEX_POINT('',#12797);
#4339=VERTEX_POINT('',#12801);
#4340=VERTEX_POINT('',#12803);
#4341=VERTEX_POINT('',#12807);
#4342=VERTEX_POINT('',#12809);
#4343=VERTEX_POINT('',#12813);
#4344=VERTEX_POINT('',#12815);
#4345=VERTEX_POINT('',#12819);
#4346=VERTEX_POINT('',#12821);
#4347=VERTEX_POINT('',#12825);
#4348=VERTEX_POINT('',#12827);
#4349=VERTEX_POINT('',#12831);
#4350=VERTEX_POINT('',#12833);
#4351=VERTEX_POINT('',#12837);
#4352=VERTEX_POINT('',#12839);
#4353=VERTEX_POINT('',#12843);
#4354=VERTEX_POINT('',#12845);
#4355=VERTEX_POINT('',#12849);
#4356=VERTEX_POINT('',#12851);
#4357=VERTEX_POINT('',#12855);
#4358=VERTEX_POINT('',#12857);
#4359=VERTEX_POINT('',#12861);
#4360=VERTEX_POINT('',#12863);
#4361=VERTEX_POINT('',#12867);
#4362=VERTEX_POINT('',#12869);
#4363=VERTEX_POINT('',#12873);
#4364=VERTEX_POINT('',#12875);
#4365=VERTEX_POINT('',#12879);
#4366=VERTEX_POINT('',#12883);
#4367=VERTEX_POINT('',#12887);
#4368=VERTEX_POINT('',#12891);
#4369=VERTEX_POINT('',#12895);
#4370=VERTEX_POINT('',#12899);
#4371=VERTEX_POINT('',#12903);
#4372=VERTEX_POINT('',#12907);
#4373=VERTEX_POINT('',#12911);
#4374=VERTEX_POINT('',#12915);
#4375=VERTEX_POINT('',#12919);
#4376=VERTEX_POINT('',#12923);
#4377=VERTEX_POINT('',#12927);
#4378=VERTEX_POINT('',#12931);
#4379=VERTEX_POINT('',#12935);
#4380=VERTEX_POINT('',#12939);
#4381=VERTEX_POINT('',#12943);
#4382=VERTEX_POINT('',#12947);
#4383=VERTEX_POINT('',#12951);
#4384=VERTEX_POINT('',#12955);
#4385=VERTEX_POINT('',#12959);
#4386=VERTEX_POINT('',#12963);
#4387=VERTEX_POINT('',#12967);
#4388=VERTEX_POINT('',#12971);
#4389=VERTEX_POINT('',#12975);
#4390=VERTEX_POINT('',#12979);
#4391=VERTEX_POINT('',#12983);
#4392=VERTEX_POINT('',#12987);
#4393=VERTEX_POINT('',#12991);
#4394=VERTEX_POINT('',#12995);
#4395=VERTEX_POINT('',#12999);
#4396=VERTEX_POINT('',#13003);
#4397=VERTEX_POINT('',#13007);
#4398=VERTEX_POINT('',#13011);
#4399=VERTEX_POINT('',#13015);
#4400=VERTEX_POINT('',#13019);
#4401=VERTEX_POINT('',#13023);
#4402=VERTEX_POINT('',#13027);
#4403=VERTEX_POINT('',#13031);
#4404=VERTEX_POINT('',#13035);
#4405=VERTEX_POINT('',#13039);
#4406=VERTEX_POINT('',#13043);
#4407=VERTEX_POINT('',#13047);
#4408=VERTEX_POINT('',#13051);
#4409=VERTEX_POINT('',#13055);
#4410=VERTEX_POINT('',#13059);
#4411=VERTEX_POINT('',#13063);
#4412=VERTEX_POINT('',#13067);
#4413=VERTEX_POINT('',#13071);
#4414=VERTEX_POINT('',#13075);
#4415=VERTEX_POINT('',#13079);
#4416=VERTEX_POINT('',#13083);
#4417=VERTEX_POINT('',#13087);
#4418=VERTEX_POINT('',#13091);
#4419=VERTEX_POINT('',#13095);
#4420=VERTEX_POINT('',#13099);
#4421=VERTEX_POINT('',#13103);
#4422=VERTEX_POINT('',#13107);
#4423=VERTEX_POINT('',#13111);
#4424=VERTEX_POINT('',#13115);
#4425=VERTEX_POINT('',#13119);
#4426=VERTEX_POINT('',#13123);
#4427=VERTEX_POINT('',#13127);
#4428=VERTEX_POINT('',#13131);
#4429=VERTEX_POINT('',#13135);
#4430=VERTEX_POINT('',#13139);
#4431=VERTEX_POINT('',#13143);
#4432=VERTEX_POINT('',#13147);
#4433=VERTEX_POINT('',#13151);
#4434=VERTEX_POINT('',#13155);
#4435=VERTEX_POINT('',#13159);
#4436=VERTEX_POINT('',#13163);
#4437=VERTEX_POINT('',#13167);
#4438=VERTEX_POINT('',#13171);
#4439=VERTEX_POINT('',#13175);
#4440=VERTEX_POINT('',#13179);
#4441=VERTEX_POINT('',#13183);
#4442=VERTEX_POINT('',#13187);
#4443=VERTEX_POINT('',#13191);
#4444=VERTEX_POINT('',#13195);
#4445=VERTEX_POINT('',#13199);
#4446=VERTEX_POINT('',#13203);
#4447=VERTEX_POINT('',#13207);
#4448=VERTEX_POINT('',#13211);
#4449=VERTEX_POINT('',#13215);
#4450=VERTEX_POINT('',#13219);
#4451=VERTEX_POINT('',#13223);
#4452=VERTEX_POINT('',#13227);
#4453=VERTEX_POINT('',#13231);
#4454=VERTEX_POINT('',#13235);
#4455=VERTEX_POINT('',#13239);
#4456=VERTEX_POINT('',#13243);
#4457=VERTEX_POINT('',#13247);
#4458=VERTEX_POINT('',#13257);
#4459=VERTEX_POINT('',#13259);
#4460=VERTEX_POINT('',#13263);
#4461=VERTEX_POINT('',#13267);
#4462=VERTEX_POINT('',#13271);
#4463=VERTEX_POINT('',#13275);
#4464=VERTEX_POINT('',#13279);
#4465=VERTEX_POINT('',#13286);
#4466=VERTEX_POINT('',#13287);
#4467=VERTEX_POINT('',#13289);
#4468=VERTEX_POINT('',#13291);
#4469=VERTEX_POINT('',#13295);
#4470=VERTEX_POINT('',#13297);
#4471=VERTEX_POINT('',#13301);
#4472=VERTEX_POINT('',#13303);
#4473=VERTEX_POINT('',#13307);
#4474=VERTEX_POINT('',#13309);
#4475=VERTEX_POINT('',#13313);
#4476=VERTEX_POINT('',#13315);
#4477=VERTEX_POINT('',#13319);
#4478=VERTEX_POINT('',#13321);
#4479=VERTEX_POINT('',#13325);
#4480=VERTEX_POINT('',#13327);
#4481=VERTEX_POINT('',#13331);
#4482=VERTEX_POINT('',#13333);
#4483=VERTEX_POINT('',#13337);
#4484=VERTEX_POINT('',#13339);
#4485=VERTEX_POINT('',#13343);
#4486=VERTEX_POINT('',#13345);
#4487=VERTEX_POINT('',#13349);
#4488=VERTEX_POINT('',#13351);
#4489=VERTEX_POINT('',#13355);
#4490=VERTEX_POINT('',#13357);
#4491=VERTEX_POINT('',#13361);
#4492=VERTEX_POINT('',#13363);
#4493=VERTEX_POINT('',#13367);
#4494=VERTEX_POINT('',#13369);
#4495=VERTEX_POINT('',#13373);
#4496=VERTEX_POINT('',#13375);
#4497=VERTEX_POINT('',#13379);
#4498=VERTEX_POINT('',#13381);
#4499=VERTEX_POINT('',#13385);
#4500=VERTEX_POINT('',#13387);
#4501=VERTEX_POINT('',#13391);
#4502=VERTEX_POINT('',#13393);
#4503=VERTEX_POINT('',#13397);
#4504=VERTEX_POINT('',#13399);
#4505=VERTEX_POINT('',#13403);
#4506=VERTEX_POINT('',#13405);
#4507=VERTEX_POINT('',#13409);
#4508=VERTEX_POINT('',#13411);
#4509=VERTEX_POINT('',#13415);
#4510=VERTEX_POINT('',#13417);
#4511=VERTEX_POINT('',#13421);
#4512=VERTEX_POINT('',#13423);
#4513=VERTEX_POINT('',#13427);
#4514=VERTEX_POINT('',#13429);
#4515=VERTEX_POINT('',#13433);
#4516=VERTEX_POINT('',#13435);
#4517=VERTEX_POINT('',#13439);
#4518=VERTEX_POINT('',#13441);
#4519=VERTEX_POINT('',#13445);
#4520=VERTEX_POINT('',#13447);
#4521=VERTEX_POINT('',#13451);
#4522=VERTEX_POINT('',#13453);
#4523=VERTEX_POINT('',#13457);
#4524=VERTEX_POINT('',#13459);
#4525=VERTEX_POINT('',#13463);
#4526=VERTEX_POINT('',#13467);
#4527=VERTEX_POINT('',#13471);
#4528=VERTEX_POINT('',#13475);
#4529=VERTEX_POINT('',#13479);
#4530=VERTEX_POINT('',#13483);
#4531=VERTEX_POINT('',#13487);
#4532=VERTEX_POINT('',#13491);
#4533=VERTEX_POINT('',#13495);
#4534=VERTEX_POINT('',#13499);
#4535=VERTEX_POINT('',#13503);
#4536=VERTEX_POINT('',#13507);
#4537=VERTEX_POINT('',#13511);
#4538=VERTEX_POINT('',#13515);
#4539=VERTEX_POINT('',#13519);
#4540=VERTEX_POINT('',#13523);
#4541=VERTEX_POINT('',#13527);
#4542=VERTEX_POINT('',#13531);
#4543=VERTEX_POINT('',#13535);
#4544=VERTEX_POINT('',#13539);
#4545=VERTEX_POINT('',#13543);
#4546=VERTEX_POINT('',#13547);
#4547=VERTEX_POINT('',#13551);
#4548=VERTEX_POINT('',#13555);
#4549=VERTEX_POINT('',#13559);
#4550=VERTEX_POINT('',#13563);
#4551=VERTEX_POINT('',#13567);
#4552=VERTEX_POINT('',#13571);
#4553=VERTEX_POINT('',#13575);
#4554=VERTEX_POINT('',#13579);
#4555=VERTEX_POINT('',#13583);
#4556=VERTEX_POINT('',#13587);
#4557=VERTEX_POINT('',#13591);
#4558=VERTEX_POINT('',#13595);
#4559=VERTEX_POINT('',#13599);
#4560=VERTEX_POINT('',#13603);
#4561=VERTEX_POINT('',#13607);
#4562=VERTEX_POINT('',#13611);
#4563=VERTEX_POINT('',#13615);
#4564=VERTEX_POINT('',#13619);
#4565=VERTEX_POINT('',#13623);
#4566=VERTEX_POINT('',#13627);
#4567=VERTEX_POINT('',#13631);
#4568=VERTEX_POINT('',#13635);
#4569=VERTEX_POINT('',#13639);
#4570=VERTEX_POINT('',#13643);
#4571=VERTEX_POINT('',#13647);
#4572=VERTEX_POINT('',#13651);
#4573=VERTEX_POINT('',#13655);
#4574=VERTEX_POINT('',#13659);
#4575=VERTEX_POINT('',#13663);
#4576=VERTEX_POINT('',#13667);
#4577=VERTEX_POINT('',#13671);
#4578=VERTEX_POINT('',#13675);
#4579=VERTEX_POINT('',#13679);
#4580=VERTEX_POINT('',#13683);
#4581=VERTEX_POINT('',#13687);
#4582=VERTEX_POINT('',#13691);
#4583=VERTEX_POINT('',#13695);
#4584=VERTEX_POINT('',#13699);
#4585=VERTEX_POINT('',#13703);
#4586=VERTEX_POINT('',#13707);
#4587=VERTEX_POINT('',#13711);
#4588=VERTEX_POINT('',#13715);
#4589=VERTEX_POINT('',#13719);
#4590=VERTEX_POINT('',#13723);
#4591=VERTEX_POINT('',#13727);
#4592=VERTEX_POINT('',#13731);
#4593=VERTEX_POINT('',#13735);
#4594=VERTEX_POINT('',#13739);
#4595=VERTEX_POINT('',#13743);
#4596=VERTEX_POINT('',#13747);
#4597=VERTEX_POINT('',#13751);
#4598=VERTEX_POINT('',#13755);
#4599=VERTEX_POINT('',#13759);
#4600=VERTEX_POINT('',#13763);
#4601=VERTEX_POINT('',#13767);
#4602=VERTEX_POINT('',#13771);
#4603=VERTEX_POINT('',#13775);
#4604=VERTEX_POINT('',#13779);
#4605=VERTEX_POINT('',#13783);
#4606=VERTEX_POINT('',#13787);
#4607=VERTEX_POINT('',#13791);
#4608=VERTEX_POINT('',#13795);
#4609=VERTEX_POINT('',#13799);
#4610=VERTEX_POINT('',#13803);
#4611=VERTEX_POINT('',#13807);
#4612=VERTEX_POINT('',#13811);
#4613=VERTEX_POINT('',#13815);
#4614=VERTEX_POINT('',#13819);
#4615=VERTEX_POINT('',#13823);
#4616=VERTEX_POINT('',#13827);
#4617=VERTEX_POINT('',#13831);
#4618=VERTEX_POINT('',#13841);
#4619=VERTEX_POINT('',#13843);
#4620=VERTEX_POINT('',#13847);
#4621=VERTEX_POINT('',#13851);
#4622=VERTEX_POINT('',#13855);
#4623=VERTEX_POINT('',#13859);
#4624=VERTEX_POINT('',#13863);
#4625=VERTEX_POINT('',#13867);
#4626=VERTEX_POINT('',#13871);
#4627=VERTEX_POINT('',#13875);
#4628=VERTEX_POINT('',#13879);
#4629=VERTEX_POINT('',#13883);
#4630=VERTEX_POINT('',#13887);
#4631=VERTEX_POINT('',#13891);
#4632=VERTEX_POINT('',#13895);
#4633=VERTEX_POINT('',#13899);
#4634=VERTEX_POINT('',#13903);
#4635=VERTEX_POINT('',#13907);
#4636=VERTEX_POINT('',#13911);
#4637=VERTEX_POINT('',#13915);
#4638=VERTEX_POINT('',#13919);
#4639=VERTEX_POINT('',#13923);
#4640=VERTEX_POINT('',#13927);
#4641=VERTEX_POINT('',#13931);
#4642=VERTEX_POINT('',#13935);
#4643=VERTEX_POINT('',#13939);
#4644=VERTEX_POINT('',#13943);
#4645=VERTEX_POINT('',#13947);
#4646=VERTEX_POINT('',#13951);
#4647=VERTEX_POINT('',#13955);
#4648=VERTEX_POINT('',#13959);
#4649=VERTEX_POINT('',#13963);
#4650=VERTEX_POINT('',#13967);
#4651=VERTEX_POINT('',#13971);
#4652=VERTEX_POINT('',#13975);
#4653=VERTEX_POINT('',#13979);
#4654=VERTEX_POINT('',#13983);
#4655=VERTEX_POINT('',#13987);
#4656=VERTEX_POINT('',#13991);
#4657=VERTEX_POINT('',#13995);
#4658=VERTEX_POINT('',#13999);
#4659=VERTEX_POINT('',#14003);
#4660=VERTEX_POINT('',#14007);
#4661=VERTEX_POINT('',#14011);
#4662=VERTEX_POINT('',#14015);
#4663=VERTEX_POINT('',#14019);
#4664=VERTEX_POINT('',#14023);
#4665=VERTEX_POINT('',#14027);
#4666=VERTEX_POINT('',#14036);
#4667=VERTEX_POINT('',#14040);
#4668=VERTEX_POINT('',#14044);
#4669=VERTEX_POINT('',#14048);
#4670=VERTEX_POINT('',#14052);
#4671=VERTEX_POINT('',#14056);
#4672=LINE('',#11613,#5709);
#4673=LINE('',#11616,#5710);
#4674=LINE('',#11618,#5711);
#4675=LINE('',#11622,#5712);
#4676=LINE('',#11626,#5713);
#4677=LINE('',#11630,#5714);
#4678=LINE('',#11634,#5715);
#4679=LINE('',#11636,#5716);
#4680=LINE('',#11638,#5717);
#4681=LINE('',#11640,#5718);
#4682=LINE('',#11642,#5719);
#4683=LINE('',#11644,#5720);
#4684=LINE('',#11646,#5721);
#4685=LINE('',#11650,#5722);
#4686=LINE('',#11652,#5723);
#4687=LINE('',#11654,#5724);
#4688=LINE('',#11656,#5725);
#4689=LINE('',#11658,#5726);
#4690=LINE('',#11660,#5727);
#4691=LINE('',#11662,#5728);
#4692=LINE('',#11664,#5729);
#4693=LINE('',#11667,#5730);
#4694=LINE('',#11669,#5731);
#4695=LINE('',#11671,#5732);
#4696=LINE('',#11674,#5733);
#4697=LINE('',#11676,#5734);
#4698=LINE('',#11678,#5735);
#4699=LINE('',#11680,#5736);
#4700=LINE('',#11682,#5737);
#4701=LINE('',#11684,#5738);
#4702=LINE('',#11686,#5739);
#4703=LINE('',#11688,#5740);
#4704=LINE('',#11690,#5741);
#4705=LINE('',#11692,#5742);
#4706=LINE('',#11694,#5743);
#4707=LINE('',#11696,#5744);
#4708=LINE('',#11698,#5745);
#4709=LINE('',#11700,#5746);
#4710=LINE('',#11702,#5747);
#4711=LINE('',#11704,#5748);
#4712=LINE('',#11706,#5749);
#4713=LINE('',#11708,#5750);
#4714=LINE('',#11710,#5751);
#4715=LINE('',#11712,#5752);
#4716=LINE('',#11714,#5753);
#4717=LINE('',#11716,#5754);
#4718=LINE('',#11718,#5755);
#4719=LINE('',#11720,#5756);
#4720=LINE('',#11722,#5757);
#4721=LINE('',#11724,#5758);
#4722=LINE('',#11726,#5759);
#4723=LINE('',#11728,#5760);
#4724=LINE('',#11730,#5761);
#4725=LINE('',#11732,#5762);
#4726=LINE('',#11734,#5763);
#4727=LINE('',#11736,#5764);
#4728=LINE('',#11738,#5765);
#4729=LINE('',#11740,#5766);
#4730=LINE('',#11742,#5767);
#4731=LINE('',#11744,#5768);
#4732=LINE('',#11746,#5769);
#4733=LINE('',#11748,#5770);
#4734=LINE('',#11750,#5771);
#4735=LINE('',#11752,#5772);
#4736=LINE('',#11754,#5773);
#4737=LINE('',#11756,#5774);
#4738=LINE('',#11758,#5775);
#4739=LINE('',#11760,#5776);
#4740=LINE('',#11762,#5777);
#4741=LINE('',#11764,#5778);
#4742=LINE('',#11766,#5779);
#4743=LINE('',#11768,#5780);
#4744=LINE('',#11770,#5781);
#4745=LINE('',#11772,#5782);
#4746=LINE('',#11774,#5783);
#4747=LINE('',#11776,#5784);
#4748=LINE('',#11778,#5785);
#4749=LINE('',#11780,#5786);
#4750=LINE('',#11782,#5787);
#4751=LINE('',#11784,#5788);
#4752=LINE('',#11786,#5789);
#4753=LINE('',#11788,#5790);
#4754=LINE('',#11790,#5791);
#4755=LINE('',#11792,#5792);
#4756=LINE('',#11794,#5793);
#4757=LINE('',#11796,#5794);
#4758=LINE('',#11798,#5795);
#4759=LINE('',#11800,#5796);
#4760=LINE('',#11802,#5797);
#4761=LINE('',#11804,#5798);
#4762=LINE('',#11806,#5799);
#4763=LINE('',#11808,#5800);
#4764=LINE('',#11810,#5801);
#4765=LINE('',#11812,#5802);
#4766=LINE('',#11814,#5803);
#4767=LINE('',#11816,#5804);
#4768=LINE('',#11818,#5805);
#4769=LINE('',#11820,#5806);
#4770=LINE('',#11822,#5807);
#4771=LINE('',#11824,#5808);
#4772=LINE('',#11826,#5809);
#4773=LINE('',#11828,#5810);
#4774=LINE('',#11830,#5811);
#4775=LINE('',#11832,#5812);
#4776=LINE('',#11834,#5813);
#4777=LINE('',#11836,#5814);
#4778=LINE('',#11838,#5815);
#4779=LINE('',#11840,#5816);
#4780=LINE('',#11842,#5817);
#4781=LINE('',#11844,#5818);
#4782=LINE('',#11846,#5819);
#4783=LINE('',#11848,#5820);
#4784=LINE('',#11850,#5821);
#4785=LINE('',#11852,#5822);
#4786=LINE('',#11854,#5823);
#4787=LINE('',#11856,#5824);
#4788=LINE('',#11858,#5825);
#4789=LINE('',#11860,#5826);
#4790=LINE('',#11861,#5827);
#4791=LINE('',#11864,#5828);
#4792=LINE('',#11866,#5829);
#4793=LINE('',#11868,#5830);
#4794=LINE('',#11870,#5831);
#4795=LINE('',#11872,#5832);
#4796=LINE('',#11874,#5833);
#4797=LINE('',#11876,#5834);
#4798=LINE('',#11878,#5835);
#4799=LINE('',#11880,#5836);
#4800=LINE('',#11882,#5837);
#4801=LINE('',#11884,#5838);
#4802=LINE('',#11886,#5839);
#4803=LINE('',#11888,#5840);
#4804=LINE('',#11890,#5841);
#4805=LINE('',#11892,#5842);
#4806=LINE('',#11894,#5843);
#4807=LINE('',#11896,#5844);
#4808=LINE('',#11898,#5845);
#4809=LINE('',#11900,#5846);
#4810=LINE('',#11902,#5847);
#4811=LINE('',#11904,#5848);
#4812=LINE('',#11906,#5849);
#4813=LINE('',#11908,#5850);
#4814=LINE('',#11910,#5851);
#4815=LINE('',#11912,#5852);
#4816=LINE('',#11914,#5853);
#4817=LINE('',#11916,#5854);
#4818=LINE('',#11918,#5855);
#4819=LINE('',#11920,#5856);
#4820=LINE('',#11922,#5857);
#4821=LINE('',#11924,#5858);
#4822=LINE('',#11926,#5859);
#4823=LINE('',#11928,#5860);
#4824=LINE('',#11930,#5861);
#4825=LINE('',#11932,#5862);
#4826=LINE('',#11934,#5863);
#4827=LINE('',#11936,#5864);
#4828=LINE('',#11938,#5865);
#4829=LINE('',#11940,#5866);
#4830=LINE('',#11942,#5867);
#4831=LINE('',#11944,#5868);
#4832=LINE('',#11946,#5869);
#4833=LINE('',#11948,#5870);
#4834=LINE('',#11950,#5871);
#4835=LINE('',#11952,#5872);
#4836=LINE('',#11954,#5873);
#4837=LINE('',#11956,#5874);
#4838=LINE('',#11958,#5875);
#4839=LINE('',#11960,#5876);
#4840=LINE('',#11962,#5877);
#4841=LINE('',#11964,#5878);
#4842=LINE('',#11966,#5879);
#4843=LINE('',#11968,#5880);
#4844=LINE('',#11970,#5881);
#4845=LINE('',#11972,#5882);
#4846=LINE('',#11974,#5883);
#4847=LINE('',#11976,#5884);
#4848=LINE('',#11978,#5885);
#4849=LINE('',#11980,#5886);
#4850=LINE('',#11982,#5887);
#4851=LINE('',#11984,#5888);
#4852=LINE('',#11986,#5889);
#4853=LINE('',#11988,#5890);
#4854=LINE('',#11990,#5891);
#4855=LINE('',#11992,#5892);
#4856=LINE('',#11994,#5893);
#4857=LINE('',#11996,#5894);
#4858=LINE('',#11998,#5895);
#4859=LINE('',#12000,#5896);
#4860=LINE('',#12002,#5897);
#4861=LINE('',#12004,#5898);
#4862=LINE('',#12006,#5899);
#4863=LINE('',#12008,#5900);
#4864=LINE('',#12010,#5901);
#4865=LINE('',#12012,#5902);
#4866=LINE('',#12014,#5903);
#4867=LINE('',#12016,#5904);
#4868=LINE('',#12018,#5905);
#4869=LINE('',#12020,#5906);
#4870=LINE('',#12022,#5907);
#4871=LINE('',#12024,#5908);
#4872=LINE('',#12026,#5909);
#4873=LINE('',#12028,#5910);
#4874=LINE('',#12030,#5911);
#4875=LINE('',#12032,#5912);
#4876=LINE('',#12034,#5913);
#4877=LINE('',#12036,#5914);
#4878=LINE('',#12038,#5915);
#4879=LINE('',#12040,#5916);
#4880=LINE('',#12042,#5917);
#4881=LINE('',#12044,#5918);
#4882=LINE('',#12046,#5919);
#4883=LINE('',#12048,#5920);
#4884=LINE('',#12050,#5921);
#4885=LINE('',#12051,#5922);
#4886=LINE('',#12054,#5923);
#4887=LINE('',#12056,#5924);
#4888=LINE('',#12058,#5925);
#4889=LINE('',#12059,#5926);
#4890=LINE('',#12064,#5927);
#4891=LINE('',#12068,#5928);
#4892=LINE('',#12072,#5929);
#4893=LINE('',#12075,#5930);
#4894=LINE('',#12078,#5931);
#4895=LINE('',#12080,#5932);
#4896=LINE('',#12082,#5933);
#4897=LINE('',#12083,#5934);
#4898=LINE('',#12086,#5935);
#4899=LINE('',#12088,#5936);
#4900=LINE('',#12090,#5937);
#4901=LINE('',#12092,#5938);
#4902=LINE('',#12094,#5939);
#4903=LINE('',#12096,#5940);
#4904=LINE('',#12097,#5941);
#4905=LINE('',#12100,#5942);
#4906=LINE('',#12102,#5943);
#4907=LINE('',#12104,#5944);
#4908=LINE('',#12106,#5945);
#4909=LINE('',#12108,#5946);
#4910=LINE('',#12110,#5947);
#4911=LINE('',#12112,#5948);
#4912=LINE('',#12114,#5949);
#4913=LINE('',#12116,#5950);
#4914=LINE('',#12118,#5951);
#4915=LINE('',#12120,#5952);
#4916=LINE('',#12122,#5953);
#4917=LINE('',#12124,#5954);
#4918=LINE('',#12126,#5955);
#4919=LINE('',#12128,#5956);
#4920=LINE('',#12130,#5957);
#4921=LINE('',#12132,#5958);
#4922=LINE('',#12134,#5959);
#4923=LINE('',#12136,#5960);
#4924=LINE('',#12138,#5961);
#4925=LINE('',#12140,#5962);
#4926=LINE('',#12142,#5963);
#4927=LINE('',#12144,#5964);
#4928=LINE('',#12146,#5965);
#4929=LINE('',#12148,#5966);
#4930=LINE('',#12150,#5967);
#4931=LINE('',#12152,#5968);
#4932=LINE('',#12154,#5969);
#4933=LINE('',#12156,#5970);
#4934=LINE('',#12158,#5971);
#4935=LINE('',#12160,#5972);
#4936=LINE('',#12162,#5973);
#4937=LINE('',#12164,#5974);
#4938=LINE('',#12166,#5975);
#4939=LINE('',#12168,#5976);
#4940=LINE('',#12170,#5977);
#4941=LINE('',#12172,#5978);
#4942=LINE('',#12174,#5979);
#4943=LINE('',#12176,#5980);
#4944=LINE('',#12178,#5981);
#4945=LINE('',#12180,#5982);
#4946=LINE('',#12182,#5983);
#4947=LINE('',#12184,#5984);
#4948=LINE('',#12186,#5985);
#4949=LINE('',#12188,#5986);
#4950=LINE('',#12190,#5987);
#4951=LINE('',#12192,#5988);
#4952=LINE('',#12218,#5989);
#4953=LINE('',#12223,#5990);
#4954=LINE('',#12227,#5991);
#4955=LINE('',#12231,#5992);
#4956=LINE('',#12235,#5993);
#4957=LINE('',#12239,#5994);
#4958=LINE('',#12241,#5995);
#4959=LINE('',#12245,#5996);
#4960=LINE('',#12249,#5997);
#4961=LINE('',#12253,#5998);
#4962=LINE('',#12257,#5999);
#4963=LINE('',#12261,#6000);
#4964=LINE('',#12265,#6001);
#4965=LINE('',#12269,#6002);
#4966=LINE('',#12273,#6003);
#4967=LINE('',#12277,#6004);
#4968=LINE('',#12281,#6005);
#4969=LINE('',#12283,#6006);
#4970=LINE('',#12284,#6007);
#4971=LINE('',#12286,#6008);
#4972=LINE('',#12314,#6009);
#4973=LINE('',#12319,#6010);
#4974=LINE('',#12323,#6011);
#4975=LINE('',#12327,#6012);
#4976=LINE('',#12331,#6013);
#4977=LINE('',#12335,#6014);
#4978=LINE('',#12339,#6015);
#4979=LINE('',#12343,#6016);
#4980=LINE('',#12347,#6017);
#4981=LINE('',#12351,#6018);
#4982=LINE('',#12355,#6019);
#4983=LINE('',#12359,#6020);
#4984=LINE('',#12363,#6021);
#4985=LINE('',#12367,#6022);
#4986=LINE('',#12373,#6023);
#4987=LINE('',#12375,#6024);
#4988=LINE('',#12377,#6025);
#4989=LINE('',#12380,#6026);
#4990=LINE('',#12381,#6027);
#4991=LINE('',#12439,#6028);
#4992=LINE('',#12440,#6029);
#4993=LINE('',#12442,#6030);
#4994=LINE('',#12443,#6031);
#4995=LINE('',#12501,#6032);
#4996=LINE('',#12502,#6033);
#4997=LINE('',#12516,#6034);
#4998=LINE('',#12517,#6035);
#4999=LINE('',#12518,#6036);
#5000=LINE('',#12519,#6037);
#5001=LINE('',#12520,#6038);
#5002=LINE('',#12521,#6039);
#5003=LINE('',#12522,#6040);
#5004=LINE('',#12523,#6041);
#5005=LINE('',#12524,#6042);
#5006=LINE('',#12525,#6043);
#5007=LINE('',#12526,#6044);
#5008=LINE('',#12527,#6045);
#5009=LINE('',#12528,#6046);
#5010=LINE('',#12529,#6047);
#5011=LINE('',#12530,#6048);
#5012=LINE('',#12531,#6049);
#5013=LINE('',#12532,#6050);
#5014=LINE('',#12533,#6051);
#5015=LINE('',#12534,#6052);
#5016=LINE('',#12535,#6053);
#5017=LINE('',#12536,#6054);
#5018=LINE('',#12537,#6055);
#5019=LINE('',#12538,#6056);
#5020=LINE('',#12539,#6057);
#5021=LINE('',#12540,#6058);
#5022=LINE('',#12541,#6059);
#5023=LINE('',#12542,#6060);
#5024=LINE('',#12543,#6061);
#5025=LINE('',#12667,#6062);
#5026=LINE('',#12669,#6063);
#5027=LINE('',#12671,#6064);
#5028=LINE('',#12673,#6065);
#5029=LINE('',#12675,#6066);
#5030=LINE('',#12677,#6067);
#5031=LINE('',#12679,#6068);
#5032=LINE('',#12681,#6069);
#5033=LINE('',#12684,#6070);
#5034=LINE('',#12686,#6071);
#5035=LINE('',#12688,#6072);
#5036=LINE('',#12690,#6073);
#5037=LINE('',#12692,#6074);
#5038=LINE('',#12694,#6075);
#5039=LINE('',#12696,#6076);
#5040=LINE('',#12698,#6077);
#5041=LINE('',#12701,#6078);
#5042=LINE('',#12704,#6079);
#5043=LINE('',#12706,#6080);
#5044=LINE('',#12708,#6081);
#5045=LINE('',#12710,#6082);
#5046=LINE('',#12712,#6083);
#5047=LINE('',#12714,#6084);
#5048=LINE('',#12716,#6085);
#5049=LINE('',#12718,#6086);
#5050=LINE('',#12720,#6087);
#5051=LINE('',#12722,#6088);
#5052=LINE('',#12724,#6089);
#5053=LINE('',#12726,#6090);
#5054=LINE('',#12728,#6091);
#5055=LINE('',#12730,#6092);
#5056=LINE('',#12732,#6093);
#5057=LINE('',#12734,#6094);
#5058=LINE('',#12736,#6095);
#5059=LINE('',#12738,#6096);
#5060=LINE('',#12740,#6097);
#5061=LINE('',#12742,#6098);
#5062=LINE('',#12744,#6099);
#5063=LINE('',#12746,#6100);
#5064=LINE('',#12748,#6101);
#5065=LINE('',#12750,#6102);
#5066=LINE('',#12752,#6103);
#5067=LINE('',#12754,#6104);
#5068=LINE('',#12756,#6105);
#5069=LINE('',#12758,#6106);
#5070=LINE('',#12760,#6107);
#5071=LINE('',#12762,#6108);
#5072=LINE('',#12764,#6109);
#5073=LINE('',#12766,#6110);
#5074=LINE('',#12768,#6111);
#5075=LINE('',#12770,#6112);
#5076=LINE('',#12772,#6113);
#5077=LINE('',#12774,#6114);
#5078=LINE('',#12776,#6115);
#5079=LINE('',#12778,#6116);
#5080=LINE('',#12780,#6117);
#5081=LINE('',#12782,#6118);
#5082=LINE('',#12784,#6119);
#5083=LINE('',#12786,#6120);
#5084=LINE('',#12788,#6121);
#5085=LINE('',#12790,#6122);
#5086=LINE('',#12792,#6123);
#5087=LINE('',#12794,#6124);
#5088=LINE('',#12796,#6125);
#5089=LINE('',#12798,#6126);
#5090=LINE('',#12800,#6127);
#5091=LINE('',#12802,#6128);
#5092=LINE('',#12804,#6129);
#5093=LINE('',#12806,#6130);
#5094=LINE('',#12808,#6131);
#5095=LINE('',#12810,#6132);
#5096=LINE('',#12812,#6133);
#5097=LINE('',#12814,#6134);
#5098=LINE('',#12816,#6135);
#5099=LINE('',#12818,#6136);
#5100=LINE('',#12820,#6137);
#5101=LINE('',#12822,#6138);
#5102=LINE('',#12824,#6139);
#5103=LINE('',#12826,#6140);
#5104=LINE('',#12828,#6141);
#5105=LINE('',#12830,#6142);
#5106=LINE('',#12832,#6143);
#5107=LINE('',#12834,#6144);
#5108=LINE('',#12836,#6145);
#5109=LINE('',#12838,#6146);
#5110=LINE('',#12840,#6147);
#5111=LINE('',#12842,#6148);
#5112=LINE('',#12844,#6149);
#5113=LINE('',#12846,#6150);
#5114=LINE('',#12848,#6151);
#5115=LINE('',#12850,#6152);
#5116=LINE('',#12852,#6153);
#5117=LINE('',#12854,#6154);
#5118=LINE('',#12856,#6155);
#5119=LINE('',#12858,#6156);
#5120=LINE('',#12860,#6157);
#5121=LINE('',#12862,#6158);
#5122=LINE('',#12864,#6159);
#5123=LINE('',#12866,#6160);
#5124=LINE('',#12868,#6161);
#5125=LINE('',#12870,#6162);
#5126=LINE('',#12872,#6163);
#5127=LINE('',#12874,#6164);
#5128=LINE('',#12876,#6165);
#5129=LINE('',#12878,#6166);
#5130=LINE('',#12880,#6167);
#5131=LINE('',#12882,#6168);
#5132=LINE('',#12884,#6169);
#5133=LINE('',#12886,#6170);
#5134=LINE('',#12888,#6171);
#5135=LINE('',#12890,#6172);
#5136=LINE('',#12892,#6173);
#5137=LINE('',#12894,#6174);
#5138=LINE('',#12896,#6175);
#5139=LINE('',#12898,#6176);
#5140=LINE('',#12900,#6177);
#5141=LINE('',#12902,#6178);
#5142=LINE('',#12904,#6179);
#5143=LINE('',#12906,#6180);
#5144=LINE('',#12908,#6181);
#5145=LINE('',#12910,#6182);
#5146=LINE('',#12912,#6183);
#5147=LINE('',#12914,#6184);
#5148=LINE('',#12916,#6185);
#5149=LINE('',#12918,#6186);
#5150=LINE('',#12920,#6187);
#5151=LINE('',#12922,#6188);
#5152=LINE('',#12924,#6189);
#5153=LINE('',#12926,#6190);
#5154=LINE('',#12928,#6191);
#5155=LINE('',#12930,#6192);
#5156=LINE('',#12932,#6193);
#5157=LINE('',#12934,#6194);
#5158=LINE('',#12936,#6195);
#5159=LINE('',#12938,#6196);
#5160=LINE('',#12940,#6197);
#5161=LINE('',#12942,#6198);
#5162=LINE('',#12944,#6199);
#5163=LINE('',#12946,#6200);
#5164=LINE('',#12948,#6201);
#5165=LINE('',#12950,#6202);
#5166=LINE('',#12952,#6203);
#5167=LINE('',#12954,#6204);
#5168=LINE('',#12956,#6205);
#5169=LINE('',#12958,#6206);
#5170=LINE('',#12960,#6207);
#5171=LINE('',#12962,#6208);
#5172=LINE('',#12964,#6209);
#5173=LINE('',#12966,#6210);
#5174=LINE('',#12968,#6211);
#5175=LINE('',#12970,#6212);
#5176=LINE('',#12972,#6213);
#5177=LINE('',#12974,#6214);
#5178=LINE('',#12976,#6215);
#5179=LINE('',#12978,#6216);
#5180=LINE('',#12980,#6217);
#5181=LINE('',#12982,#6218);
#5182=LINE('',#12984,#6219);
#5183=LINE('',#12986,#6220);
#5184=LINE('',#12988,#6221);
#5185=LINE('',#12990,#6222);
#5186=LINE('',#12992,#6223);
#5187=LINE('',#12994,#6224);
#5188=LINE('',#12996,#6225);
#5189=LINE('',#12998,#6226);
#5190=LINE('',#13000,#6227);
#5191=LINE('',#13002,#6228);
#5192=LINE('',#13004,#6229);
#5193=LINE('',#13006,#6230);
#5194=LINE('',#13008,#6231);
#5195=LINE('',#13010,#6232);
#5196=LINE('',#13012,#6233);
#5197=LINE('',#13014,#6234);
#5198=LINE('',#13016,#6235);
#5199=LINE('',#13018,#6236);
#5200=LINE('',#13020,#6237);
#5201=LINE('',#13022,#6238);
#5202=LINE('',#13024,#6239);
#5203=LINE('',#13026,#6240);
#5204=LINE('',#13028,#6241);
#5205=LINE('',#13030,#6242);
#5206=LINE('',#13032,#6243);
#5207=LINE('',#13034,#6244);
#5208=LINE('',#13036,#6245);
#5209=LINE('',#13038,#6246);
#5210=LINE('',#13040,#6247);
#5211=LINE('',#13042,#6248);
#5212=LINE('',#13044,#6249);
#5213=LINE('',#13046,#6250);
#5214=LINE('',#13048,#6251);
#5215=LINE('',#13050,#6252);
#5216=LINE('',#13052,#6253);
#5217=LINE('',#13054,#6254);
#5218=LINE('',#13056,#6255);
#5219=LINE('',#13058,#6256);
#5220=LINE('',#13060,#6257);
#5221=LINE('',#13062,#6258);
#5222=LINE('',#13064,#6259);
#5223=LINE('',#13066,#6260);
#5224=LINE('',#13068,#6261);
#5225=LINE('',#13070,#6262);
#5226=LINE('',#13072,#6263);
#5227=LINE('',#13074,#6264);
#5228=LINE('',#13076,#6265);
#5229=LINE('',#13078,#6266);
#5230=LINE('',#13080,#6267);
#5231=LINE('',#13082,#6268);
#5232=LINE('',#13084,#6269);
#5233=LINE('',#13086,#6270);
#5234=LINE('',#13088,#6271);
#5235=LINE('',#13090,#6272);
#5236=LINE('',#13092,#6273);
#5237=LINE('',#13094,#6274);
#5238=LINE('',#13096,#6275);
#5239=LINE('',#13098,#6276);
#5240=LINE('',#13100,#6277);
#5241=LINE('',#13102,#6278);
#5242=LINE('',#13104,#6279);
#5243=LINE('',#13106,#6280);
#5244=LINE('',#13108,#6281);
#5245=LINE('',#13110,#6282);
#5246=LINE('',#13112,#6283);
#5247=LINE('',#13114,#6284);
#5248=LINE('',#13116,#6285);
#5249=LINE('',#13118,#6286);
#5250=LINE('',#13120,#6287);
#5251=LINE('',#13122,#6288);
#5252=LINE('',#13124,#6289);
#5253=LINE('',#13126,#6290);
#5254=LINE('',#13128,#6291);
#5255=LINE('',#13130,#6292);
#5256=LINE('',#13132,#6293);
#5257=LINE('',#13134,#6294);
#5258=LINE('',#13136,#6295);
#5259=LINE('',#13138,#6296);
#5260=LINE('',#13140,#6297);
#5261=LINE('',#13142,#6298);
#5262=LINE('',#13144,#6299);
#5263=LINE('',#13146,#6300);
#5264=LINE('',#13148,#6301);
#5265=LINE('',#13150,#6302);
#5266=LINE('',#13152,#6303);
#5267=LINE('',#13154,#6304);
#5268=LINE('',#13156,#6305);
#5269=LINE('',#13158,#6306);
#5270=LINE('',#13160,#6307);
#5271=LINE('',#13162,#6308);
#5272=LINE('',#13164,#6309);
#5273=LINE('',#13166,#6310);
#5274=LINE('',#13168,#6311);
#5275=LINE('',#13170,#6312);
#5276=LINE('',#13172,#6313);
#5277=LINE('',#13174,#6314);
#5278=LINE('',#13176,#6315);
#5279=LINE('',#13178,#6316);
#5280=LINE('',#13180,#6317);
#5281=LINE('',#13182,#6318);
#5282=LINE('',#13184,#6319);
#5283=LINE('',#13186,#6320);
#5284=LINE('',#13188,#6321);
#5285=LINE('',#13190,#6322);
#5286=LINE('',#13192,#6323);
#5287=LINE('',#13194,#6324);
#5288=LINE('',#13196,#6325);
#5289=LINE('',#13198,#6326);
#5290=LINE('',#13200,#6327);
#5291=LINE('',#13202,#6328);
#5292=LINE('',#13204,#6329);
#5293=LINE('',#13206,#6330);
#5294=LINE('',#13208,#6331);
#5295=LINE('',#13210,#6332);
#5296=LINE('',#13212,#6333);
#5297=LINE('',#13214,#6334);
#5298=LINE('',#13216,#6335);
#5299=LINE('',#13218,#6336);
#5300=LINE('',#13220,#6337);
#5301=LINE('',#13222,#6338);
#5302=LINE('',#13224,#6339);
#5303=LINE('',#13226,#6340);
#5304=LINE('',#13228,#6341);
#5305=LINE('',#13230,#6342);
#5306=LINE('',#13232,#6343);
#5307=LINE('',#13234,#6344);
#5308=LINE('',#13236,#6345);
#5309=LINE('',#13238,#6346);
#5310=LINE('',#13240,#6347);
#5311=LINE('',#13242,#6348);
#5312=LINE('',#13244,#6349);
#5313=LINE('',#13246,#6350);
#5314=LINE('',#13248,#6351);
#5315=LINE('',#13250,#6352);
#5316=LINE('',#13252,#6353);
#5317=LINE('',#13253,#6354);
#5318=LINE('',#13256,#6355);
#5319=LINE('',#13258,#6356);
#5320=LINE('',#13260,#6357);
#5321=LINE('',#13262,#6358);
#5322=LINE('',#13264,#6359);
#5323=LINE('',#13266,#6360);
#5324=LINE('',#13268,#6361);
#5325=LINE('',#13270,#6362);
#5326=LINE('',#13272,#6363);
#5327=LINE('',#13274,#6364);
#5328=LINE('',#13276,#6365);
#5329=LINE('',#13278,#6366);
#5330=LINE('',#13280,#6367);
#5331=LINE('',#13282,#6368);
#5332=LINE('',#13285,#6369);
#5333=LINE('',#13288,#6370);
#5334=LINE('',#13290,#6371);
#5335=LINE('',#13292,#6372);
#5336=LINE('',#13294,#6373);
#5337=LINE('',#13296,#6374);
#5338=LINE('',#13298,#6375);
#5339=LINE('',#13300,#6376);
#5340=LINE('',#13302,#6377);
#5341=LINE('',#13304,#6378);
#5342=LINE('',#13306,#6379);
#5343=LINE('',#13308,#6380);
#5344=LINE('',#13310,#6381);
#5345=LINE('',#13312,#6382);
#5346=LINE('',#13314,#6383);
#5347=LINE('',#13316,#6384);
#5348=LINE('',#13318,#6385);
#5349=LINE('',#13320,#6386);
#5350=LINE('',#13322,#6387);
#5351=LINE('',#13324,#6388);
#5352=LINE('',#13326,#6389);
#5353=LINE('',#13328,#6390);
#5354=LINE('',#13330,#6391);
#5355=LINE('',#13332,#6392);
#5356=LINE('',#13334,#6393);
#5357=LINE('',#13336,#6394);
#5358=LINE('',#13338,#6395);
#5359=LINE('',#13340,#6396);
#5360=LINE('',#13342,#6397);
#5361=LINE('',#13344,#6398);
#5362=LINE('',#13346,#6399);
#5363=LINE('',#13348,#6400);
#5364=LINE('',#13350,#6401);
#5365=LINE('',#13352,#6402);
#5366=LINE('',#13354,#6403);
#5367=LINE('',#13356,#6404);
#5368=LINE('',#13358,#6405);
#5369=LINE('',#13360,#6406);
#5370=LINE('',#13362,#6407);
#5371=LINE('',#13364,#6408);
#5372=LINE('',#13366,#6409);
#5373=LINE('',#13368,#6410);
#5374=LINE('',#13370,#6411);
#5375=LINE('',#13372,#6412);
#5376=LINE('',#13374,#6413);
#5377=LINE('',#13376,#6414);
#5378=LINE('',#13378,#6415);
#5379=LINE('',#13380,#6416);
#5380=LINE('',#13382,#6417);
#5381=LINE('',#13384,#6418);
#5382=LINE('',#13386,#6419);
#5383=LINE('',#13388,#6420);
#5384=LINE('',#13390,#6421);
#5385=LINE('',#13392,#6422);
#5386=LINE('',#13394,#6423);
#5387=LINE('',#13396,#6424);
#5388=LINE('',#13398,#6425);
#5389=LINE('',#13400,#6426);
#5390=LINE('',#13402,#6427);
#5391=LINE('',#13404,#6428);
#5392=LINE('',#13406,#6429);
#5393=LINE('',#13408,#6430);
#5394=LINE('',#13410,#6431);
#5395=LINE('',#13412,#6432);
#5396=LINE('',#13414,#6433);
#5397=LINE('',#13416,#6434);
#5398=LINE('',#13418,#6435);
#5399=LINE('',#13420,#6436);
#5400=LINE('',#13422,#6437);
#5401=LINE('',#13424,#6438);
#5402=LINE('',#13426,#6439);
#5403=LINE('',#13428,#6440);
#5404=LINE('',#13430,#6441);
#5405=LINE('',#13432,#6442);
#5406=LINE('',#13434,#6443);
#5407=LINE('',#13436,#6444);
#5408=LINE('',#13438,#6445);
#5409=LINE('',#13440,#6446);
#5410=LINE('',#13442,#6447);
#5411=LINE('',#13444,#6448);
#5412=LINE('',#13446,#6449);
#5413=LINE('',#13448,#6450);
#5414=LINE('',#13450,#6451);
#5415=LINE('',#13452,#6452);
#5416=LINE('',#13454,#6453);
#5417=LINE('',#13456,#6454);
#5418=LINE('',#13458,#6455);
#5419=LINE('',#13460,#6456);
#5420=LINE('',#13462,#6457);
#5421=LINE('',#13464,#6458);
#5422=LINE('',#13466,#6459);
#5423=LINE('',#13468,#6460);
#5424=LINE('',#13470,#6461);
#5425=LINE('',#13472,#6462);
#5426=LINE('',#13474,#6463);
#5427=LINE('',#13476,#6464);
#5428=LINE('',#13478,#6465);
#5429=LINE('',#13480,#6466);
#5430=LINE('',#13482,#6467);
#5431=LINE('',#13484,#6468);
#5432=LINE('',#13486,#6469);
#5433=LINE('',#13488,#6470);
#5434=LINE('',#13490,#6471);
#5435=LINE('',#13492,#6472);
#5436=LINE('',#13494,#6473);
#5437=LINE('',#13496,#6474);
#5438=LINE('',#13498,#6475);
#5439=LINE('',#13500,#6476);
#5440=LINE('',#13502,#6477);
#5441=LINE('',#13504,#6478);
#5442=LINE('',#13506,#6479);
#5443=LINE('',#13508,#6480);
#5444=LINE('',#13510,#6481);
#5445=LINE('',#13512,#6482);
#5446=LINE('',#13514,#6483);
#5447=LINE('',#13516,#6484);
#5448=LINE('',#13518,#6485);
#5449=LINE('',#13520,#6486);
#5450=LINE('',#13522,#6487);
#5451=LINE('',#13524,#6488);
#5452=LINE('',#13526,#6489);
#5453=LINE('',#13528,#6490);
#5454=LINE('',#13530,#6491);
#5455=LINE('',#13532,#6492);
#5456=LINE('',#13534,#6493);
#5457=LINE('',#13536,#6494);
#5458=LINE('',#13538,#6495);
#5459=LINE('',#13540,#6496);
#5460=LINE('',#13542,#6497);
#5461=LINE('',#13544,#6498);
#5462=LINE('',#13546,#6499);
#5463=LINE('',#13548,#6500);
#5464=LINE('',#13550,#6501);
#5465=LINE('',#13552,#6502);
#5466=LINE('',#13554,#6503);
#5467=LINE('',#13556,#6504);
#5468=LINE('',#13558,#6505);
#5469=LINE('',#13560,#6506);
#5470=LINE('',#13562,#6507);
#5471=LINE('',#13564,#6508);
#5472=LINE('',#13566,#6509);
#5473=LINE('',#13568,#6510);
#5474=LINE('',#13570,#6511);
#5475=LINE('',#13572,#6512);
#5476=LINE('',#13574,#6513);
#5477=LINE('',#13576,#6514);
#5478=LINE('',#13578,#6515);
#5479=LINE('',#13580,#6516);
#5480=LINE('',#13582,#6517);
#5481=LINE('',#13584,#6518);
#5482=LINE('',#13586,#6519);
#5483=LINE('',#13588,#6520);
#5484=LINE('',#13590,#6521);
#5485=LINE('',#13592,#6522);
#5486=LINE('',#13594,#6523);
#5487=LINE('',#13596,#6524);
#5488=LINE('',#13598,#6525);
#5489=LINE('',#13600,#6526);
#5490=LINE('',#13602,#6527);
#5491=LINE('',#13604,#6528);
#5492=LINE('',#13606,#6529);
#5493=LINE('',#13608,#6530);
#5494=LINE('',#13610,#6531);
#5495=LINE('',#13612,#6532);
#5496=LINE('',#13614,#6533);
#5497=LINE('',#13616,#6534);
#5498=LINE('',#13618,#6535);
#5499=LINE('',#13620,#6536);
#5500=LINE('',#13622,#6537);
#5501=LINE('',#13624,#6538);
#5502=LINE('',#13626,#6539);
#5503=LINE('',#13628,#6540);
#5504=LINE('',#13630,#6541);
#5505=LINE('',#13632,#6542);
#5506=LINE('',#13634,#6543);
#5507=LINE('',#13636,#6544);
#5508=LINE('',#13638,#6545);
#5509=LINE('',#13640,#6546);
#5510=LINE('',#13642,#6547);
#5511=LINE('',#13644,#6548);
#5512=LINE('',#13646,#6549);
#5513=LINE('',#13648,#6550);
#5514=LINE('',#13650,#6551);
#5515=LINE('',#13652,#6552);
#5516=LINE('',#13654,#6553);
#5517=LINE('',#13656,#6554);
#5518=LINE('',#13658,#6555);
#5519=LINE('',#13660,#6556);
#5520=LINE('',#13662,#6557);
#5521=LINE('',#13664,#6558);
#5522=LINE('',#13666,#6559);
#5523=LINE('',#13668,#6560);
#5524=LINE('',#13670,#6561);
#5525=LINE('',#13672,#6562);
#5526=LINE('',#13674,#6563);
#5527=LINE('',#13676,#6564);
#5528=LINE('',#13678,#6565);
#5529=LINE('',#13680,#6566);
#5530=LINE('',#13682,#6567);
#5531=LINE('',#13684,#6568);
#5532=LINE('',#13686,#6569);
#5533=LINE('',#13688,#6570);
#5534=LINE('',#13690,#6571);
#5535=LINE('',#13692,#6572);
#5536=LINE('',#13694,#6573);
#5537=LINE('',#13696,#6574);
#5538=LINE('',#13698,#6575);
#5539=LINE('',#13700,#6576);
#5540=LINE('',#13702,#6577);
#5541=LINE('',#13704,#6578);
#5542=LINE('',#13706,#6579);
#5543=LINE('',#13708,#6580);
#5544=LINE('',#13710,#6581);
#5545=LINE('',#13712,#6582);
#5546=LINE('',#13714,#6583);
#5547=LINE('',#13716,#6584);
#5548=LINE('',#13718,#6585);
#5549=LINE('',#13720,#6586);
#5550=LINE('',#13722,#6587);
#5551=LINE('',#13724,#6588);
#5552=LINE('',#13726,#6589);
#5553=LINE('',#13728,#6590);
#5554=LINE('',#13730,#6591);
#5555=LINE('',#13732,#6592);
#5556=LINE('',#13734,#6593);
#5557=LINE('',#13736,#6594);
#5558=LINE('',#13738,#6595);
#5559=LINE('',#13740,#6596);
#5560=LINE('',#13742,#6597);
#5561=LINE('',#13744,#6598);
#5562=LINE('',#13746,#6599);
#5563=LINE('',#13748,#6600);
#5564=LINE('',#13750,#6601);
#5565=LINE('',#13752,#6602);
#5566=LINE('',#13754,#6603);
#5567=LINE('',#13756,#6604);
#5568=LINE('',#13758,#6605);
#5569=LINE('',#13760,#6606);
#5570=LINE('',#13762,#6607);
#5571=LINE('',#13764,#6608);
#5572=LINE('',#13766,#6609);
#5573=LINE('',#13768,#6610);
#5574=LINE('',#13770,#6611);
#5575=LINE('',#13772,#6612);
#5576=LINE('',#13774,#6613);
#5577=LINE('',#13776,#6614);
#5578=LINE('',#13778,#6615);
#5579=LINE('',#13780,#6616);
#5580=LINE('',#13782,#6617);
#5581=LINE('',#13784,#6618);
#5582=LINE('',#13786,#6619);
#5583=LINE('',#13788,#6620);
#5584=LINE('',#13790,#6621);
#5585=LINE('',#13792,#6622);
#5586=LINE('',#13794,#6623);
#5587=LINE('',#13796,#6624);
#5588=LINE('',#13798,#6625);
#5589=LINE('',#13800,#6626);
#5590=LINE('',#13802,#6627);
#5591=LINE('',#13804,#6628);
#5592=LINE('',#13806,#6629);
#5593=LINE('',#13808,#6630);
#5594=LINE('',#13810,#6631);
#5595=LINE('',#13812,#6632);
#5596=LINE('',#13814,#6633);
#5597=LINE('',#13816,#6634);
#5598=LINE('',#13818,#6635);
#5599=LINE('',#13820,#6636);
#5600=LINE('',#13822,#6637);
#5601=LINE('',#13824,#6638);
#5602=LINE('',#13826,#6639);
#5603=LINE('',#13828,#6640);
#5604=LINE('',#13830,#6641);
#5605=LINE('',#13832,#6642);
#5606=LINE('',#13834,#6643);
#5607=LINE('',#13836,#6644);
#5608=LINE('',#13837,#6645);
#5609=LINE('',#13840,#6646);
#5610=LINE('',#13842,#6647);
#5611=LINE('',#13844,#6648);
#5612=LINE('',#13846,#6649);
#5613=LINE('',#13848,#6650);
#5614=LINE('',#13850,#6651);
#5615=LINE('',#13852,#6652);
#5616=LINE('',#13854,#6653);
#5617=LINE('',#13856,#6654);
#5618=LINE('',#13858,#6655);
#5619=LINE('',#13860,#6656);
#5620=LINE('',#13862,#6657);
#5621=LINE('',#13864,#6658);
#5622=LINE('',#13866,#6659);
#5623=LINE('',#13868,#6660);
#5624=LINE('',#13870,#6661);
#5625=LINE('',#13872,#6662);
#5626=LINE('',#13874,#6663);
#5627=LINE('',#13876,#6664);
#5628=LINE('',#13878,#6665);
#5629=LINE('',#13880,#6666);
#5630=LINE('',#13882,#6667);
#5631=LINE('',#13884,#6668);
#5632=LINE('',#13886,#6669);
#5633=LINE('',#13888,#6670);
#5634=LINE('',#13890,#6671);
#5635=LINE('',#13892,#6672);
#5636=LINE('',#13894,#6673);
#5637=LINE('',#13896,#6674);
#5638=LINE('',#13898,#6675);
#5639=LINE('',#13900,#6676);
#5640=LINE('',#13902,#6677);
#5641=LINE('',#13904,#6678);
#5642=LINE('',#13906,#6679);
#5643=LINE('',#13908,#6680);
#5644=LINE('',#13910,#6681);
#5645=LINE('',#13912,#6682);
#5646=LINE('',#13914,#6683);
#5647=LINE('',#13916,#6684);
#5648=LINE('',#13918,#6685);
#5649=LINE('',#13920,#6686);
#5650=LINE('',#13922,#6687);
#5651=LINE('',#13924,#6688);
#5652=LINE('',#13926,#6689);
#5653=LINE('',#13928,#6690);
#5654=LINE('',#13930,#6691);
#5655=LINE('',#13932,#6692);
#5656=LINE('',#13934,#6693);
#5657=LINE('',#13936,#6694);
#5658=LINE('',#13938,#6695);
#5659=LINE('',#13940,#6696);
#5660=LINE('',#13942,#6697);
#5661=LINE('',#13944,#6698);
#5662=LINE('',#13946,#6699);
#5663=LINE('',#13948,#6700);
#5664=LINE('',#13950,#6701);
#5665=LINE('',#13952,#6702);
#5666=LINE('',#13954,#6703);
#5667=LINE('',#13956,#6704);
#5668=LINE('',#13958,#6705);
#5669=LINE('',#13960,#6706);
#5670=LINE('',#13962,#6707);
#5671=LINE('',#13964,#6708);
#5672=LINE('',#13966,#6709);
#5673=LINE('',#13968,#6710);
#5674=LINE('',#13970,#6711);
#5675=LINE('',#13972,#6712);
#5676=LINE('',#13974,#6713);
#5677=LINE('',#13976,#6714);
#5678=LINE('',#13978,#6715);
#5679=LINE('',#13980,#6716);
#5680=LINE('',#13982,#6717);
#5681=LINE('',#13984,#6718);
#5682=LINE('',#13986,#6719);
#5683=LINE('',#13988,#6720);
#5684=LINE('',#13990,#6721);
#5685=LINE('',#13992,#6722);
#5686=LINE('',#13994,#6723);
#5687=LINE('',#13996,#6724);
#5688=LINE('',#13998,#6725);
#5689=LINE('',#14000,#6726);
#5690=LINE('',#14002,#6727);
#5691=LINE('',#14004,#6728);
#5692=LINE('',#14006,#6729);
#5693=LINE('',#14008,#6730);
#5694=LINE('',#14010,#6731);
#5695=LINE('',#14012,#6732);
#5696=LINE('',#14014,#6733);
#5697=LINE('',#14016,#6734);
#5698=LINE('',#14018,#6735);
#5699=LINE('',#14020,#6736);
#5700=LINE('',#14022,#6737);
#5701=LINE('',#14024,#6738);
#5702=LINE('',#14026,#6739);
#5703=LINE('',#14028,#6740);
#5704=LINE('',#14030,#6741);
#5705=LINE('',#14059,#6742);
#5706=LINE('',#14060,#6743);
#5707=LINE('',#14062,#6744);
#5708=LINE('',#14064,#6745);
#5709=VECTOR('',#9366,1.);
#5710=VECTOR('',#9367,1.);
#5711=VECTOR('',#9368,1.);
#5712=VECTOR('',#9371,1.);
#5713=VECTOR('',#9374,1.);
#5714=VECTOR('',#9377,1.);
#5715=VECTOR('',#9380,1.);
#5716=VECTOR('',#9381,1.);
#5717=VECTOR('',#9382,1.);
#5718=VECTOR('',#9383,1.);
#5719=VECTOR('',#9384,1.);
#5720=VECTOR('',#9385,1.);
#5721=VECTOR('',#9388,1.);
#5722=VECTOR('',#9391,1.);
#5723=VECTOR('',#9392,1.);
#5724=VECTOR('',#9393,1.);
#5725=VECTOR('',#9394,1.);
#5726=VECTOR('',#9395,1.);
#5727=VECTOR('',#9396,1.);
#5728=VECTOR('',#9397,1.);
#5729=VECTOR('',#9398,1.);
#5730=VECTOR('',#9401,1.);
#5731=VECTOR('',#9402,1.);
#5732=VECTOR('',#9405,1.);
#5733=VECTOR('',#9406,1.);
#5734=VECTOR('',#9407,1.);
#5735=VECTOR('',#9408,1.);
#5736=VECTOR('',#9409,1.);
#5737=VECTOR('',#9410,1.);
#5738=VECTOR('',#9411,1.);
#5739=VECTOR('',#9412,1.);
#5740=VECTOR('',#9413,1.);
#5741=VECTOR('',#9414,1.);
#5742=VECTOR('',#9415,1.);
#5743=VECTOR('',#9416,1.);
#5744=VECTOR('',#9417,1.);
#5745=VECTOR('',#9418,1.);
#5746=VECTOR('',#9419,1.);
#5747=VECTOR('',#9420,1.);
#5748=VECTOR('',#9421,1.);
#5749=VECTOR('',#9422,1.);
#5750=VECTOR('',#9423,1.);
#5751=VECTOR('',#9424,1.);
#5752=VECTOR('',#9425,1.);
#5753=VECTOR('',#9426,1.);
#5754=VECTOR('',#9427,1.);
#5755=VECTOR('',#9428,1.);
#5756=VECTOR('',#9429,1.);
#5757=VECTOR('',#9430,1.);
#5758=VECTOR('',#9431,1.);
#5759=VECTOR('',#9432,1.);
#5760=VECTOR('',#9433,1.);
#5761=VECTOR('',#9434,1.);
#5762=VECTOR('',#9435,1.);
#5763=VECTOR('',#9436,1.);
#5764=VECTOR('',#9437,1.);
#5765=VECTOR('',#9438,1.);
#5766=VECTOR('',#9439,1.);
#5767=VECTOR('',#9440,1.);
#5768=VECTOR('',#9441,1.);
#5769=VECTOR('',#9442,1.);
#5770=VECTOR('',#9443,1.);
#5771=VECTOR('',#9444,1.);
#5772=VECTOR('',#9445,1.);
#5773=VECTOR('',#9446,1.);
#5774=VECTOR('',#9447,1.);
#5775=VECTOR('',#9448,1.);
#5776=VECTOR('',#9449,1.);
#5777=VECTOR('',#9450,1.);
#5778=VECTOR('',#9451,1.);
#5779=VECTOR('',#9452,1.);
#5780=VECTOR('',#9453,1.);
#5781=VECTOR('',#9454,1.);
#5782=VECTOR('',#9455,1.);
#5783=VECTOR('',#9456,1.);
#5784=VECTOR('',#9457,1.);
#5785=VECTOR('',#9458,1.);
#5786=VECTOR('',#9459,1.);
#5787=VECTOR('',#9460,1.);
#5788=VECTOR('',#9461,1.);
#5789=VECTOR('',#9462,1.);
#5790=VECTOR('',#9463,1.);
#5791=VECTOR('',#9464,1.);
#5792=VECTOR('',#9465,1.);
#5793=VECTOR('',#9466,1.);
#5794=VECTOR('',#9467,1.);
#5795=VECTOR('',#9468,1.);
#5796=VECTOR('',#9469,1.);
#5797=VECTOR('',#9470,1.);
#5798=VECTOR('',#9471,1.);
#5799=VECTOR('',#9472,1.);
#5800=VECTOR('',#9473,1.);
#5801=VECTOR('',#9474,1.);
#5802=VECTOR('',#9475,1.);
#5803=VECTOR('',#9476,1.);
#5804=VECTOR('',#9477,1.);
#5805=VECTOR('',#9478,1.);
#5806=VECTOR('',#9479,1.);
#5807=VECTOR('',#9480,1.);
#5808=VECTOR('',#9481,1.);
#5809=VECTOR('',#9482,1.);
#5810=VECTOR('',#9483,1.);
#5811=VECTOR('',#9484,1.);
#5812=VECTOR('',#9485,1.);
#5813=VECTOR('',#9486,1.);
#5814=VECTOR('',#9487,1.);
#5815=VECTOR('',#9488,1.);
#5816=VECTOR('',#9489,1.);
#5817=VECTOR('',#9490,1.);
#5818=VECTOR('',#9491,1.);
#5819=VECTOR('',#9492,1.);
#5820=VECTOR('',#9493,1.);
#5821=VECTOR('',#9494,1.);
#5822=VECTOR('',#9495,1.);
#5823=VECTOR('',#9496,1.);
#5824=VECTOR('',#9497,1.);
#5825=VECTOR('',#9498,1.);
#5826=VECTOR('',#9499,1.);
#5827=VECTOR('',#9500,1.);
#5828=VECTOR('',#9501,1.);
#5829=VECTOR('',#9502,1.);
#5830=VECTOR('',#9503,1.);
#5831=VECTOR('',#9504,1.);
#5832=VECTOR('',#9505,1.);
#5833=VECTOR('',#9506,1.);
#5834=VECTOR('',#9507,1.);
#5835=VECTOR('',#9508,1.);
#5836=VECTOR('',#9509,1.);
#5837=VECTOR('',#9510,1.);
#5838=VECTOR('',#9511,1.);
#5839=VECTOR('',#9512,1.);
#5840=VECTOR('',#9513,1.);
#5841=VECTOR('',#9514,1.);
#5842=VECTOR('',#9515,1.);
#5843=VECTOR('',#9516,1.);
#5844=VECTOR('',#9517,1.);
#5845=VECTOR('',#9518,1.);
#5846=VECTOR('',#9519,1.);
#5847=VECTOR('',#9520,1.);
#5848=VECTOR('',#9521,1.);
#5849=VECTOR('',#9522,1.);
#5850=VECTOR('',#9523,1.);
#5851=VECTOR('',#9524,1.);
#5852=VECTOR('',#9525,1.);
#5853=VECTOR('',#9526,1.);
#5854=VECTOR('',#9527,1.);
#5855=VECTOR('',#9528,1.);
#5856=VECTOR('',#9529,1.);
#5857=VECTOR('',#9530,1.);
#5858=VECTOR('',#9531,1.);
#5859=VECTOR('',#9532,1.);
#5860=VECTOR('',#9533,1.);
#5861=VECTOR('',#9534,1.);
#5862=VECTOR('',#9535,1.);
#5863=VECTOR('',#9536,1.);
#5864=VECTOR('',#9537,1.);
#5865=VECTOR('',#9538,1.);
#5866=VECTOR('',#9539,1.);
#5867=VECTOR('',#9540,1.);
#5868=VECTOR('',#9541,1.);
#5869=VECTOR('',#9542,1.);
#5870=VECTOR('',#9543,1.);
#5871=VECTOR('',#9544,1.);
#5872=VECTOR('',#9545,1.);
#5873=VECTOR('',#9546,1.);
#5874=VECTOR('',#9547,1.);
#5875=VECTOR('',#9548,1.);
#5876=VECTOR('',#9549,1.);
#5877=VECTOR('',#9550,1.);
#5878=VECTOR('',#9551,1.);
#5879=VECTOR('',#9552,1.);
#5880=VECTOR('',#9553,1.);
#5881=VECTOR('',#9554,1.);
#5882=VECTOR('',#9555,1.);
#5883=VECTOR('',#9556,1.);
#5884=VECTOR('',#9557,1.);
#5885=VECTOR('',#9558,1.);
#5886=VECTOR('',#9559,1.);
#5887=VECTOR('',#9560,1.);
#5888=VECTOR('',#9561,1.);
#5889=VECTOR('',#9562,1.);
#5890=VECTOR('',#9563,1.);
#5891=VECTOR('',#9564,1.);
#5892=VECTOR('',#9565,1.);
#5893=VECTOR('',#9566,1.);
#5894=VECTOR('',#9567,1.);
#5895=VECTOR('',#9568,1.);
#5896=VECTOR('',#9569,1.);
#5897=VECTOR('',#9570,1.);
#5898=VECTOR('',#9571,1.);
#5899=VECTOR('',#9572,1.);
#5900=VECTOR('',#9573,1.);
#5901=VECTOR('',#9574,1.);
#5902=VECTOR('',#9575,1.);
#5903=VECTOR('',#9576,1.);
#5904=VECTOR('',#9577,1.);
#5905=VECTOR('',#9578,1.);
#5906=VECTOR('',#9579,1.);
#5907=VECTOR('',#9580,1.);
#5908=VECTOR('',#9581,1.);
#5909=VECTOR('',#9582,1.);
#5910=VECTOR('',#9583,1.);
#5911=VECTOR('',#9584,1.);
#5912=VECTOR('',#9585,1.);
#5913=VECTOR('',#9586,1.);
#5914=VECTOR('',#9587,1.);
#5915=VECTOR('',#9588,1.);
#5916=VECTOR('',#9589,1.);
#5917=VECTOR('',#9590,1.);
#5918=VECTOR('',#9591,1.);
#5919=VECTOR('',#9592,1.);
#5920=VECTOR('',#9593,1.);
#5921=VECTOR('',#9594,1.);
#5922=VECTOR('',#9595,1.);
#5923=VECTOR('',#9596,1.);
#5924=VECTOR('',#9597,1.);
#5925=VECTOR('',#9598,1.);
#5926=VECTOR('',#9599,1.);
#5927=VECTOR('',#9602,1.);
#5928=VECTOR('',#9605,1.);
#5929=VECTOR('',#9608,1.);
#5930=VECTOR('',#9611,1.);
#5931=VECTOR('',#9612,1.);
#5932=VECTOR('',#9613,1.);
#5933=VECTOR('',#9614,1.);
#5934=VECTOR('',#9615,1.);
#5935=VECTOR('',#9616,1.);
#5936=VECTOR('',#9617,1.);
#5937=VECTOR('',#9618,1.);
#5938=VECTOR('',#9619,1.);
#5939=VECTOR('',#9620,1.);
#5940=VECTOR('',#9621,1.);
#5941=VECTOR('',#9622,1.);
#5942=VECTOR('',#9623,1.);
#5943=VECTOR('',#9624,1.);
#5944=VECTOR('',#9625,1.);
#5945=VECTOR('',#9626,1.);
#5946=VECTOR('',#9627,1.);
#5947=VECTOR('',#9628,1.);
#5948=VECTOR('',#9629,1.);
#5949=VECTOR('',#9630,1.);
#5950=VECTOR('',#9631,1.);
#5951=VECTOR('',#9632,1.);
#5952=VECTOR('',#9633,1.);
#5953=VECTOR('',#9634,1.);
#5954=VECTOR('',#9635,1.);
#5955=VECTOR('',#9636,1.);
#5956=VECTOR('',#9637,1.);
#5957=VECTOR('',#9638,1.);
#5958=VECTOR('',#9639,1.);
#5959=VECTOR('',#9640,1.);
#5960=VECTOR('',#9641,1.);
#5961=VECTOR('',#9642,1.);
#5962=VECTOR('',#9643,1.);
#5963=VECTOR('',#9644,1.);
#5964=VECTOR('',#9645,1.);
#5965=VECTOR('',#9646,1.);
#5966=VECTOR('',#9647,1.);
#5967=VECTOR('',#9648,1.);
#5968=VECTOR('',#9649,1.);
#5969=VECTOR('',#9650,1.);
#5970=VECTOR('',#9651,1.);
#5971=VECTOR('',#9652,1.);
#5972=VECTOR('',#9653,1.);
#5973=VECTOR('',#9654,1.);
#5974=VECTOR('',#9655,1.);
#5975=VECTOR('',#9656,1.);
#5976=VECTOR('',#9657,1.);
#5977=VECTOR('',#9658,1.);
#5978=VECTOR('',#9659,1.);
#5979=VECTOR('',#9660,1.);
#5980=VECTOR('',#9661,1.);
#5981=VECTOR('',#9662,1.);
#5982=VECTOR('',#9663,1.);
#5983=VECTOR('',#9664,1.);
#5984=VECTOR('',#9665,1.);
#5985=VECTOR('',#9666,1.);
#5986=VECTOR('',#9667,1.);
#5987=VECTOR('',#9668,1.);
#5988=VECTOR('',#9669,1.);
#5989=VECTOR('',#9696,1.);
#5990=VECTOR('',#9699,1.);
#5991=VECTOR('',#9702,1.);
#5992=VECTOR('',#9705,1.);
#5993=VECTOR('',#9710,1.);
#5994=VECTOR('',#9713,1.);
#5995=VECTOR('',#9714,1.);
#5996=VECTOR('',#9717,1.);
#5997=VECTOR('',#9720,1.);
#5998=VECTOR('',#9723,1.);
#5999=VECTOR('',#9726,1.);
#6000=VECTOR('',#9729,1.);
#6001=VECTOR('',#9732,1.);
#6002=VECTOR('',#9735,1.);
#6003=VECTOR('',#9738,1.);
#6004=VECTOR('',#9741,1.);
#6005=VECTOR('',#9746,1.);
#6006=VECTOR('',#9747,1.);
#6007=VECTOR('',#9748,1.);
#6008=VECTOR('',#9749,1.);
#6009=VECTOR('',#9778,1.);
#6010=VECTOR('',#9781,1.);
#6011=VECTOR('',#9784,1.);
#6012=VECTOR('',#9787,1.);
#6013=VECTOR('',#9792,1.);
#6014=VECTOR('',#9795,1.);
#6015=VECTOR('',#9798,1.);
#6016=VECTOR('',#9801,1.);
#6017=VECTOR('',#9804,1.);
#6018=VECTOR('',#9807,1.);
#6019=VECTOR('',#9810,1.);
#6020=VECTOR('',#9813,1.);
#6021=VECTOR('',#9816,1.);
#6022=VECTOR('',#9819,1.);
#6023=VECTOR('',#9826,1.);
#6024=VECTOR('',#9827,1.);
#6025=VECTOR('',#9828,1.);
#6026=VECTOR('',#9831,1.);
#6027=VECTOR('',#9832,1.);
#6028=VECTOR('',#9891,1.);
#6029=VECTOR('',#9892,1.);
#6030=VECTOR('',#9895,1.);
#6031=VECTOR('',#9896,1.);
#6032=VECTOR('',#9955,1.);
#6033=VECTOR('',#9956,1.);
#6034=VECTOR('',#9971,1.);
#6035=VECTOR('',#9972,1.);
#6036=VECTOR('',#9973,1.);
#6037=VECTOR('',#9974,1.);
#6038=VECTOR('',#9975,1.);
#6039=VECTOR('',#9976,1.);
#6040=VECTOR('',#9977,1.);
#6041=VECTOR('',#9978,1.);
#6042=VECTOR('',#9979,1.);
#6043=VECTOR('',#9980,1.);
#6044=VECTOR('',#9981,1.);
#6045=VECTOR('',#9982,1.);
#6046=VECTOR('',#9983,1.);
#6047=VECTOR('',#9984,1.);
#6048=VECTOR('',#9985,1.);
#6049=VECTOR('',#9986,1.);
#6050=VECTOR('',#9987,1.);
#6051=VECTOR('',#9988,1.);
#6052=VECTOR('',#9989,1.);
#6053=VECTOR('',#9990,1.);
#6054=VECTOR('',#9991,1.);
#6055=VECTOR('',#9992,1.);
#6056=VECTOR('',#9993,1.);
#6057=VECTOR('',#9994,1.);
#6058=VECTOR('',#9995,1.);
#6059=VECTOR('',#9996,1.);
#6060=VECTOR('',#9997,1.);
#6061=VECTOR('',#9998,1.);
#6062=VECTOR('',#10245,1.);
#6063=VECTOR('',#10246,1.);
#6064=VECTOR('',#10247,1.);
#6065=VECTOR('',#10250,1.);
#6066=VECTOR('',#10251,1.);
#6067=VECTOR('',#10254,1.);
#6068=VECTOR('',#10255,1.);
#6069=VECTOR('',#10258,1.);
#6070=VECTOR('',#10263,1.);
#6071=VECTOR('',#10264,1.);
#6072=VECTOR('',#10265,1.);
#6073=VECTOR('',#10268,1.);
#6074=VECTOR('',#10269,1.);
#6075=VECTOR('',#10272,1.);
#6076=VECTOR('',#10273,1.);
#6077=VECTOR('',#10276,1.);
#6078=VECTOR('',#10281,1.);
#6079=VECTOR('',#10282,1.);
#6080=VECTOR('',#10283,1.);
#6081=VECTOR('',#10284,1.);
#6082=VECTOR('',#10287,1.);
#6083=VECTOR('',#10288,1.);
#6084=VECTOR('',#10289,1.);
#6085=VECTOR('',#10292,1.);
#6086=VECTOR('',#10293,1.);
#6087=VECTOR('',#10294,1.);
#6088=VECTOR('',#10297,1.);
#6089=VECTOR('',#10298,1.);
#6090=VECTOR('',#10299,1.);
#6091=VECTOR('',#10302,1.);
#6092=VECTOR('',#10303,1.);
#6093=VECTOR('',#10304,1.);
#6094=VECTOR('',#10307,1.);
#6095=VECTOR('',#10308,1.);
#6096=VECTOR('',#10309,1.);
#6097=VECTOR('',#10312,1.);
#6098=VECTOR('',#10313,1.);
#6099=VECTOR('',#10314,1.);
#6100=VECTOR('',#10317,1.);
#6101=VECTOR('',#10318,1.);
#6102=VECTOR('',#10319,1.);
#6103=VECTOR('',#10322,1.);
#6104=VECTOR('',#10323,1.);
#6105=VECTOR('',#10324,1.);
#6106=VECTOR('',#10327,1.);
#6107=VECTOR('',#10328,1.);
#6108=VECTOR('',#10329,1.);
#6109=VECTOR('',#10332,1.);
#6110=VECTOR('',#10333,1.);
#6111=VECTOR('',#10334,1.);
#6112=VECTOR('',#10337,1.);
#6113=VECTOR('',#10338,1.);
#6114=VECTOR('',#10339,1.);
#6115=VECTOR('',#10342,1.);
#6116=VECTOR('',#10343,1.);
#6117=VECTOR('',#10344,1.);
#6118=VECTOR('',#10347,1.);
#6119=VECTOR('',#10348,1.);
#6120=VECTOR('',#10349,1.);
#6121=VECTOR('',#10352,1.);
#6122=VECTOR('',#10353,1.);
#6123=VECTOR('',#10354,1.);
#6124=VECTOR('',#10357,1.);
#6125=VECTOR('',#10358,1.);
#6126=VECTOR('',#10359,1.);
#6127=VECTOR('',#10362,1.);
#6128=VECTOR('',#10363,1.);
#6129=VECTOR('',#10364,1.);
#6130=VECTOR('',#10367,1.);
#6131=VECTOR('',#10368,1.);
#6132=VECTOR('',#10369,1.);
#6133=VECTOR('',#10372,1.);
#6134=VECTOR('',#10373,1.);
#6135=VECTOR('',#10374,1.);
#6136=VECTOR('',#10377,1.);
#6137=VECTOR('',#10378,1.);
#6138=VECTOR('',#10379,1.);
#6139=VECTOR('',#10382,1.);
#6140=VECTOR('',#10383,1.);
#6141=VECTOR('',#10384,1.);
#6142=VECTOR('',#10387,1.);
#6143=VECTOR('',#10388,1.);
#6144=VECTOR('',#10389,1.);
#6145=VECTOR('',#10392,1.);
#6146=VECTOR('',#10393,1.);
#6147=VECTOR('',#10394,1.);
#6148=VECTOR('',#10397,1.);
#6149=VECTOR('',#10398,1.);
#6150=VECTOR('',#10399,1.);
#6151=VECTOR('',#10402,1.);
#6152=VECTOR('',#10403,1.);
#6153=VECTOR('',#10404,1.);
#6154=VECTOR('',#10407,1.);
#6155=VECTOR('',#10408,1.);
#6156=VECTOR('',#10409,1.);
#6157=VECTOR('',#10412,1.);
#6158=VECTOR('',#10413,1.);
#6159=VECTOR('',#10414,1.);
#6160=VECTOR('',#10417,1.);
#6161=VECTOR('',#10418,1.);
#6162=VECTOR('',#10419,1.);
#6163=VECTOR('',#10422,1.);
#6164=VECTOR('',#10423,1.);
#6165=VECTOR('',#10424,1.);
#6166=VECTOR('',#10427,1.);
#6167=VECTOR('',#10428,1.);
#6168=VECTOR('',#10431,1.);
#6169=VECTOR('',#10432,1.);
#6170=VECTOR('',#10435,1.);
#6171=VECTOR('',#10436,1.);
#6172=VECTOR('',#10439,1.);
#6173=VECTOR('',#10440,1.);
#6174=VECTOR('',#10443,1.);
#6175=VECTOR('',#10444,1.);
#6176=VECTOR('',#10447,1.);
#6177=VECTOR('',#10448,1.);
#6178=VECTOR('',#10451,1.);
#6179=VECTOR('',#10452,1.);
#6180=VECTOR('',#10455,1.);
#6181=VECTOR('',#10456,1.);
#6182=VECTOR('',#10459,1.);
#6183=VECTOR('',#10460,1.);
#6184=VECTOR('',#10463,1.);
#6185=VECTOR('',#10464,1.);
#6186=VECTOR('',#10467,1.);
#6187=VECTOR('',#10468,1.);
#6188=VECTOR('',#10471,1.);
#6189=VECTOR('',#10472,1.);
#6190=VECTOR('',#10475,1.);
#6191=VECTOR('',#10476,1.);
#6192=VECTOR('',#10479,1.);
#6193=VECTOR('',#10480,1.);
#6194=VECTOR('',#10483,1.);
#6195=VECTOR('',#10484,1.);
#6196=VECTOR('',#10487,1.);
#6197=VECTOR('',#10488,1.);
#6198=VECTOR('',#10491,1.);
#6199=VECTOR('',#10492,1.);
#6200=VECTOR('',#10495,1.);
#6201=VECTOR('',#10496,1.);
#6202=VECTOR('',#10499,1.);
#6203=VECTOR('',#10500,1.);
#6204=VECTOR('',#10503,1.);
#6205=VECTOR('',#10504,1.);
#6206=VECTOR('',#10507,1.);
#6207=VECTOR('',#10508,1.);
#6208=VECTOR('',#10511,1.);
#6209=VECTOR('',#10512,1.);
#6210=VECTOR('',#10515,1.);
#6211=VECTOR('',#10516,1.);
#6212=VECTOR('',#10519,1.);
#6213=VECTOR('',#10520,1.);
#6214=VECTOR('',#10523,1.);
#6215=VECTOR('',#10524,1.);
#6216=VECTOR('',#10527,1.);
#6217=VECTOR('',#10528,1.);
#6218=VECTOR('',#10531,1.);
#6219=VECTOR('',#10532,1.);
#6220=VECTOR('',#10535,1.);
#6221=VECTOR('',#10536,1.);
#6222=VECTOR('',#10539,1.);
#6223=VECTOR('',#10540,1.);
#6224=VECTOR('',#10543,1.);
#6225=VECTOR('',#10544,1.);
#6226=VECTOR('',#10547,1.);
#6227=VECTOR('',#10548,1.);
#6228=VECTOR('',#10551,1.);
#6229=VECTOR('',#10552,1.);
#6230=VECTOR('',#10555,1.);
#6231=VECTOR('',#10556,1.);
#6232=VECTOR('',#10559,1.);
#6233=VECTOR('',#10560,1.);
#6234=VECTOR('',#10563,1.);
#6235=VECTOR('',#10564,1.);
#6236=VECTOR('',#10567,1.);
#6237=VECTOR('',#10568,1.);
#6238=VECTOR('',#10571,1.);
#6239=VECTOR('',#10572,1.);
#6240=VECTOR('',#10575,1.);
#6241=VECTOR('',#10576,1.);
#6242=VECTOR('',#10579,1.);
#6243=VECTOR('',#10580,1.);
#6244=VECTOR('',#10583,1.);
#6245=VECTOR('',#10584,1.);
#6246=VECTOR('',#10587,1.);
#6247=VECTOR('',#10588,1.);
#6248=VECTOR('',#10591,1.);
#6249=VECTOR('',#10592,1.);
#6250=VECTOR('',#10595,1.);
#6251=VECTOR('',#10596,1.);
#6252=VECTOR('',#10599,1.);
#6253=VECTOR('',#10600,1.);
#6254=VECTOR('',#10603,1.);
#6255=VECTOR('',#10604,1.);
#6256=VECTOR('',#10607,1.);
#6257=VECTOR('',#10608,1.);
#6258=VECTOR('',#10611,1.);
#6259=VECTOR('',#10612,1.);
#6260=VECTOR('',#10615,1.);
#6261=VECTOR('',#10616,1.);
#6262=VECTOR('',#10619,1.);
#6263=VECTOR('',#10620,1.);
#6264=VECTOR('',#10623,1.);
#6265=VECTOR('',#10624,1.);
#6266=VECTOR('',#10627,1.);
#6267=VECTOR('',#10628,1.);
#6268=VECTOR('',#10631,1.);
#6269=VECTOR('',#10632,1.);
#6270=VECTOR('',#10635,1.);
#6271=VECTOR('',#10636,1.);
#6272=VECTOR('',#10639,1.);
#6273=VECTOR('',#10640,1.);
#6274=VECTOR('',#10643,1.);
#6275=VECTOR('',#10644,1.);
#6276=VECTOR('',#10647,1.);
#6277=VECTOR('',#10648,1.);
#6278=VECTOR('',#10651,1.);
#6279=VECTOR('',#10652,1.);
#6280=VECTOR('',#10655,1.);
#6281=VECTOR('',#10656,1.);
#6282=VECTOR('',#10659,1.);
#6283=VECTOR('',#10660,1.);
#6284=VECTOR('',#10663,1.);
#6285=VECTOR('',#10664,1.);
#6286=VECTOR('',#10667,1.);
#6287=VECTOR('',#10668,1.);
#6288=VECTOR('',#10671,1.);
#6289=VECTOR('',#10672,1.);
#6290=VECTOR('',#10675,1.);
#6291=VECTOR('',#10676,1.);
#6292=VECTOR('',#10679,1.);
#6293=VECTOR('',#10680,1.);
#6294=VECTOR('',#10683,1.);
#6295=VECTOR('',#10684,1.);
#6296=VECTOR('',#10687,1.);
#6297=VECTOR('',#10688,1.);
#6298=VECTOR('',#10691,1.);
#6299=VECTOR('',#10692,1.);
#6300=VECTOR('',#10695,1.);
#6301=VECTOR('',#10696,1.);
#6302=VECTOR('',#10699,1.);
#6303=VECTOR('',#10700,1.);
#6304=VECTOR('',#10703,1.);
#6305=VECTOR('',#10704,1.);
#6306=VECTOR('',#10707,1.);
#6307=VECTOR('',#10708,1.);
#6308=VECTOR('',#10711,1.);
#6309=VECTOR('',#10712,1.);
#6310=VECTOR('',#10715,1.);
#6311=VECTOR('',#10716,1.);
#6312=VECTOR('',#10719,1.);
#6313=VECTOR('',#10720,1.);
#6314=VECTOR('',#10723,1.);
#6315=VECTOR('',#10724,1.);
#6316=VECTOR('',#10727,1.);
#6317=VECTOR('',#10728,1.);
#6318=VECTOR('',#10731,1.);
#6319=VECTOR('',#10732,1.);
#6320=VECTOR('',#10735,1.);
#6321=VECTOR('',#10736,1.);
#6322=VECTOR('',#10739,1.);
#6323=VECTOR('',#10740,1.);
#6324=VECTOR('',#10743,1.);
#6325=VECTOR('',#10744,1.);
#6326=VECTOR('',#10747,1.);
#6327=VECTOR('',#10748,1.);
#6328=VECTOR('',#10751,1.);
#6329=VECTOR('',#10752,1.);
#6330=VECTOR('',#10755,1.);
#6331=VECTOR('',#10756,1.);
#6332=VECTOR('',#10759,1.);
#6333=VECTOR('',#10760,1.);
#6334=VECTOR('',#10763,1.);
#6335=VECTOR('',#10764,1.);
#6336=VECTOR('',#10767,1.);
#6337=VECTOR('',#10768,1.);
#6338=VECTOR('',#10771,1.);
#6339=VECTOR('',#10772,1.);
#6340=VECTOR('',#10775,1.);
#6341=VECTOR('',#10776,1.);
#6342=VECTOR('',#10779,1.);
#6343=VECTOR('',#10780,1.);
#6344=VECTOR('',#10783,1.);
#6345=VECTOR('',#10784,1.);
#6346=VECTOR('',#10787,1.);
#6347=VECTOR('',#10788,1.);
#6348=VECTOR('',#10791,1.);
#6349=VECTOR('',#10792,1.);
#6350=VECTOR('',#10795,1.);
#6351=VECTOR('',#10796,1.);
#6352=VECTOR('',#10799,1.);
#6353=VECTOR('',#10802,1.);
#6354=VECTOR('',#10803,1.);
#6355=VECTOR('',#10808,1.);
#6356=VECTOR('',#10809,1.);
#6357=VECTOR('',#10810,1.);
#6358=VECTOR('',#10813,1.);
#6359=VECTOR('',#10814,1.);
#6360=VECTOR('',#10817,1.);
#6361=VECTOR('',#10818,1.);
#6362=VECTOR('',#10821,1.);
#6363=VECTOR('',#10822,1.);
#6364=VECTOR('',#10825,1.);
#6365=VECTOR('',#10826,1.);
#6366=VECTOR('',#10829,1.);
#6367=VECTOR('',#10830,1.);
#6368=VECTOR('',#10833,1.);
#6369=VECTOR('',#10838,1.);
#6370=VECTOR('',#10839,1.);
#6371=VECTOR('',#10840,1.);
#6372=VECTOR('',#10841,1.);
#6373=VECTOR('',#10844,1.);
#6374=VECTOR('',#10845,1.);
#6375=VECTOR('',#10846,1.);
#6376=VECTOR('',#10849,1.);
#6377=VECTOR('',#10850,1.);
#6378=VECTOR('',#10851,1.);
#6379=VECTOR('',#10854,1.);
#6380=VECTOR('',#10855,1.);
#6381=VECTOR('',#10856,1.);
#6382=VECTOR('',#10859,1.);
#6383=VECTOR('',#10860,1.);
#6384=VECTOR('',#10861,1.);
#6385=VECTOR('',#10864,1.);
#6386=VECTOR('',#10865,1.);
#6387=VECTOR('',#10866,1.);
#6388=VECTOR('',#10869,1.);
#6389=VECTOR('',#10870,1.);
#6390=VECTOR('',#10871,1.);
#6391=VECTOR('',#10874,1.);
#6392=VECTOR('',#10875,1.);
#6393=VECTOR('',#10876,1.);
#6394=VECTOR('',#10879,1.);
#6395=VECTOR('',#10880,1.);
#6396=VECTOR('',#10881,1.);
#6397=VECTOR('',#10884,1.);
#6398=VECTOR('',#10885,1.);
#6399=VECTOR('',#10886,1.);
#6400=VECTOR('',#10889,1.);
#6401=VECTOR('',#10890,1.);
#6402=VECTOR('',#10891,1.);
#6403=VECTOR('',#10894,1.);
#6404=VECTOR('',#10895,1.);
#6405=VECTOR('',#10896,1.);
#6406=VECTOR('',#10899,1.);
#6407=VECTOR('',#10900,1.);
#6408=VECTOR('',#10901,1.);
#6409=VECTOR('',#10904,1.);
#6410=VECTOR('',#10905,1.);
#6411=VECTOR('',#10906,1.);
#6412=VECTOR('',#10909,1.);
#6413=VECTOR('',#10910,1.);
#6414=VECTOR('',#10911,1.);
#6415=VECTOR('',#10914,1.);
#6416=VECTOR('',#10915,1.);
#6417=VECTOR('',#10916,1.);
#6418=VECTOR('',#10919,1.);
#6419=VECTOR('',#10920,1.);
#6420=VECTOR('',#10921,1.);
#6421=VECTOR('',#10924,1.);
#6422=VECTOR('',#10925,1.);
#6423=VECTOR('',#10926,1.);
#6424=VECTOR('',#10929,1.);
#6425=VECTOR('',#10930,1.);
#6426=VECTOR('',#10931,1.);
#6427=VECTOR('',#10934,1.);
#6428=VECTOR('',#10935,1.);
#6429=VECTOR('',#10936,1.);
#6430=VECTOR('',#10939,1.);
#6431=VECTOR('',#10940,1.);
#6432=VECTOR('',#10941,1.);
#6433=VECTOR('',#10944,1.);
#6434=VECTOR('',#10945,1.);
#6435=VECTOR('',#10946,1.);
#6436=VECTOR('',#10949,1.);
#6437=VECTOR('',#10950,1.);
#6438=VECTOR('',#10951,1.);
#6439=VECTOR('',#10954,1.);
#6440=VECTOR('',#10955,1.);
#6441=VECTOR('',#10956,1.);
#6442=VECTOR('',#10959,1.);
#6443=VECTOR('',#10960,1.);
#6444=VECTOR('',#10961,1.);
#6445=VECTOR('',#10964,1.);
#6446=VECTOR('',#10965,1.);
#6447=VECTOR('',#10966,1.);
#6448=VECTOR('',#10969,1.);
#6449=VECTOR('',#10970,1.);
#6450=VECTOR('',#10971,1.);
#6451=VECTOR('',#10974,1.);
#6452=VECTOR('',#10975,1.);
#6453=VECTOR('',#10976,1.);
#6454=VECTOR('',#10979,1.);
#6455=VECTOR('',#10980,1.);
#6456=VECTOR('',#10981,1.);
#6457=VECTOR('',#10984,1.);
#6458=VECTOR('',#10985,1.);
#6459=VECTOR('',#10988,1.);
#6460=VECTOR('',#10989,1.);
#6461=VECTOR('',#10992,1.);
#6462=VECTOR('',#10993,1.);
#6463=VECTOR('',#10996,1.);
#6464=VECTOR('',#10997,1.);
#6465=VECTOR('',#11000,1.);
#6466=VECTOR('',#11001,1.);
#6467=VECTOR('',#11004,1.);
#6468=VECTOR('',#11005,1.);
#6469=VECTOR('',#11008,1.);
#6470=VECTOR('',#11009,1.);
#6471=VECTOR('',#11012,1.);
#6472=VECTOR('',#11013,1.);
#6473=VECTOR('',#11016,1.);
#6474=VECTOR('',#11017,1.);
#6475=VECTOR('',#11020,1.);
#6476=VECTOR('',#11021,1.);
#6477=VECTOR('',#11024,1.);
#6478=VECTOR('',#11025,1.);
#6479=VECTOR('',#11028,1.);
#6480=VECTOR('',#11029,1.);
#6481=VECTOR('',#11032,1.);
#6482=VECTOR('',#11033,1.);
#6483=VECTOR('',#11036,1.);
#6484=VECTOR('',#11037,1.);
#6485=VECTOR('',#11040,1.);
#6486=VECTOR('',#11041,1.);
#6487=VECTOR('',#11044,1.);
#6488=VECTOR('',#11045,1.);
#6489=VECTOR('',#11048,1.);
#6490=VECTOR('',#11049,1.);
#6491=VECTOR('',#11052,1.);
#6492=VECTOR('',#11053,1.);
#6493=VECTOR('',#11056,1.);
#6494=VECTOR('',#11057,1.);
#6495=VECTOR('',#11060,1.);
#6496=VECTOR('',#11061,1.);
#6497=VECTOR('',#11064,1.);
#6498=VECTOR('',#11065,1.);
#6499=VECTOR('',#11068,1.);
#6500=VECTOR('',#11069,1.);
#6501=VECTOR('',#11072,1.);
#6502=VECTOR('',#11073,1.);
#6503=VECTOR('',#11076,1.);
#6504=VECTOR('',#11077,1.);
#6505=VECTOR('',#11080,1.);
#6506=VECTOR('',#11081,1.);
#6507=VECTOR('',#11084,1.);
#6508=VECTOR('',#11085,1.);
#6509=VECTOR('',#11088,1.);
#6510=VECTOR('',#11089,1.);
#6511=VECTOR('',#11092,1.);
#6512=VECTOR('',#11093,1.);
#6513=VECTOR('',#11096,1.);
#6514=VECTOR('',#11097,1.);
#6515=VECTOR('',#11100,1.);
#6516=VECTOR('',#11101,1.);
#6517=VECTOR('',#11104,1.);
#6518=VECTOR('',#11105,1.);
#6519=VECTOR('',#11108,1.);
#6520=VECTOR('',#11109,1.);
#6521=VECTOR('',#11112,1.);
#6522=VECTOR('',#11113,1.);
#6523=VECTOR('',#11116,1.);
#6524=VECTOR('',#11117,1.);
#6525=VECTOR('',#11120,1.);
#6526=VECTOR('',#11121,1.);
#6527=VECTOR('',#11124,1.);
#6528=VECTOR('',#11125,1.);
#6529=VECTOR('',#11128,1.);
#6530=VECTOR('',#11129,1.);
#6531=VECTOR('',#11132,1.);
#6532=VECTOR('',#11133,1.);
#6533=VECTOR('',#11136,1.);
#6534=VECTOR('',#11137,1.);
#6535=VECTOR('',#11140,1.);
#6536=VECTOR('',#11141,1.);
#6537=VECTOR('',#11144,1.);
#6538=VECTOR('',#11145,1.);
#6539=VECTOR('',#11148,1.);
#6540=VECTOR('',#11149,1.);
#6541=VECTOR('',#11152,1.);
#6542=VECTOR('',#11153,1.);
#6543=VECTOR('',#11156,1.);
#6544=VECTOR('',#11157,1.);
#6545=VECTOR('',#11160,1.);
#6546=VECTOR('',#11161,1.);
#6547=VECTOR('',#11164,1.);
#6548=VECTOR('',#11165,1.);
#6549=VECTOR('',#11168,1.);
#6550=VECTOR('',#11169,1.);
#6551=VECTOR('',#11172,1.);
#6552=VECTOR('',#11173,1.);
#6553=VECTOR('',#11176,1.);
#6554=VECTOR('',#11177,1.);
#6555=VECTOR('',#11180,1.);
#6556=VECTOR('',#11181,1.);
#6557=VECTOR('',#11184,1.);
#6558=VECTOR('',#11185,1.);
#6559=VECTOR('',#11188,1.);
#6560=VECTOR('',#11189,1.);
#6561=VECTOR('',#11192,1.);
#6562=VECTOR('',#11193,1.);
#6563=VECTOR('',#11196,1.);
#6564=VECTOR('',#11197,1.);
#6565=VECTOR('',#11200,1.);
#6566=VECTOR('',#11201,1.);
#6567=VECTOR('',#11204,1.);
#6568=VECTOR('',#11205,1.);
#6569=VECTOR('',#11208,1.);
#6570=VECTOR('',#11209,1.);
#6571=VECTOR('',#11212,1.);
#6572=VECTOR('',#11213,1.);
#6573=VECTOR('',#11216,1.);
#6574=VECTOR('',#11217,1.);
#6575=VECTOR('',#11220,1.);
#6576=VECTOR('',#11221,1.);
#6577=VECTOR('',#11224,1.);
#6578=VECTOR('',#11225,1.);
#6579=VECTOR('',#11228,1.);
#6580=VECTOR('',#11229,1.);
#6581=VECTOR('',#11232,1.);
#6582=VECTOR('',#11233,1.);
#6583=VECTOR('',#11236,1.);
#6584=VECTOR('',#11237,1.);
#6585=VECTOR('',#11240,1.);
#6586=VECTOR('',#11241,1.);
#6587=VECTOR('',#11244,1.);
#6588=VECTOR('',#11245,1.);
#6589=VECTOR('',#11248,1.);
#6590=VECTOR('',#11249,1.);
#6591=VECTOR('',#11252,1.);
#6592=VECTOR('',#11253,1.);
#6593=VECTOR('',#11256,1.);
#6594=VECTOR('',#11257,1.);
#6595=VECTOR('',#11260,1.);
#6596=VECTOR('',#11261,1.);
#6597=VECTOR('',#11264,1.);
#6598=VECTOR('',#11265,1.);
#6599=VECTOR('',#11268,1.);
#6600=VECTOR('',#11269,1.);
#6601=VECTOR('',#11272,1.);
#6602=VECTOR('',#11273,1.);
#6603=VECTOR('',#11276,1.);
#6604=VECTOR('',#11277,1.);
#6605=VECTOR('',#11280,1.);
#6606=VECTOR('',#11281,1.);
#6607=VECTOR('',#11284,1.);
#6608=VECTOR('',#11285,1.);
#6609=VECTOR('',#11288,1.);
#6610=VECTOR('',#11289,1.);
#6611=VECTOR('',#11292,1.);
#6612=VECTOR('',#11293,1.);
#6613=VECTOR('',#11296,1.);
#6614=VECTOR('',#11297,1.);
#6615=VECTOR('',#11300,1.);
#6616=VECTOR('',#11301,1.);
#6617=VECTOR('',#11304,1.);
#6618=VECTOR('',#11305,1.);
#6619=VECTOR('',#11308,1.);
#6620=VECTOR('',#11309,1.);
#6621=VECTOR('',#11312,1.);
#6622=VECTOR('',#11313,1.);
#6623=VECTOR('',#11316,1.);
#6624=VECTOR('',#11317,1.);
#6625=VECTOR('',#11320,1.);
#6626=VECTOR('',#11321,1.);
#6627=VECTOR('',#11324,1.);
#6628=VECTOR('',#11325,1.);
#6629=VECTOR('',#11328,1.);
#6630=VECTOR('',#11329,1.);
#6631=VECTOR('',#11332,1.);
#6632=VECTOR('',#11333,1.);
#6633=VECTOR('',#11336,1.);
#6634=VECTOR('',#11337,1.);
#6635=VECTOR('',#11340,1.);
#6636=VECTOR('',#11341,1.);
#6637=VECTOR('',#11344,1.);
#6638=VECTOR('',#11345,1.);
#6639=VECTOR('',#11348,1.);
#6640=VECTOR('',#11349,1.);
#6641=VECTOR('',#11352,1.);
#6642=VECTOR('',#11353,1.);
#6643=VECTOR('',#11356,1.);
#6644=VECTOR('',#11359,1.);
#6645=VECTOR('',#11360,1.);
#6646=VECTOR('',#11365,1.);
#6647=VECTOR('',#11366,1.);
#6648=VECTOR('',#11367,1.);
#6649=VECTOR('',#11370,1.);
#6650=VECTOR('',#11371,1.);
#6651=VECTOR('',#11374,1.);
#6652=VECTOR('',#11375,1.);
#6653=VECTOR('',#11378,1.);
#6654=VECTOR('',#11379,1.);
#6655=VECTOR('',#11382,1.);
#6656=VECTOR('',#11383,1.);
#6657=VECTOR('',#11386,1.);
#6658=VECTOR('',#11387,1.);
#6659=VECTOR('',#11390,1.);
#6660=VECTOR('',#11391,1.);
#6661=VECTOR('',#11394,1.);
#6662=VECTOR('',#11395,1.);
#6663=VECTOR('',#11398,1.);
#6664=VECTOR('',#11399,1.);
#6665=VECTOR('',#11402,1.);
#6666=VECTOR('',#11403,1.);
#6667=VECTOR('',#11406,1.);
#6668=VECTOR('',#11407,1.);
#6669=VECTOR('',#11410,1.);
#6670=VECTOR('',#11411,1.);
#6671=VECTOR('',#11414,1.);
#6672=VECTOR('',#11415,1.);
#6673=VECTOR('',#11418,1.);
#6674=VECTOR('',#11419,1.);
#6675=VECTOR('',#11422,1.);
#6676=VECTOR('',#11423,1.);
#6677=VECTOR('',#11426,1.);
#6678=VECTOR('',#11427,1.);
#6679=VECTOR('',#11430,1.);
#6680=VECTOR('',#11431,1.);
#6681=VECTOR('',#11434,1.);
#6682=VECTOR('',#11435,1.);
#6683=VECTOR('',#11438,1.);
#6684=VECTOR('',#11439,1.);
#6685=VECTOR('',#11442,1.);
#6686=VECTOR('',#11443,1.);
#6687=VECTOR('',#11446,1.);
#6688=VECTOR('',#11447,1.);
#6689=VECTOR('',#11450,1.);
#6690=VECTOR('',#11451,1.);
#6691=VECTOR('',#11454,1.);
#6692=VECTOR('',#11455,1.);
#6693=VECTOR('',#11458,1.);
#6694=VECTOR('',#11459,1.);
#6695=VECTOR('',#11462,1.);
#6696=VECTOR('',#11463,1.);
#6697=VECTOR('',#11466,1.);
#6698=VECTOR('',#11467,1.);
#6699=VECTOR('',#11470,1.);
#6700=VECTOR('',#11471,1.);
#6701=VECTOR('',#11474,1.);
#6702=VECTOR('',#11475,1.);
#6703=VECTOR('',#11478,1.);
#6704=VECTOR('',#11479,1.);
#6705=VECTOR('',#11482,1.);
#6706=VECTOR('',#11483,1.);
#6707=VECTOR('',#11486,1.);
#6708=VECTOR('',#11487,1.);
#6709=VECTOR('',#11490,1.);
#6710=VECTOR('',#11491,1.);
#6711=VECTOR('',#11494,1.);
#6712=VECTOR('',#11495,1.);
#6713=VECTOR('',#11498,1.);
#6714=VECTOR('',#11499,1.);
#6715=VECTOR('',#11502,1.);
#6716=VECTOR('',#11503,1.);
#6717=VECTOR('',#11506,1.);
#6718=VECTOR('',#11507,1.);
#6719=VECTOR('',#11510,1.);
#6720=VECTOR('',#11511,1.);
#6721=VECTOR('',#11514,1.);
#6722=VECTOR('',#11515,1.);
#6723=VECTOR('',#11518,1.);
#6724=VECTOR('',#11519,1.);
#6725=VECTOR('',#11522,1.);
#6726=VECTOR('',#11523,1.);
#6727=VECTOR('',#11526,1.);
#6728=VECTOR('',#11527,1.);
#6729=VECTOR('',#11530,1.);
#6730=VECTOR('',#11531,1.);
#6731=VECTOR('',#11534,1.);
#6732=VECTOR('',#11535,1.);
#6733=VECTOR('',#11538,1.);
#6734=VECTOR('',#11539,1.);
#6735=VECTOR('',#11542,1.);
#6736=VECTOR('',#11543,1.);
#6737=VECTOR('',#11546,1.);
#6738=VECTOR('',#11547,1.);
#6739=VECTOR('',#11550,1.);
#6740=VECTOR('',#11551,1.);
#6741=VECTOR('',#11554,1.);
#6742=VECTOR('',#11599,1.);
#6743=VECTOR('',#11600,1.);
#6744=VECTOR('',#11603,1.);
#6745=VECTOR('',#11606,1.);
#6746=EDGE_LOOP('',(#247,#248,#249,#250,#251,#252,#253,#254,#255,#256,#257,
#258,#259,#260,#261,#262));
#6747=EDGE_LOOP('',(#263,#264,#265,#266,#267,#268,#269,#270,#271,#272,#273,
#274,#275,#276,#277));
#6748=EDGE_LOOP('',(#278,#279,#280,#281,#282,#283,#284,#285,#286,#287,#288,
#289,#290,#291,#292,#293,#294,#295,#296,#297,#298,#299,#300,#301,#302,#303,
#304,#305,#306,#307,#308,#309,#310,#311,#312,#313,#314,#315,#316,#317,#318,
#319,#320,#321,#322,#323,#324,#325,#326,#327,#328,#329,#330,#331,#332,#333,
#334,#335,#336,#337,#338,#339,#340,#341,#342,#343,#344,#345,#346,#347,#348,
#349,#350,#351,#352,#353,#354,#355,#356,#357,#358,#359,#360,#361,#362,#363,
#364,#365,#366,#367,#368,#369,#370,#371,#372));
#6749=EDGE_LOOP('',(#373,#374,#375,#376,#377,#378,#379,#380,#381,#382,#383,
#384,#385,#386,#387,#388,#389,#390,#391,#392,#393,#394,#395,#396,#397,#398,
#399,#400,#401,#402,#403,#404,#405,#406,#407,#408,#409,#410,#411,#412,#413,
#414,#415,#416,#417,#418,#419,#420,#421,#422,#423,#424,#425,#426,#427,#428,
#429,#430,#431,#432,#433,#434,#435,#436,#437,#438,#439,#440,#441,#442,#443,
#444,#445,#446,#447,#448,#449,#450,#451,#452,#453,#454,#455,#456,#457,#458,
#459,#460,#461,#462,#463,#464,#465,#466,#467));
#6750=EDGE_LOOP('',(#468,#469,#470,#471));
#6751=EDGE_LOOP('',(#472,#473,#474,#475,#476,#477,#478,#479));
#6752=EDGE_LOOP('',(#480,#481,#482,#483));
#6753=EDGE_LOOP('',(#484,#485,#486,#487,#488,#489,#490));
#6754=EDGE_LOOP('',(#491,#492,#493,#494,#495,#496,#497,#498,#499,#500,#501,
#502,#503,#504,#505,#506,#507,#508,#509,#510,#511,#512,#513,#514,#515,#516,
#517,#518,#519,#520,#521,#522,#523,#524,#525,#526,#527,#528,#529,#530,#531,
#532,#533,#534,#535,#536,#537,#538));
#6755=EDGE_LOOP('',(#539));
#6756=EDGE_LOOP('',(#540));
#6757=EDGE_LOOP('',(#541));
#6758=EDGE_LOOP('',(#542));
#6759=EDGE_LOOP('',(#543));
#6760=EDGE_LOOP('',(#544));
#6761=EDGE_LOOP('',(#545));
#6762=EDGE_LOOP('',(#546));
#6763=EDGE_LOOP('',(#547));
#6764=EDGE_LOOP('',(#548));
#6765=EDGE_LOOP('',(#549));
#6766=EDGE_LOOP('',(#550));
#6767=EDGE_LOOP('',(#551,#552,#553,#554,#555,#556,#557,#558,#559,#560,#561,
#562,#563,#564,#565,#566,#567,#568,#569,#570,#571,#572,#573,#574,#575,#576,
#577,#578,#579,#580,#581,#582,#583,#584,#585));
#6768=EDGE_LOOP('',(#586,#587,#588,#589,#590,#591,#592));
#6769=EDGE_LOOP('',(#593));
#6770=EDGE_LOOP('',(#594));
#6771=EDGE_LOOP('',(#595));
#6772=EDGE_LOOP('',(#596));
#6773=EDGE_LOOP('',(#597));
#6774=EDGE_LOOP('',(#598));
#6775=EDGE_LOOP('',(#599));
#6776=EDGE_LOOP('',(#600));
#6777=EDGE_LOOP('',(#601));
#6778=EDGE_LOOP('',(#602));
#6779=EDGE_LOOP('',(#603));
#6780=EDGE_LOOP('',(#604));
#6781=EDGE_LOOP('',(#605));
#6782=EDGE_LOOP('',(#606,#607,#608,#609,#610,#611,#612,#613,#614,#615,#616,
#617,#618,#619,#620,#621,#622,#623,#624,#625,#626,#627,#628,#629,#630,#631,
#632,#633,#634,#635,#636,#637,#638));
#6783=EDGE_LOOP('',(#639,#640,#641,#642,#643,#644,#645,#646,#647,#648));
#6784=EDGE_LOOP('',(#649));
#6785=EDGE_LOOP('',(#650));
#6786=EDGE_LOOP('',(#651));
#6787=EDGE_LOOP('',(#652));
#6788=EDGE_LOOP('',(#653));
#6789=EDGE_LOOP('',(#654));
#6790=EDGE_LOOP('',(#655));
#6791=EDGE_LOOP('',(#656));
#6792=EDGE_LOOP('',(#657));
#6793=EDGE_LOOP('',(#658));
#6794=EDGE_LOOP('',(#659));
#6795=EDGE_LOOP('',(#660));
#6796=EDGE_LOOP('',(#661));
#6797=EDGE_LOOP('',(#662));
#6798=EDGE_LOOP('',(#663));
#6799=EDGE_LOOP('',(#664));
#6800=EDGE_LOOP('',(#665));
#6801=EDGE_LOOP('',(#666));
#6802=EDGE_LOOP('',(#667));
#6803=EDGE_LOOP('',(#668));
#6804=EDGE_LOOP('',(#669));
#6805=EDGE_LOOP('',(#670));
#6806=EDGE_LOOP('',(#671));
#6807=EDGE_LOOP('',(#672));
#6808=EDGE_LOOP('',(#673));
#6809=EDGE_LOOP('',(#674));
#6810=EDGE_LOOP('',(#675));
#6811=EDGE_LOOP('',(#676));
#6812=EDGE_LOOP('',(#677,#678,#679,#680));
#6813=EDGE_LOOP('',(#681,#682,#683,#684));
#6814=EDGE_LOOP('',(#685));
#6815=EDGE_LOOP('',(#686));
#6816=EDGE_LOOP('',(#687));
#6817=EDGE_LOOP('',(#688));
#6818=EDGE_LOOP('',(#689));
#6819=EDGE_LOOP('',(#690));
#6820=EDGE_LOOP('',(#691));
#6821=EDGE_LOOP('',(#692));
#6822=EDGE_LOOP('',(#693));
#6823=EDGE_LOOP('',(#694));
#6824=EDGE_LOOP('',(#695));
#6825=EDGE_LOOP('',(#696));
#6826=EDGE_LOOP('',(#697));
#6827=EDGE_LOOP('',(#698));
#6828=EDGE_LOOP('',(#699));
#6829=EDGE_LOOP('',(#700));
#6830=EDGE_LOOP('',(#701));
#6831=EDGE_LOOP('',(#702));
#6832=EDGE_LOOP('',(#703));
#6833=EDGE_LOOP('',(#704));
#6834=EDGE_LOOP('',(#705));
#6835=EDGE_LOOP('',(#706));
#6836=EDGE_LOOP('',(#707));
#6837=EDGE_LOOP('',(#708));
#6838=EDGE_LOOP('',(#709));
#6839=EDGE_LOOP('',(#710));
#6840=EDGE_LOOP('',(#711));
#6841=EDGE_LOOP('',(#712));
#6842=EDGE_LOOP('',(#713,#714,#715,#716));
#6843=EDGE_LOOP('',(#717));
#6844=EDGE_LOOP('',(#718));
#6845=EDGE_LOOP('',(#719));
#6846=EDGE_LOOP('',(#720));
#6847=EDGE_LOOP('',(#721));
#6848=EDGE_LOOP('',(#722));
#6849=EDGE_LOOP('',(#723,#724,#725,#726,#727,#728,#729,#730,#731,#732,#733,
#734,#735,#736,#737,#738,#739,#740,#741,#742,#743,#744,#745,#746,#747,#748,
#749,#750,#751,#752,#753,#754,#755,#756,#757,#758,#759,#760,#761,#762,#763,
#764,#765,#766,#767,#768,#769,#770,#771,#772,#773,#774,#775,#776,#777,#778,
#779,#780));
#6850=EDGE_LOOP('',(#781,#782,#783,#784));
#6851=EDGE_LOOP('',(#785,#786,#787,#788));
#6852=EDGE_LOOP('',(#789,#790,#791,#792));
#6853=EDGE_LOOP('',(#793,#794,#795,#796));
#6854=EDGE_LOOP('',(#797,#798));
#6855=EDGE_LOOP('',(#799));
#6856=EDGE_LOOP('',(#800,#801));
#6857=EDGE_LOOP('',(#802));
#6858=EDGE_LOOP('',(#803));
#6859=EDGE_LOOP('',(#804,#805));
#6860=EDGE_LOOP('',(#806));
#6861=EDGE_LOOP('',(#807,#808));
#6862=EDGE_LOOP('',(#809,#810));
#6863=EDGE_LOOP('',(#811));
#6864=EDGE_LOOP('',(#812,#813));
#6865=EDGE_LOOP('',(#814));
#6866=EDGE_LOOP('',(#815));
#6867=EDGE_LOOP('',(#816,#817));
#6868=EDGE_LOOP('',(#818));
#6869=EDGE_LOOP('',(#819,#820));
#6870=EDGE_LOOP('',(#821));
#6871=EDGE_LOOP('',(#822));
#6872=EDGE_LOOP('',(#823,#824));
#6873=EDGE_LOOP('',(#825));
#6874=EDGE_LOOP('',(#826,#827));
#6875=EDGE_LOOP('',(#828));
#6876=EDGE_LOOP('',(#829));
#6877=EDGE_LOOP('',(#830,#831));
#6878=EDGE_LOOP('',(#832));
#6879=EDGE_LOOP('',(#833,#834));
#6880=EDGE_LOOP('',(#835,#836));
#6881=EDGE_LOOP('',(#837));
#6882=EDGE_LOOP('',(#838,#839,#840));
#6883=EDGE_LOOP('',(#841,#842));
#6884=EDGE_LOOP('',(#843,#844));
#6885=EDGE_LOOP('',(#845));
#6886=EDGE_LOOP('',(#846,#847));
#6887=EDGE_LOOP('',(#848));
#6888=EDGE_LOOP('',(#849,#850));
#6889=EDGE_LOOP('',(#851));
#6890=EDGE_LOOP('',(#852));
#6891=EDGE_LOOP('',(#853));
#6892=EDGE_LOOP('',(#854));
#6893=EDGE_LOOP('',(#855,#856));
#6894=EDGE_LOOP('',(#857));
#6895=EDGE_LOOP('',(#858,#859));
#6896=EDGE_LOOP('',(#860,#861));
#6897=EDGE_LOOP('',(#862));
#6898=EDGE_LOOP('',(#863,#864));
#6899=EDGE_LOOP('',(#865));
#6900=EDGE_LOOP('',(#866));
#6901=EDGE_LOOP('',(#867,#868));
#6902=EDGE_LOOP('',(#869));
#6903=EDGE_LOOP('',(#870,#871));
#6904=EDGE_LOOP('',(#872));
#6905=EDGE_LOOP('',(#873));
#6906=EDGE_LOOP('',(#874,#875));
#6907=EDGE_LOOP('',(#876));
#6908=EDGE_LOOP('',(#877,#878));
#6909=EDGE_LOOP('',(#879));
#6910=EDGE_LOOP('',(#880));
#6911=EDGE_LOOP('',(#881,#882));
#6912=EDGE_LOOP('',(#883));
#6913=EDGE_LOOP('',(#884,#885));
#6914=EDGE_LOOP('',(#886));
#6915=EDGE_LOOP('',(#887));
#6916=EDGE_LOOP('',(#888));
#6917=EDGE_LOOP('',(#889));
#6918=EDGE_LOOP('',(#890,#891));
#6919=EDGE_LOOP('',(#892));
#6920=EDGE_LOOP('',(#893,#894));
#6921=EDGE_LOOP('',(#895));
#6922=EDGE_LOOP('',(#896));
#6923=EDGE_LOOP('',(#897,#898));
#6924=EDGE_LOOP('',(#899));
#6925=EDGE_LOOP('',(#900,#901));
#6926=EDGE_LOOP('',(#902));
#6927=EDGE_LOOP('',(#903));
#6928=EDGE_LOOP('',(#904));
#6929=EDGE_LOOP('',(#905));
#6930=EDGE_LOOP('',(#906,#907));
#6931=EDGE_LOOP('',(#908,#909));
#6932=EDGE_LOOP('',(#910));
#6933=EDGE_LOOP('',(#911,#912));
#6934=EDGE_LOOP('',(#913,#914));
#6935=EDGE_LOOP('',(#915));
#6936=EDGE_LOOP('',(#916));
#6937=EDGE_LOOP('',(#917));
#6938=EDGE_LOOP('',(#918,#919));
#6939=EDGE_LOOP('',(#920,#921));
#6940=EDGE_LOOP('',(#922));
#6941=EDGE_LOOP('',(#923));
#6942=EDGE_LOOP('',(#924));
#6943=EDGE_LOOP('',(#925,#926));
#6944=EDGE_LOOP('',(#927,#928));
#6945=EDGE_LOOP('',(#929));
#6946=EDGE_LOOP('',(#930));
#6947=EDGE_LOOP('',(#931));
#6948=EDGE_LOOP('',(#932,#933));
#6949=EDGE_LOOP('',(#934,#935));
#6950=EDGE_LOOP('',(#936));
#6951=EDGE_LOOP('',(#937,#938,#939));
#6952=EDGE_LOOP('',(#940,#941));
#6953=EDGE_LOOP('',(#942));
#6954=EDGE_LOOP('',(#943,#944));
#6955=EDGE_LOOP('',(#945,#946));
#6956=EDGE_LOOP('',(#947));
#6957=EDGE_LOOP('',(#948,#949));
#6958=EDGE_LOOP('',(#950,#951));
#6959=EDGE_LOOP('',(#952));
#6960=EDGE_LOOP('',(#953));
#6961=EDGE_LOOP('',(#954));
#6962=EDGE_LOOP('',(#955));
#6963=EDGE_LOOP('',(#956));
#6964=EDGE_LOOP('',(#957,#958));
#6965=EDGE_LOOP('',(#959,#960));
#6966=EDGE_LOOP('',(#961));
#6967=EDGE_LOOP('',(#962,#963));
#6968=EDGE_LOOP('',(#964,#965));
#6969=EDGE_LOOP('',(#966));
#6970=EDGE_LOOP('',(#967));
#6971=EDGE_LOOP('',(#968));
#6972=EDGE_LOOP('',(#969,#970));
#6973=EDGE_LOOP('',(#971,#972));
#6974=EDGE_LOOP('',(#973));
#6975=EDGE_LOOP('',(#974));
#6976=EDGE_LOOP('',(#975));
#6977=EDGE_LOOP('',(#976,#977));
#6978=EDGE_LOOP('',(#978,#979));
#6979=EDGE_LOOP('',(#980));
#6980=EDGE_LOOP('',(#981));
#6981=EDGE_LOOP('',(#982));
#6982=EDGE_LOOP('',(#983,#984));
#6983=EDGE_LOOP('',(#985,#986));
#6984=EDGE_LOOP('',(#987));
#6985=EDGE_LOOP('',(#988));
#6986=EDGE_LOOP('',(#989));
#6987=EDGE_LOOP('',(#990));
#6988=EDGE_LOOP('',(#991));
#6989=EDGE_LOOP('',(#992,#993));
#6990=EDGE_LOOP('',(#994,#995));
#6991=EDGE_LOOP('',(#996));
#6992=EDGE_LOOP('',(#997));
#6993=EDGE_LOOP('',(#998));
#6994=EDGE_LOOP('',(#999,#1000));
#6995=EDGE_LOOP('',(#1001,#1002));
#6996=EDGE_LOOP('',(#1003));
#6997=EDGE_LOOP('',(#1004,#1005,#1006,#1007));
#6998=EDGE_LOOP('',(#1008,#1009,#1010,#1011));
#6999=EDGE_LOOP('',(#1012,#1013,#1014,#1015));
#7000=EDGE_LOOP('',(#1016,#1017,#1018,#1019));
#7001=EDGE_LOOP('',(#1020,#1021,#1022,#1023));
#7002=EDGE_LOOP('',(#1024,#1025,#1026,#1027));
#7003=EDGE_LOOP('',(#1028,#1029,#1030,#1031));
#7004=EDGE_LOOP('',(#1032,#1033,#1034,#1035));
#7005=EDGE_LOOP('',(#1036,#1037,#1038,#1039));
#7006=EDGE_LOOP('',(#1040,#1041,#1042,#1043));
#7007=EDGE_LOOP('',(#1044,#1045,#1046,#1047));
#7008=EDGE_LOOP('',(#1048,#1049,#1050,#1051));
#7009=EDGE_LOOP('',(#1052,#1053,#1054,#1055));
#7010=EDGE_LOOP('',(#1056,#1057,#1058,#1059));
#7011=EDGE_LOOP('',(#1060,#1061,#1062,#1063));
#7012=EDGE_LOOP('',(#1064,#1065,#1066,#1067));
#7013=EDGE_LOOP('',(#1068,#1069,#1070,#1071));
#7014=EDGE_LOOP('',(#1072,#1073,#1074,#1075));
#7015=EDGE_LOOP('',(#1076,#1077,#1078,#1079));
#7016=EDGE_LOOP('',(#1080,#1081,#1082,#1083));
#7017=EDGE_LOOP('',(#1084,#1085,#1086,#1087));
#7018=EDGE_LOOP('',(#1088,#1089,#1090,#1091));
#7019=EDGE_LOOP('',(#1092,#1093,#1094,#1095));
#7020=EDGE_LOOP('',(#1096,#1097,#1098,#1099));
#7021=EDGE_LOOP('',(#1100,#1101,#1102,#1103));
#7022=EDGE_LOOP('',(#1104,#1105,#1106,#1107));
#7023=EDGE_LOOP('',(#1108,#1109,#1110,#1111));
#7024=EDGE_LOOP('',(#1112,#1113,#1114,#1115));
#7025=EDGE_LOOP('',(#1116,#1117,#1118,#1119));
#7026=EDGE_LOOP('',(#1120,#1121,#1122,#1123));
#7027=EDGE_LOOP('',(#1124,#1125,#1126,#1127));
#7028=EDGE_LOOP('',(#1128,#1129,#1130,#1131));
#7029=EDGE_LOOP('',(#1132,#1133,#1134,#1135));
#7030=EDGE_LOOP('',(#1136,#1137,#1138,#1139));
#7031=EDGE_LOOP('',(#1140,#1141,#1142,#1143));
#7032=EDGE_LOOP('',(#1144,#1145,#1146,#1147));
#7033=EDGE_LOOP('',(#1148,#1149,#1150,#1151));
#7034=EDGE_LOOP('',(#1152,#1153,#1154,#1155));
#7035=EDGE_LOOP('',(#1156,#1157,#1158,#1159));
#7036=EDGE_LOOP('',(#1160,#1161,#1162,#1163));
#7037=EDGE_LOOP('',(#1164,#1165,#1166,#1167));
#7038=EDGE_LOOP('',(#1168,#1169,#1170,#1171));
#7039=EDGE_LOOP('',(#1172,#1173,#1174,#1175));
#7040=EDGE_LOOP('',(#1176,#1177,#1178,#1179));
#7041=EDGE_LOOP('',(#1180,#1181,#1182,#1183));
#7042=EDGE_LOOP('',(#1184,#1185,#1186,#1187));
#7043=EDGE_LOOP('',(#1188,#1189,#1190,#1191));
#7044=EDGE_LOOP('',(#1192,#1193,#1194,#1195));
#7045=EDGE_LOOP('',(#1196,#1197,#1198,#1199));
#7046=EDGE_LOOP('',(#1200,#1201,#1202,#1203));
#7047=EDGE_LOOP('',(#1204,#1205,#1206,#1207));
#7048=EDGE_LOOP('',(#1208,#1209,#1210,#1211));
#7049=EDGE_LOOP('',(#1212,#1213,#1214,#1215));
#7050=EDGE_LOOP('',(#1216,#1217,#1218,#1219));
#7051=EDGE_LOOP('',(#1220,#1221,#1222,#1223));
#7052=EDGE_LOOP('',(#1224,#1225,#1226,#1227));
#7053=EDGE_LOOP('',(#1228,#1229,#1230,#1231));
#7054=EDGE_LOOP('',(#1232,#1233,#1234,#1235));
#7055=EDGE_LOOP('',(#1236,#1237,#1238,#1239));
#7056=EDGE_LOOP('',(#1240,#1241,#1242,#1243));
#7057=EDGE_LOOP('',(#1244,#1245,#1246,#1247));
#7058=EDGE_LOOP('',(#1248,#1249,#1250,#1251));
#7059=EDGE_LOOP('',(#1252,#1253,#1254,#1255));
#7060=EDGE_LOOP('',(#1256,#1257,#1258,#1259));
#7061=EDGE_LOOP('',(#1260,#1261,#1262,#1263));
#7062=EDGE_LOOP('',(#1264,#1265,#1266,#1267));
#7063=EDGE_LOOP('',(#1268,#1269,#1270,#1271));
#7064=EDGE_LOOP('',(#1272,#1273,#1274,#1275));
#7065=EDGE_LOOP('',(#1276,#1277,#1278,#1279));
#7066=EDGE_LOOP('',(#1280,#1281,#1282,#1283));
#7067=EDGE_LOOP('',(#1284,#1285,#1286,#1287));
#7068=EDGE_LOOP('',(#1288,#1289,#1290,#1291));
#7069=EDGE_LOOP('',(#1292,#1293,#1294,#1295));
#7070=EDGE_LOOP('',(#1296,#1297,#1298,#1299));
#7071=EDGE_LOOP('',(#1300,#1301,#1302,#1303));
#7072=EDGE_LOOP('',(#1304,#1305,#1306,#1307));
#7073=EDGE_LOOP('',(#1308,#1309,#1310,#1311));
#7074=EDGE_LOOP('',(#1312,#1313,#1314,#1315));
#7075=EDGE_LOOP('',(#1316,#1317,#1318,#1319));
#7076=EDGE_LOOP('',(#1320,#1321,#1322,#1323));
#7077=EDGE_LOOP('',(#1324,#1325,#1326,#1327));
#7078=EDGE_LOOP('',(#1328,#1329,#1330,#1331));
#7079=EDGE_LOOP('',(#1332,#1333,#1334,#1335));
#7080=EDGE_LOOP('',(#1336,#1337,#1338,#1339));
#7081=EDGE_LOOP('',(#1340,#1341,#1342,#1343));
#7082=EDGE_LOOP('',(#1344,#1345,#1346,#1347));
#7083=EDGE_LOOP('',(#1348,#1349,#1350,#1351));
#7084=EDGE_LOOP('',(#1352,#1353,#1354,#1355));
#7085=EDGE_LOOP('',(#1356,#1357,#1358,#1359));
#7086=EDGE_LOOP('',(#1360,#1361,#1362,#1363));
#7087=EDGE_LOOP('',(#1364,#1365,#1366,#1367));
#7088=EDGE_LOOP('',(#1368,#1369,#1370,#1371));
#7089=EDGE_LOOP('',(#1372,#1373,#1374,#1375));
#7090=EDGE_LOOP('',(#1376,#1377,#1378,#1379));
#7091=EDGE_LOOP('',(#1380,#1381,#1382,#1383));
#7092=EDGE_LOOP('',(#1384,#1385,#1386,#1387));
#7093=EDGE_LOOP('',(#1388,#1389,#1390,#1391));
#7094=EDGE_LOOP('',(#1392,#1393,#1394,#1395));
#7095=EDGE_LOOP('',(#1396,#1397,#1398,#1399));
#7096=EDGE_LOOP('',(#1400,#1401,#1402,#1403));
#7097=EDGE_LOOP('',(#1404,#1405,#1406,#1407));
#7098=EDGE_LOOP('',(#1408,#1409,#1410,#1411));
#7099=EDGE_LOOP('',(#1412,#1413,#1414,#1415));
#7100=EDGE_LOOP('',(#1416,#1417,#1418,#1419));
#7101=EDGE_LOOP('',(#1420,#1421,#1422,#1423));
#7102=EDGE_LOOP('',(#1424,#1425,#1426,#1427));
#7103=EDGE_LOOP('',(#1428,#1429,#1430,#1431));
#7104=EDGE_LOOP('',(#1432,#1433,#1434,#1435));
#7105=EDGE_LOOP('',(#1436,#1437,#1438,#1439));
#7106=EDGE_LOOP('',(#1440,#1441,#1442,#1443));
#7107=EDGE_LOOP('',(#1444,#1445,#1446,#1447));
#7108=EDGE_LOOP('',(#1448,#1449,#1450,#1451));
#7109=EDGE_LOOP('',(#1452,#1453,#1454,#1455));
#7110=EDGE_LOOP('',(#1456,#1457,#1458,#1459));
#7111=EDGE_LOOP('',(#1460,#1461,#1462,#1463));
#7112=EDGE_LOOP('',(#1464,#1465,#1466,#1467));
#7113=EDGE_LOOP('',(#1468,#1469,#1470,#1471));
#7114=EDGE_LOOP('',(#1472,#1473,#1474,#1475));
#7115=EDGE_LOOP('',(#1476,#1477,#1478,#1479));
#7116=EDGE_LOOP('',(#1480,#1481,#1482,#1483));
#7117=EDGE_LOOP('',(#1484,#1485,#1486,#1487));
#7118=EDGE_LOOP('',(#1488,#1489,#1490,#1491));
#7119=EDGE_LOOP('',(#1492,#1493,#1494,#1495));
#7120=EDGE_LOOP('',(#1496,#1497,#1498,#1499));
#7121=EDGE_LOOP('',(#1500,#1501,#1502,#1503));
#7122=EDGE_LOOP('',(#1504,#1505,#1506,#1507));
#7123=EDGE_LOOP('',(#1508,#1509,#1510,#1511));
#7124=EDGE_LOOP('',(#1512,#1513,#1514,#1515));
#7125=EDGE_LOOP('',(#1516,#1517,#1518,#1519));
#7126=EDGE_LOOP('',(#1520,#1521,#1522,#1523));
#7127=EDGE_LOOP('',(#1524,#1525,#1526,#1527));
#7128=EDGE_LOOP('',(#1528,#1529,#1530,#1531));
#7129=EDGE_LOOP('',(#1532,#1533,#1534,#1535));
#7130=EDGE_LOOP('',(#1536,#1537,#1538,#1539));
#7131=EDGE_LOOP('',(#1540,#1541,#1542,#1543,#1544,#1545,#1546,#1547,#1548,
#1549,#1550,#1551,#1552,#1553,#1554,#1555,#1556,#1557,#1558,#1559,#1560,
#1561,#1562,#1563,#1564,#1565,#1566,#1567,#1568,#1569,#1570,#1571,#1572,
#1573,#1574,#1575,#1576,#1577,#1578,#1579,#1580,#1581,#1582,#1583,#1584,
#1585,#1586,#1587,#1588,#1589,#1590,#1591,#1592,#1593,#1594,#1595,#1596,
#1597,#1598,#1599,#1600,#1601,#1602,#1603,#1604,#1605,#1606,#1607,#1608,
#1609,#1610,#1611,#1612,#1613,#1614,#1615,#1616,#1617,#1618,#1619,#1620,
#1621,#1622,#1623,#1624,#1625,#1626,#1627,#1628,#1629,#1630,#1631,#1632,
#1633,#1634));
#7132=EDGE_LOOP('',(#1635,#1636,#1637,#1638,#1639,#1640,#1641,#1642,#1643,
#1644,#1645,#1646,#1647,#1648,#1649,#1650,#1651,#1652,#1653,#1654,#1655,
#1656,#1657,#1658,#1659,#1660,#1661,#1662,#1663));
#7133=EDGE_LOOP('',(#1664,#1665,#1666,#1667));
#7134=EDGE_LOOP('',(#1668,#1669,#1670,#1671));
#7135=EDGE_LOOP('',(#1672,#1673,#1674,#1675));
#7136=EDGE_LOOP('',(#1676,#1677,#1678,#1679));
#7137=EDGE_LOOP('',(#1680,#1681,#1682,#1683));
#7138=EDGE_LOOP('',(#1684,#1685,#1686,#1687));
#7139=EDGE_LOOP('',(#1688,#1689,#1690,#1691));
#7140=EDGE_LOOP('',(#1692,#1693,#1694,#1695,#1696,#1697,#1698));
#7141=EDGE_LOOP('',(#1699,#1700,#1701,#1702));
#7142=EDGE_LOOP('',(#1703,#1704,#1705,#1706));
#7143=EDGE_LOOP('',(#1707,#1708,#1709,#1710));
#7144=EDGE_LOOP('',(#1711,#1712,#1713,#1714));
#7145=EDGE_LOOP('',(#1715,#1716,#1717,#1718));
#7146=EDGE_LOOP('',(#1719,#1720,#1721,#1722));
#7147=EDGE_LOOP('',(#1723,#1724,#1725,#1726));
#7148=EDGE_LOOP('',(#1727,#1728,#1729,#1730));
#7149=EDGE_LOOP('',(#1731,#1732,#1733,#1734));
#7150=EDGE_LOOP('',(#1735,#1736,#1737,#1738));
#7151=EDGE_LOOP('',(#1739,#1740,#1741,#1742));
#7152=EDGE_LOOP('',(#1743,#1744,#1745,#1746));
#7153=EDGE_LOOP('',(#1747,#1748,#1749,#1750));
#7154=EDGE_LOOP('',(#1751,#1752,#1753,#1754));
#7155=EDGE_LOOP('',(#1755,#1756,#1757,#1758));
#7156=EDGE_LOOP('',(#1759,#1760,#1761,#1762));
#7157=EDGE_LOOP('',(#1763,#1764,#1765,#1766));
#7158=EDGE_LOOP('',(#1767,#1768,#1769,#1770));
#7159=EDGE_LOOP('',(#1771,#1772,#1773,#1774));
#7160=EDGE_LOOP('',(#1775,#1776,#1777,#1778));
#7161=EDGE_LOOP('',(#1779,#1780,#1781,#1782));
#7162=EDGE_LOOP('',(#1783,#1784,#1785,#1786));
#7163=EDGE_LOOP('',(#1787,#1788,#1789,#1790));
#7164=EDGE_LOOP('',(#1791,#1792,#1793,#1794));
#7165=EDGE_LOOP('',(#1795,#1796,#1797,#1798));
#7166=EDGE_LOOP('',(#1799,#1800,#1801,#1802));
#7167=EDGE_LOOP('',(#1803,#1804,#1805,#1806));
#7168=EDGE_LOOP('',(#1807,#1808,#1809,#1810));
#7169=EDGE_LOOP('',(#1811,#1812,#1813,#1814));
#7170=EDGE_LOOP('',(#1815,#1816,#1817,#1818));
#7171=EDGE_LOOP('',(#1819,#1820,#1821,#1822));
#7172=EDGE_LOOP('',(#1823,#1824,#1825,#1826));
#7173=EDGE_LOOP('',(#1827,#1828,#1829,#1830));
#7174=EDGE_LOOP('',(#1831,#1832,#1833,#1834));
#7175=EDGE_LOOP('',(#1835,#1836,#1837,#1838));
#7176=EDGE_LOOP('',(#1839,#1840,#1841,#1842));
#7177=EDGE_LOOP('',(#1843,#1844,#1845,#1846));
#7178=EDGE_LOOP('',(#1847,#1848,#1849,#1850));
#7179=EDGE_LOOP('',(#1851,#1852,#1853,#1854));
#7180=EDGE_LOOP('',(#1855,#1856,#1857,#1858));
#7181=EDGE_LOOP('',(#1859,#1860,#1861,#1862));
#7182=EDGE_LOOP('',(#1863,#1864,#1865,#1866));
#7183=EDGE_LOOP('',(#1867,#1868,#1869,#1870));
#7184=EDGE_LOOP('',(#1871,#1872,#1873,#1874));
#7185=EDGE_LOOP('',(#1875,#1876,#1877,#1878));
#7186=EDGE_LOOP('',(#1879,#1880,#1881,#1882));
#7187=EDGE_LOOP('',(#1883,#1884,#1885,#1886));
#7188=EDGE_LOOP('',(#1887,#1888,#1889,#1890));
#7189=EDGE_LOOP('',(#1891,#1892,#1893,#1894));
#7190=EDGE_LOOP('',(#1895,#1896,#1897,#1898));
#7191=EDGE_LOOP('',(#1899,#1900,#1901,#1902));
#7192=EDGE_LOOP('',(#1903,#1904,#1905,#1906));
#7193=EDGE_LOOP('',(#1907,#1908,#1909,#1910));
#7194=EDGE_LOOP('',(#1911,#1912,#1913,#1914));
#7195=EDGE_LOOP('',(#1915,#1916,#1917,#1918));
#7196=EDGE_LOOP('',(#1919,#1920,#1921,#1922));
#7197=EDGE_LOOP('',(#1923,#1924,#1925,#1926));
#7198=EDGE_LOOP('',(#1927,#1928,#1929,#1930));
#7199=EDGE_LOOP('',(#1931,#1932,#1933,#1934));
#7200=EDGE_LOOP('',(#1935,#1936,#1937,#1938));
#7201=EDGE_LOOP('',(#1939,#1940,#1941,#1942));
#7202=EDGE_LOOP('',(#1943,#1944,#1945,#1946));
#7203=EDGE_LOOP('',(#1947,#1948,#1949,#1950));
#7204=EDGE_LOOP('',(#1951,#1952,#1953,#1954));
#7205=EDGE_LOOP('',(#1955,#1956,#1957,#1958));
#7206=EDGE_LOOP('',(#1959,#1960,#1961,#1962));
#7207=EDGE_LOOP('',(#1963,#1964,#1965,#1966));
#7208=EDGE_LOOP('',(#1967,#1968,#1969,#1970));
#7209=EDGE_LOOP('',(#1971,#1972,#1973,#1974));
#7210=EDGE_LOOP('',(#1975,#1976,#1977,#1978));
#7211=EDGE_LOOP('',(#1979,#1980,#1981,#1982));
#7212=EDGE_LOOP('',(#1983,#1984,#1985,#1986));
#7213=EDGE_LOOP('',(#1987,#1988,#1989,#1990));
#7214=EDGE_LOOP('',(#1991,#1992,#1993,#1994));
#7215=EDGE_LOOP('',(#1995,#1996,#1997,#1998));
#7216=EDGE_LOOP('',(#1999,#2000,#2001,#2002));
#7217=EDGE_LOOP('',(#2003,#2004,#2005,#2006));
#7218=EDGE_LOOP('',(#2007,#2008,#2009,#2010));
#7219=EDGE_LOOP('',(#2011,#2012,#2013,#2014));
#7220=EDGE_LOOP('',(#2015,#2016,#2017,#2018));
#7221=EDGE_LOOP('',(#2019,#2020,#2021,#2022));
#7222=EDGE_LOOP('',(#2023,#2024,#2025,#2026));
#7223=EDGE_LOOP('',(#2027,#2028,#2029,#2030));
#7224=EDGE_LOOP('',(#2031,#2032,#2033,#2034));
#7225=EDGE_LOOP('',(#2035,#2036,#2037,#2038));
#7226=EDGE_LOOP('',(#2039,#2040,#2041,#2042));
#7227=EDGE_LOOP('',(#2043,#2044,#2045,#2046));
#7228=EDGE_LOOP('',(#2047,#2048,#2049,#2050));
#7229=EDGE_LOOP('',(#2051,#2052,#2053,#2054));
#7230=EDGE_LOOP('',(#2055,#2056,#2057,#2058));
#7231=EDGE_LOOP('',(#2059,#2060,#2061,#2062));
#7232=EDGE_LOOP('',(#2063,#2064,#2065,#2066));
#7233=EDGE_LOOP('',(#2067,#2068,#2069,#2070));
#7234=EDGE_LOOP('',(#2071,#2072,#2073,#2074));
#7235=EDGE_LOOP('',(#2075,#2076,#2077,#2078));
#7236=EDGE_LOOP('',(#2079,#2080,#2081,#2082));
#7237=EDGE_LOOP('',(#2083,#2084,#2085,#2086));
#7238=EDGE_LOOP('',(#2087,#2088,#2089,#2090));
#7239=EDGE_LOOP('',(#2091,#2092,#2093,#2094));
#7240=EDGE_LOOP('',(#2095,#2096,#2097,#2098));
#7241=EDGE_LOOP('',(#2099,#2100,#2101,#2102));
#7242=EDGE_LOOP('',(#2103,#2104,#2105,#2106));
#7243=EDGE_LOOP('',(#2107,#2108,#2109,#2110));
#7244=EDGE_LOOP('',(#2111,#2112,#2113,#2114));
#7245=EDGE_LOOP('',(#2115,#2116,#2117,#2118));
#7246=EDGE_LOOP('',(#2119,#2120,#2121,#2122));
#7247=EDGE_LOOP('',(#2123,#2124,#2125,#2126));
#7248=EDGE_LOOP('',(#2127,#2128,#2129,#2130));
#7249=EDGE_LOOP('',(#2131,#2132,#2133,#2134));
#7250=EDGE_LOOP('',(#2135,#2136,#2137,#2138));
#7251=EDGE_LOOP('',(#2139,#2140,#2141,#2142));
#7252=EDGE_LOOP('',(#2143,#2144,#2145,#2146));
#7253=EDGE_LOOP('',(#2147,#2148,#2149,#2150));
#7254=EDGE_LOOP('',(#2151,#2152,#2153,#2154));
#7255=EDGE_LOOP('',(#2155,#2156,#2157,#2158));
#7256=EDGE_LOOP('',(#2159,#2160,#2161,#2162));
#7257=EDGE_LOOP('',(#2163,#2164,#2165,#2166));
#7258=EDGE_LOOP('',(#2167,#2168,#2169,#2170));
#7259=EDGE_LOOP('',(#2171,#2172,#2173,#2174));
#7260=EDGE_LOOP('',(#2175,#2176,#2177,#2178));
#7261=EDGE_LOOP('',(#2179,#2180,#2181,#2182));
#7262=EDGE_LOOP('',(#2183,#2184,#2185,#2186));
#7263=EDGE_LOOP('',(#2187,#2188,#2189,#2190));
#7264=EDGE_LOOP('',(#2191,#2192,#2193,#2194));
#7265=EDGE_LOOP('',(#2195,#2196,#2197,#2198,#2199,#2200,#2201,#2202,#2203,
#2204,#2205,#2206,#2207,#2208,#2209,#2210,#2211,#2212,#2213,#2214,#2215,
#2216,#2217,#2218,#2219,#2220,#2221,#2222,#2223,#2224,#2225,#2226,#2227,
#2228,#2229,#2230,#2231,#2232,#2233,#2234,#2235,#2236,#2237,#2238,#2239,
#2240,#2241,#2242,#2243,#2244,#2245,#2246,#2247,#2248,#2249,#2250,#2251,
#2252,#2253,#2254,#2255,#2256,#2257,#2258,#2259,#2260,#2261,#2262,#2263,
#2264,#2265,#2266,#2267,#2268,#2269,#2270,#2271,#2272,#2273,#2274,#2275,
#2276,#2277,#2278,#2279,#2280,#2281,#2282,#2283,#2284,#2285,#2286,#2287,
#2288,#2289));
#7266=EDGE_LOOP('',(#2290,#2291,#2292,#2293,#2294,#2295,#2296,#2297,#2298,
#2299,#2300,#2301,#2302,#2303,#2304,#2305,#2306,#2307,#2308,#2309,#2310,
#2311,#2312,#2313,#2314,#2315,#2316,#2317,#2318));
#7267=EDGE_LOOP('',(#2319,#2320,#2321,#2322));
#7268=EDGE_LOOP('',(#2323,#2324,#2325,#2326));
#7269=EDGE_LOOP('',(#2327,#2328,#2329,#2330));
#7270=EDGE_LOOP('',(#2331,#2332,#2333,#2334));
#7271=EDGE_LOOP('',(#2335,#2336,#2337,#2338));
#7272=EDGE_LOOP('',(#2339,#2340,#2341,#2342));
#7273=EDGE_LOOP('',(#2343,#2344,#2345,#2346));
#7274=EDGE_LOOP('',(#2347,#2348,#2349,#2350));
#7275=EDGE_LOOP('',(#2351,#2352,#2353,#2354));
#7276=EDGE_LOOP('',(#2355,#2356,#2357,#2358));
#7277=EDGE_LOOP('',(#2359,#2360,#2361,#2362));
#7278=EDGE_LOOP('',(#2363,#2364,#2365,#2366));
#7279=EDGE_LOOP('',(#2367,#2368,#2369,#2370));
#7280=EDGE_LOOP('',(#2371,#2372,#2373,#2374));
#7281=EDGE_LOOP('',(#2375,#2376,#2377,#2378));
#7282=EDGE_LOOP('',(#2379,#2380,#2381,#2382));
#7283=EDGE_LOOP('',(#2383,#2384,#2385,#2386));
#7284=EDGE_LOOP('',(#2387,#2388,#2389,#2390));
#7285=EDGE_LOOP('',(#2391,#2392,#2393,#2394));
#7286=EDGE_LOOP('',(#2395,#2396,#2397,#2398));
#7287=EDGE_LOOP('',(#2399,#2400,#2401,#2402));
#7288=EDGE_LOOP('',(#2403,#2404,#2405,#2406));
#7289=EDGE_LOOP('',(#2407,#2408,#2409,#2410));
#7290=EDGE_LOOP('',(#2411,#2412,#2413,#2414));
#7291=EDGE_LOOP('',(#2415,#2416,#2417,#2418));
#7292=EDGE_LOOP('',(#2419,#2420,#2421,#2422));
#7293=EDGE_LOOP('',(#2423,#2424,#2425,#2426));
#7294=EDGE_LOOP('',(#2427,#2428,#2429,#2430));
#7295=EDGE_LOOP('',(#2431,#2432,#2433,#2434));
#7296=EDGE_LOOP('',(#2435,#2436,#2437,#2438));
#7297=EDGE_LOOP('',(#2439,#2440,#2441,#2442));
#7298=EDGE_LOOP('',(#2443,#2444,#2445,#2446));
#7299=EDGE_LOOP('',(#2447,#2448,#2449,#2450));
#7300=EDGE_LOOP('',(#2451,#2452,#2453,#2454));
#7301=EDGE_LOOP('',(#2455,#2456,#2457,#2458));
#7302=EDGE_LOOP('',(#2459,#2460,#2461,#2462));
#7303=EDGE_LOOP('',(#2463,#2464,#2465,#2466));
#7304=EDGE_LOOP('',(#2467,#2468,#2469,#2470));
#7305=EDGE_LOOP('',(#2471,#2472,#2473,#2474));
#7306=EDGE_LOOP('',(#2475,#2476,#2477,#2478));
#7307=EDGE_LOOP('',(#2479,#2480,#2481,#2482));
#7308=EDGE_LOOP('',(#2483,#2484,#2485,#2486));
#7309=EDGE_LOOP('',(#2487,#2488,#2489,#2490));
#7310=EDGE_LOOP('',(#2491,#2492,#2493,#2494));
#7311=EDGE_LOOP('',(#2495,#2496,#2497,#2498));
#7312=EDGE_LOOP('',(#2499,#2500,#2501,#2502));
#7313=EDGE_LOOP('',(#2503,#2504,#2505,#2506));
#7314=EDGE_LOOP('',(#2507,#2508,#2509,#2510));
#7315=EDGE_LOOP('',(#2511,#2512,#2513,#2514,#2515,#2516,#2517,#2518,#2519,
#2520,#2521,#2522,#2523,#2524,#2525,#2526,#2527,#2528,#2529,#2530,#2531,
#2532,#2533,#2534,#2535,#2536,#2537,#2538,#2539,#2540,#2541,#2542,#2543,
#2544,#2545,#2546,#2547,#2548,#2549,#2550,#2551,#2552,#2553,#2554,#2555,
#2556,#2557,#2558));
#7316=EDGE_LOOP('',(#2559,#2560,#2561,#2562,#2563,#2564,#2565,#2566,#2567,
#2568,#2569,#2570,#2571,#2572,#2573,#2574,#2575,#2576,#2577,#2578,#2579,
#2580,#2581,#2582,#2583,#2584,#2585,#2586,#2587));
#7317=EDGE_LOOP('',(#2588,#2589,#2590,#2591,#2592,#2593,#2594,#2595,#2596,
#2597,#2598,#2599,#2600,#2601,#2602,#2603,#2604,#2605,#2606,#2607,#2608,
#2609,#2610,#2611,#2612,#2613,#2614,#2615,#2616));
#7318=EDGE_LOOP('',(#2617));
#7319=EDGE_LOOP('',(#2618));
#7320=EDGE_LOOP('',(#2619));
#7321=EDGE_LOOP('',(#2620));
#7322=EDGE_LOOP('',(#2621));
#7323=EDGE_LOOP('',(#2622));
#7324=EDGE_LOOP('',(#2623));
#7325=EDGE_LOOP('',(#2624));
#7326=EDGE_LOOP('',(#2625));
#7327=EDGE_LOOP('',(#2626));
#7328=EDGE_LOOP('',(#2627));
#7329=EDGE_LOOP('',(#2628));
#7330=EDGE_LOOP('',(#2629));
#7331=EDGE_LOOP('',(#2630));
#7332=EDGE_LOOP('',(#2631));
#7333=EDGE_LOOP('',(#2632));
#7334=EDGE_LOOP('',(#2633));
#7335=EDGE_LOOP('',(#2634));
#7336=EDGE_LOOP('',(#2635,#2636,#2637,#2638));
#7337=EDGE_LOOP('',(#2639,#2640,#2641,#2642));
#7338=EDGE_LOOP('',(#2643,#2644,#2645,#2646));
#7339=EDGE_LOOP('',(#2647,#2648,#2649,#2650));
#7340=EDGE_LOOP('',(#2651,#2652,#2653,#2654));
#7341=FACE_BOUND('',#6746,.T.);
#7342=FACE_BOUND('',#6747,.T.);
#7343=FACE_BOUND('',#6748,.T.);
#7344=FACE_BOUND('',#6749,.T.);
#7345=FACE_BOUND('',#6750,.T.);
#7346=FACE_BOUND('',#6751,.T.);
#7347=FACE_BOUND('',#6752,.T.);
#7348=FACE_BOUND('',#6753,.T.);
#7349=FACE_BOUND('',#6754,.T.);
#7350=FACE_BOUND('',#6755,.T.);
#7351=FACE_BOUND('',#6756,.T.);
#7352=FACE_BOUND('',#6757,.T.);
#7353=FACE_BOUND('',#6758,.T.);
#7354=FACE_BOUND('',#6759,.T.);
#7355=FACE_BOUND('',#6760,.T.);
#7356=FACE_BOUND('',#6761,.T.);
#7357=FACE_BOUND('',#6762,.T.);
#7358=FACE_BOUND('',#6763,.T.);
#7359=FACE_BOUND('',#6764,.T.);
#7360=FACE_BOUND('',#6765,.T.);
#7361=FACE_BOUND('',#6766,.T.);
#7362=FACE_BOUND('',#6767,.T.);
#7363=FACE_BOUND('',#6768,.T.);
#7364=FACE_BOUND('',#6769,.T.);
#7365=FACE_BOUND('',#6770,.T.);
#7366=FACE_BOUND('',#6771,.T.);
#7367=FACE_BOUND('',#6772,.T.);
#7368=FACE_BOUND('',#6773,.T.);
#7369=FACE_BOUND('',#6774,.T.);
#7370=FACE_BOUND('',#6775,.T.);
#7371=FACE_BOUND('',#6776,.T.);
#7372=FACE_BOUND('',#6777,.T.);
#7373=FACE_BOUND('',#6778,.T.);
#7374=FACE_BOUND('',#6779,.T.);
#7375=FACE_BOUND('',#6780,.T.);
#7376=FACE_BOUND('',#6781,.T.);
#7377=FACE_BOUND('',#6782,.T.);
#7378=FACE_BOUND('',#6783,.T.);
#7379=FACE_BOUND('',#6784,.T.);
#7380=FACE_BOUND('',#6785,.T.);
#7381=FACE_BOUND('',#6786,.T.);
#7382=FACE_BOUND('',#6787,.T.);
#7383=FACE_BOUND('',#6788,.T.);
#7384=FACE_BOUND('',#6789,.T.);
#7385=FACE_BOUND('',#6790,.T.);
#7386=FACE_BOUND('',#6791,.T.);
#7387=FACE_BOUND('',#6792,.T.);
#7388=FACE_BOUND('',#6793,.T.);
#7389=FACE_BOUND('',#6794,.T.);
#7390=FACE_BOUND('',#6795,.T.);
#7391=FACE_BOUND('',#6796,.T.);
#7392=FACE_BOUND('',#6797,.T.);
#7393=FACE_BOUND('',#6798,.T.);
#7394=FACE_BOUND('',#6799,.T.);
#7395=FACE_BOUND('',#6800,.T.);
#7396=FACE_BOUND('',#6801,.T.);
#7397=FACE_BOUND('',#6802,.T.);
#7398=FACE_BOUND('',#6803,.T.);
#7399=FACE_BOUND('',#6804,.T.);
#7400=FACE_BOUND('',#6805,.T.);
#7401=FACE_BOUND('',#6806,.T.);
#7402=FACE_BOUND('',#6807,.T.);
#7403=FACE_BOUND('',#6808,.T.);
#7404=FACE_BOUND('',#6809,.T.);
#7405=FACE_BOUND('',#6810,.T.);
#7406=FACE_BOUND('',#6811,.T.);
#7407=FACE_BOUND('',#6812,.T.);
#7408=FACE_BOUND('',#6813,.T.);
#7409=FACE_BOUND('',#6814,.T.);
#7410=FACE_BOUND('',#6815,.T.);
#7411=FACE_BOUND('',#6816,.T.);
#7412=FACE_BOUND('',#6817,.T.);
#7413=FACE_BOUND('',#6818,.T.);
#7414=FACE_BOUND('',#6819,.T.);
#7415=FACE_BOUND('',#6820,.T.);
#7416=FACE_BOUND('',#6821,.T.);
#7417=FACE_BOUND('',#6822,.T.);
#7418=FACE_BOUND('',#6823,.T.);
#7419=FACE_BOUND('',#6824,.T.);
#7420=FACE_BOUND('',#6825,.T.);
#7421=FACE_BOUND('',#6826,.T.);
#7422=FACE_BOUND('',#6827,.T.);
#7423=FACE_BOUND('',#6828,.T.);
#7424=FACE_BOUND('',#6829,.T.);
#7425=FACE_BOUND('',#6830,.T.);
#7426=FACE_BOUND('',#6831,.T.);
#7427=FACE_BOUND('',#6832,.T.);
#7428=FACE_BOUND('',#6833,.T.);
#7429=FACE_BOUND('',#6834,.T.);
#7430=FACE_BOUND('',#6835,.T.);
#7431=FACE_BOUND('',#6836,.T.);
#7432=FACE_BOUND('',#6837,.T.);
#7433=FACE_BOUND('',#6838,.T.);
#7434=FACE_BOUND('',#6839,.T.);
#7435=FACE_BOUND('',#6840,.T.);
#7436=FACE_BOUND('',#6841,.T.);
#7437=FACE_BOUND('',#6842,.T.);
#7438=FACE_BOUND('',#6843,.T.);
#7439=FACE_BOUND('',#6844,.T.);
#7440=FACE_BOUND('',#6845,.T.);
#7441=FACE_BOUND('',#6846,.T.);
#7442=FACE_BOUND('',#6847,.T.);
#7443=FACE_BOUND('',#6848,.T.);
#7444=FACE_BOUND('',#6849,.T.);
#7445=FACE_BOUND('',#6850,.T.);
#7446=FACE_BOUND('',#6851,.T.);
#7447=FACE_BOUND('',#6852,.T.);
#7448=FACE_BOUND('',#6853,.T.);
#7449=FACE_BOUND('',#6854,.T.);
#7450=FACE_BOUND('',#6855,.T.);
#7451=FACE_BOUND('',#6856,.T.);
#7452=FACE_BOUND('',#6857,.T.);
#7453=FACE_BOUND('',#6858,.T.);
#7454=FACE_BOUND('',#6859,.T.);
#7455=FACE_BOUND('',#6860,.T.);
#7456=FACE_BOUND('',#6861,.T.);
#7457=FACE_BOUND('',#6862,.T.);
#7458=FACE_BOUND('',#6863,.T.);
#7459=FACE_BOUND('',#6864,.T.);
#7460=FACE_BOUND('',#6865,.T.);
#7461=FACE_BOUND('',#6866,.T.);
#7462=FACE_BOUND('',#6867,.T.);
#7463=FACE_BOUND('',#6868,.T.);
#7464=FACE_BOUND('',#6869,.T.);
#7465=FACE_BOUND('',#6870,.T.);
#7466=FACE_BOUND('',#6871,.T.);
#7467=FACE_BOUND('',#6872,.T.);
#7468=FACE_BOUND('',#6873,.T.);
#7469=FACE_BOUND('',#6874,.T.);
#7470=FACE_BOUND('',#6875,.T.);
#7471=FACE_BOUND('',#6876,.T.);
#7472=FACE_BOUND('',#6877,.T.);
#7473=FACE_BOUND('',#6878,.T.);
#7474=FACE_BOUND('',#6879,.T.);
#7475=FACE_BOUND('',#6880,.T.);
#7476=FACE_BOUND('',#6881,.T.);
#7477=FACE_BOUND('',#6882,.T.);
#7478=FACE_BOUND('',#6883,.T.);
#7479=FACE_BOUND('',#6884,.T.);
#7480=FACE_BOUND('',#6885,.T.);
#7481=FACE_BOUND('',#6886,.T.);
#7482=FACE_BOUND('',#6887,.T.);
#7483=FACE_BOUND('',#6888,.T.);
#7484=FACE_BOUND('',#6889,.T.);
#7485=FACE_BOUND('',#6890,.T.);
#7486=FACE_BOUND('',#6891,.T.);
#7487=FACE_BOUND('',#6892,.T.);
#7488=FACE_BOUND('',#6893,.T.);
#7489=FACE_BOUND('',#6894,.T.);
#7490=FACE_BOUND('',#6895,.T.);
#7491=FACE_BOUND('',#6896,.T.);
#7492=FACE_BOUND('',#6897,.T.);
#7493=FACE_BOUND('',#6898,.T.);
#7494=FACE_BOUND('',#6899,.T.);
#7495=FACE_BOUND('',#6900,.T.);
#7496=FACE_BOUND('',#6901,.T.);
#7497=FACE_BOUND('',#6902,.T.);
#7498=FACE_BOUND('',#6903,.T.);
#7499=FACE_BOUND('',#6904,.T.);
#7500=FACE_BOUND('',#6905,.T.);
#7501=FACE_BOUND('',#6906,.T.);
#7502=FACE_BOUND('',#6907,.T.);
#7503=FACE_BOUND('',#6908,.T.);
#7504=FACE_BOUND('',#6909,.T.);
#7505=FACE_BOUND('',#6910,.T.);
#7506=FACE_BOUND('',#6911,.T.);
#7507=FACE_BOUND('',#6912,.T.);
#7508=FACE_BOUND('',#6913,.T.);
#7509=FACE_BOUND('',#6914,.T.);
#7510=FACE_BOUND('',#6915,.T.);
#7511=FACE_BOUND('',#6916,.T.);
#7512=FACE_BOUND('',#6917,.T.);
#7513=FACE_BOUND('',#6918,.T.);
#7514=FACE_BOUND('',#6919,.T.);
#7515=FACE_BOUND('',#6920,.T.);
#7516=FACE_BOUND('',#6921,.T.);
#7517=FACE_BOUND('',#6922,.T.);
#7518=FACE_BOUND('',#6923,.T.);
#7519=FACE_BOUND('',#6924,.T.);
#7520=FACE_BOUND('',#6925,.T.);
#7521=FACE_BOUND('',#6926,.T.);
#7522=FACE_BOUND('',#6927,.T.);
#7523=FACE_BOUND('',#6928,.T.);
#7524=FACE_BOUND('',#6929,.T.);
#7525=FACE_BOUND('',#6930,.T.);
#7526=FACE_BOUND('',#6931,.T.);
#7527=FACE_BOUND('',#6932,.T.);
#7528=FACE_BOUND('',#6933,.T.);
#7529=FACE_BOUND('',#6934,.T.);
#7530=FACE_BOUND('',#6935,.T.);
#7531=FACE_BOUND('',#6936,.T.);
#7532=FACE_BOUND('',#6937,.T.);
#7533=FACE_BOUND('',#6938,.T.);
#7534=FACE_BOUND('',#6939,.T.);
#7535=FACE_BOUND('',#6940,.T.);
#7536=FACE_BOUND('',#6941,.T.);
#7537=FACE_BOUND('',#6942,.T.);
#7538=FACE_BOUND('',#6943,.T.);
#7539=FACE_BOUND('',#6944,.T.);
#7540=FACE_BOUND('',#6945,.T.);
#7541=FACE_BOUND('',#6946,.T.);
#7542=FACE_BOUND('',#6947,.T.);
#7543=FACE_BOUND('',#6948,.T.);
#7544=FACE_BOUND('',#6949,.T.);
#7545=FACE_BOUND('',#6950,.T.);
#7546=FACE_BOUND('',#6951,.T.);
#7547=FACE_BOUND('',#6952,.T.);
#7548=FACE_BOUND('',#6953,.T.);
#7549=FACE_BOUND('',#6954,.T.);
#7550=FACE_BOUND('',#6955,.T.);
#7551=FACE_BOUND('',#6956,.T.);
#7552=FACE_BOUND('',#6957,.T.);
#7553=FACE_BOUND('',#6958,.T.);
#7554=FACE_BOUND('',#6959,.T.);
#7555=FACE_BOUND('',#6960,.T.);
#7556=FACE_BOUND('',#6961,.T.);
#7557=FACE_BOUND('',#6962,.T.);
#7558=FACE_BOUND('',#6963,.T.);
#7559=FACE_BOUND('',#6964,.T.);
#7560=FACE_BOUND('',#6965,.T.);
#7561=FACE_BOUND('',#6966,.T.);
#7562=FACE_BOUND('',#6967,.T.);
#7563=FACE_BOUND('',#6968,.T.);
#7564=FACE_BOUND('',#6969,.T.);
#7565=FACE_BOUND('',#6970,.T.);
#7566=FACE_BOUND('',#6971,.T.);
#7567=FACE_BOUND('',#6972,.T.);
#7568=FACE_BOUND('',#6973,.T.);
#7569=FACE_BOUND('',#6974,.T.);
#7570=FACE_BOUND('',#6975,.T.);
#7571=FACE_BOUND('',#6976,.T.);
#7572=FACE_BOUND('',#6977,.T.);
#7573=FACE_BOUND('',#6978,.T.);
#7574=FACE_BOUND('',#6979,.T.);
#7575=FACE_BOUND('',#6980,.T.);
#7576=FACE_BOUND('',#6981,.T.);
#7577=FACE_BOUND('',#6982,.T.);
#7578=FACE_BOUND('',#6983,.T.);
#7579=FACE_BOUND('',#6984,.T.);
#7580=FACE_BOUND('',#6985,.T.);
#7581=FACE_BOUND('',#6986,.T.);
#7582=FACE_BOUND('',#6987,.T.);
#7583=FACE_BOUND('',#6988,.T.);
#7584=FACE_BOUND('',#6989,.T.);
#7585=FACE_BOUND('',#6990,.T.);
#7586=FACE_BOUND('',#6991,.T.);
#7587=FACE_BOUND('',#6992,.T.);
#7588=FACE_BOUND('',#6993,.T.);
#7589=FACE_BOUND('',#6994,.T.);
#7590=FACE_BOUND('',#6995,.T.);
#7591=FACE_BOUND('',#6996,.T.);
#7592=FACE_BOUND('',#6997,.T.);
#7593=FACE_BOUND('',#6998,.T.);
#7594=FACE_BOUND('',#6999,.T.);
#7595=FACE_BOUND('',#7000,.T.);
#7596=FACE_BOUND('',#7001,.T.);
#7597=FACE_BOUND('',#7002,.T.);
#7598=FACE_BOUND('',#7003,.T.);
#7599=FACE_BOUND('',#7004,.T.);
#7600=FACE_BOUND('',#7005,.T.);
#7601=FACE_BOUND('',#7006,.T.);
#7602=FACE_BOUND('',#7007,.T.);
#7603=FACE_BOUND('',#7008,.T.);
#7604=FACE_BOUND('',#7009,.T.);
#7605=FACE_BOUND('',#7010,.T.);
#7606=FACE_BOUND('',#7011,.T.);
#7607=FACE_BOUND('',#7012,.T.);
#7608=FACE_BOUND('',#7013,.T.);
#7609=FACE_BOUND('',#7014,.T.);
#7610=FACE_BOUND('',#7015,.T.);
#7611=FACE_BOUND('',#7016,.T.);
#7612=FACE_BOUND('',#7017,.T.);
#7613=FACE_BOUND('',#7018,.T.);
#7614=FACE_BOUND('',#7019,.T.);
#7615=FACE_BOUND('',#7020,.T.);
#7616=FACE_BOUND('',#7021,.T.);
#7617=FACE_BOUND('',#7022,.T.);
#7618=FACE_BOUND('',#7023,.T.);
#7619=FACE_BOUND('',#7024,.T.);
#7620=FACE_BOUND('',#7025,.T.);
#7621=FACE_BOUND('',#7026,.T.);
#7622=FACE_BOUND('',#7027,.T.);
#7623=FACE_BOUND('',#7028,.T.);
#7624=FACE_BOUND('',#7029,.T.);
#7625=FACE_BOUND('',#7030,.T.);
#7626=FACE_BOUND('',#7031,.T.);
#7627=FACE_BOUND('',#7032,.T.);
#7628=FACE_BOUND('',#7033,.T.);
#7629=FACE_BOUND('',#7034,.T.);
#7630=FACE_BOUND('',#7035,.T.);
#7631=FACE_BOUND('',#7036,.T.);
#7632=FACE_BOUND('',#7037,.T.);
#7633=FACE_BOUND('',#7038,.T.);
#7634=FACE_BOUND('',#7039,.T.);
#7635=FACE_BOUND('',#7040,.T.);
#7636=FACE_BOUND('',#7041,.T.);
#7637=FACE_BOUND('',#7042,.T.);
#7638=FACE_BOUND('',#7043,.T.);
#7639=FACE_BOUND('',#7044,.T.);
#7640=FACE_BOUND('',#7045,.T.);
#7641=FACE_BOUND('',#7046,.T.);
#7642=FACE_BOUND('',#7047,.T.);
#7643=FACE_BOUND('',#7048,.T.);
#7644=FACE_BOUND('',#7049,.T.);
#7645=FACE_BOUND('',#7050,.T.);
#7646=FACE_BOUND('',#7051,.T.);
#7647=FACE_BOUND('',#7052,.T.);
#7648=FACE_BOUND('',#7053,.T.);
#7649=FACE_BOUND('',#7054,.T.);
#7650=FACE_BOUND('',#7055,.T.);
#7651=FACE_BOUND('',#7056,.T.);
#7652=FACE_BOUND('',#7057,.T.);
#7653=FACE_BOUND('',#7058,.T.);
#7654=FACE_BOUND('',#7059,.T.);
#7655=FACE_BOUND('',#7060,.T.);
#7656=FACE_BOUND('',#7061,.T.);
#7657=FACE_BOUND('',#7062,.T.);
#7658=FACE_BOUND('',#7063,.T.);
#7659=FACE_BOUND('',#7064,.T.);
#7660=FACE_BOUND('',#7065,.T.);
#7661=FACE_BOUND('',#7066,.T.);
#7662=FACE_BOUND('',#7067,.T.);
#7663=FACE_BOUND('',#7068,.T.);
#7664=FACE_BOUND('',#7069,.T.);
#7665=FACE_BOUND('',#7070,.T.);
#7666=FACE_BOUND('',#7071,.T.);
#7667=FACE_BOUND('',#7072,.T.);
#7668=FACE_BOUND('',#7073,.T.);
#7669=FACE_BOUND('',#7074,.T.);
#7670=FACE_BOUND('',#7075,.T.);
#7671=FACE_BOUND('',#7076,.T.);
#7672=FACE_BOUND('',#7077,.T.);
#7673=FACE_BOUND('',#7078,.T.);
#7674=FACE_BOUND('',#7079,.T.);
#7675=FACE_BOUND('',#7080,.T.);
#7676=FACE_BOUND('',#7081,.T.);
#7677=FACE_BOUND('',#7082,.T.);
#7678=FACE_BOUND('',#7083,.T.);
#7679=FACE_BOUND('',#7084,.T.);
#7680=FACE_BOUND('',#7085,.T.);
#7681=FACE_BOUND('',#7086,.T.);
#7682=FACE_BOUND('',#7087,.T.);
#7683=FACE_BOUND('',#7088,.T.);
#7684=FACE_BOUND('',#7089,.T.);
#7685=FACE_BOUND('',#7090,.T.);
#7686=FACE_BOUND('',#7091,.T.);
#7687=FACE_BOUND('',#7092,.T.);
#7688=FACE_BOUND('',#7093,.T.);
#7689=FACE_BOUND('',#7094,.T.);
#7690=FACE_BOUND('',#7095,.T.);
#7691=FACE_BOUND('',#7096,.T.);
#7692=FACE_BOUND('',#7097,.T.);
#7693=FACE_BOUND('',#7098,.T.);
#7694=FACE_BOUND('',#7099,.T.);
#7695=FACE_BOUND('',#7100,.T.);
#7696=FACE_BOUND('',#7101,.T.);
#7697=FACE_BOUND('',#7102,.T.);
#7698=FACE_BOUND('',#7103,.T.);
#7699=FACE_BOUND('',#7104,.T.);
#7700=FACE_BOUND('',#7105,.T.);
#7701=FACE_BOUND('',#7106,.T.);
#7702=FACE_BOUND('',#7107,.T.);
#7703=FACE_BOUND('',#7108,.T.);
#7704=FACE_BOUND('',#7109,.T.);
#7705=FACE_BOUND('',#7110,.T.);
#7706=FACE_BOUND('',#7111,.T.);
#7707=FACE_BOUND('',#7112,.T.);
#7708=FACE_BOUND('',#7113,.T.);
#7709=FACE_BOUND('',#7114,.T.);
#7710=FACE_BOUND('',#7115,.T.);
#7711=FACE_BOUND('',#7116,.T.);
#7712=FACE_BOUND('',#7117,.T.);
#7713=FACE_BOUND('',#7118,.T.);
#7714=FACE_BOUND('',#7119,.T.);
#7715=FACE_BOUND('',#7120,.T.);
#7716=FACE_BOUND('',#7121,.T.);
#7717=FACE_BOUND('',#7122,.T.);
#7718=FACE_BOUND('',#7123,.T.);
#7719=FACE_BOUND('',#7124,.T.);
#7720=FACE_BOUND('',#7125,.T.);
#7721=FACE_BOUND('',#7126,.T.);
#7722=FACE_BOUND('',#7127,.T.);
#7723=FACE_BOUND('',#7128,.T.);
#7724=FACE_BOUND('',#7129,.T.);
#7725=FACE_BOUND('',#7130,.T.);
#7726=FACE_BOUND('',#7131,.T.);
#7727=FACE_BOUND('',#7132,.T.);
#7728=FACE_BOUND('',#7133,.T.);
#7729=FACE_BOUND('',#7134,.T.);
#7730=FACE_BOUND('',#7135,.T.);
#7731=FACE_BOUND('',#7136,.T.);
#7732=FACE_BOUND('',#7137,.T.);
#7733=FACE_BOUND('',#7138,.T.);
#7734=FACE_BOUND('',#7139,.T.);
#7735=FACE_BOUND('',#7140,.T.);
#7736=FACE_BOUND('',#7141,.T.);
#7737=FACE_BOUND('',#7142,.T.);
#7738=FACE_BOUND('',#7143,.T.);
#7739=FACE_BOUND('',#7144,.T.);
#7740=FACE_BOUND('',#7145,.T.);
#7741=FACE_BOUND('',#7146,.T.);
#7742=FACE_BOUND('',#7147,.T.);
#7743=FACE_BOUND('',#7148,.T.);
#7744=FACE_BOUND('',#7149,.T.);
#7745=FACE_BOUND('',#7150,.T.);
#7746=FACE_BOUND('',#7151,.T.);
#7747=FACE_BOUND('',#7152,.T.);
#7748=FACE_BOUND('',#7153,.T.);
#7749=FACE_BOUND('',#7154,.T.);
#7750=FACE_BOUND('',#7155,.T.);
#7751=FACE_BOUND('',#7156,.T.);
#7752=FACE_BOUND('',#7157,.T.);
#7753=FACE_BOUND('',#7158,.T.);
#7754=FACE_BOUND('',#7159,.T.);
#7755=FACE_BOUND('',#7160,.T.);
#7756=FACE_BOUND('',#7161,.T.);
#7757=FACE_BOUND('',#7162,.T.);
#7758=FACE_BOUND('',#7163,.T.);
#7759=FACE_BOUND('',#7164,.T.);
#7760=FACE_BOUND('',#7165,.T.);
#7761=FACE_BOUND('',#7166,.T.);
#7762=FACE_BOUND('',#7167,.T.);
#7763=FACE_BOUND('',#7168,.T.);
#7764=FACE_BOUND('',#7169,.T.);
#7765=FACE_BOUND('',#7170,.T.);
#7766=FACE_BOUND('',#7171,.T.);
#7767=FACE_BOUND('',#7172,.T.);
#7768=FACE_BOUND('',#7173,.T.);
#7769=FACE_BOUND('',#7174,.T.);
#7770=FACE_BOUND('',#7175,.T.);
#7771=FACE_BOUND('',#7176,.T.);
#7772=FACE_BOUND('',#7177,.T.);
#7773=FACE_BOUND('',#7178,.T.);
#7774=FACE_BOUND('',#7179,.T.);
#7775=FACE_BOUND('',#7180,.T.);
#7776=FACE_BOUND('',#7181,.T.);
#7777=FACE_BOUND('',#7182,.T.);
#7778=FACE_BOUND('',#7183,.T.);
#7779=FACE_BOUND('',#7184,.T.);
#7780=FACE_BOUND('',#7185,.T.);
#7781=FACE_BOUND('',#7186,.T.);
#7782=FACE_BOUND('',#7187,.T.);
#7783=FACE_BOUND('',#7188,.T.);
#7784=FACE_BOUND('',#7189,.T.);
#7785=FACE_BOUND('',#7190,.T.);
#7786=FACE_BOUND('',#7191,.T.);
#7787=FACE_BOUND('',#7192,.T.);
#7788=FACE_BOUND('',#7193,.T.);
#7789=FACE_BOUND('',#7194,.T.);
#7790=FACE_BOUND('',#7195,.T.);
#7791=FACE_BOUND('',#7196,.T.);
#7792=FACE_BOUND('',#7197,.T.);
#7793=FACE_BOUND('',#7198,.T.);
#7794=FACE_BOUND('',#7199,.T.);
#7795=FACE_BOUND('',#7200,.T.);
#7796=FACE_BOUND('',#7201,.T.);
#7797=FACE_BOUND('',#7202,.T.);
#7798=FACE_BOUND('',#7203,.T.);
#7799=FACE_BOUND('',#7204,.T.);
#7800=FACE_BOUND('',#7205,.T.);
#7801=FACE_BOUND('',#7206,.T.);
#7802=FACE_BOUND('',#7207,.T.);
#7803=FACE_BOUND('',#7208,.T.);
#7804=FACE_BOUND('',#7209,.T.);
#7805=FACE_BOUND('',#7210,.T.);
#7806=FACE_BOUND('',#7211,.T.);
#7807=FACE_BOUND('',#7212,.T.);
#7808=FACE_BOUND('',#7213,.T.);
#7809=FACE_BOUND('',#7214,.T.);
#7810=FACE_BOUND('',#7215,.T.);
#7811=FACE_BOUND('',#7216,.T.);
#7812=FACE_BOUND('',#7217,.T.);
#7813=FACE_BOUND('',#7218,.T.);
#7814=FACE_BOUND('',#7219,.T.);
#7815=FACE_BOUND('',#7220,.T.);
#7816=FACE_BOUND('',#7221,.T.);
#7817=FACE_BOUND('',#7222,.T.);
#7818=FACE_BOUND('',#7223,.T.);
#7819=FACE_BOUND('',#7224,.T.);
#7820=FACE_BOUND('',#7225,.T.);
#7821=FACE_BOUND('',#7226,.T.);
#7822=FACE_BOUND('',#7227,.T.);
#7823=FACE_BOUND('',#7228,.T.);
#7824=FACE_BOUND('',#7229,.T.);
#7825=FACE_BOUND('',#7230,.T.);
#7826=FACE_BOUND('',#7231,.T.);
#7827=FACE_BOUND('',#7232,.T.);
#7828=FACE_BOUND('',#7233,.T.);
#7829=FACE_BOUND('',#7234,.T.);
#7830=FACE_BOUND('',#7235,.T.);
#7831=FACE_BOUND('',#7236,.T.);
#7832=FACE_BOUND('',#7237,.T.);
#7833=FACE_BOUND('',#7238,.T.);
#7834=FACE_BOUND('',#7239,.T.);
#7835=FACE_BOUND('',#7240,.T.);
#7836=FACE_BOUND('',#7241,.T.);
#7837=FACE_BOUND('',#7242,.T.);
#7838=FACE_BOUND('',#7243,.T.);
#7839=FACE_BOUND('',#7244,.T.);
#7840=FACE_BOUND('',#7245,.T.);
#7841=FACE_BOUND('',#7246,.T.);
#7842=FACE_BOUND('',#7247,.T.);
#7843=FACE_BOUND('',#7248,.T.);
#7844=FACE_BOUND('',#7249,.T.);
#7845=FACE_BOUND('',#7250,.T.);
#7846=FACE_BOUND('',#7251,.T.);
#7847=FACE_BOUND('',#7252,.T.);
#7848=FACE_BOUND('',#7253,.T.);
#7849=FACE_BOUND('',#7254,.T.);
#7850=FACE_BOUND('',#7255,.T.);
#7851=FACE_BOUND('',#7256,.T.);
#7852=FACE_BOUND('',#7257,.T.);
#7853=FACE_BOUND('',#7258,.T.);
#7854=FACE_BOUND('',#7259,.T.);
#7855=FACE_BOUND('',#7260,.T.);
#7856=FACE_BOUND('',#7261,.T.);
#7857=FACE_BOUND('',#7262,.T.);
#7858=FACE_BOUND('',#7263,.T.);
#7859=FACE_BOUND('',#7264,.T.);
#7860=FACE_BOUND('',#7265,.T.);
#7861=FACE_BOUND('',#7266,.T.);
#7862=FACE_BOUND('',#7267,.T.);
#7863=FACE_BOUND('',#7268,.T.);
#7864=FACE_BOUND('',#7269,.T.);
#7865=FACE_BOUND('',#7270,.T.);
#7866=FACE_BOUND('',#7271,.T.);
#7867=FACE_BOUND('',#7272,.T.);
#7868=FACE_BOUND('',#7273,.T.);
#7869=FACE_BOUND('',#7274,.T.);
#7870=FACE_BOUND('',#7275,.T.);
#7871=FACE_BOUND('',#7276,.T.);
#7872=FACE_BOUND('',#7277,.T.);
#7873=FACE_BOUND('',#7278,.T.);
#7874=FACE_BOUND('',#7279,.T.);
#7875=FACE_BOUND('',#7280,.T.);
#7876=FACE_BOUND('',#7281,.T.);
#7877=FACE_BOUND('',#7282,.T.);
#7878=FACE_BOUND('',#7283,.T.);
#7879=FACE_BOUND('',#7284,.T.);
#7880=FACE_BOUND('',#7285,.T.);
#7881=FACE_BOUND('',#7286,.T.);
#7882=FACE_BOUND('',#7287,.T.);
#7883=FACE_BOUND('',#7288,.T.);
#7884=FACE_BOUND('',#7289,.T.);
#7885=FACE_BOUND('',#7290,.T.);
#7886=FACE_BOUND('',#7291,.T.);
#7887=FACE_BOUND('',#7292,.T.);
#7888=FACE_BOUND('',#7293,.T.);
#7889=FACE_BOUND('',#7294,.T.);
#7890=FACE_BOUND('',#7295,.T.);
#7891=FACE_BOUND('',#7296,.T.);
#7892=FACE_BOUND('',#7297,.T.);
#7893=FACE_BOUND('',#7298,.T.);
#7894=FACE_BOUND('',#7299,.T.);
#7895=FACE_BOUND('',#7300,.T.);
#7896=FACE_BOUND('',#7301,.T.);
#7897=FACE_BOUND('',#7302,.T.);
#7898=FACE_BOUND('',#7303,.T.);
#7899=FACE_BOUND('',#7304,.T.);
#7900=FACE_BOUND('',#7305,.T.);
#7901=FACE_BOUND('',#7306,.T.);
#7902=FACE_BOUND('',#7307,.T.);
#7903=FACE_BOUND('',#7308,.T.);
#7904=FACE_BOUND('',#7309,.T.);
#7905=FACE_BOUND('',#7310,.T.);
#7906=FACE_BOUND('',#7311,.T.);
#7907=FACE_BOUND('',#7312,.T.);
#7908=FACE_BOUND('',#7313,.T.);
#7909=FACE_BOUND('',#7314,.T.);
#7910=FACE_BOUND('',#7315,.T.);
#7911=FACE_BOUND('',#7316,.T.);
#7912=FACE_BOUND('',#7317,.T.);
#7913=FACE_BOUND('',#7318,.T.);
#7914=FACE_BOUND('',#7319,.T.);
#7915=FACE_BOUND('',#7320,.T.);
#7916=FACE_BOUND('',#7321,.T.);
#7917=FACE_BOUND('',#7322,.T.);
#7918=FACE_BOUND('',#7323,.T.);
#7919=FACE_BOUND('',#7324,.T.);
#7920=FACE_BOUND('',#7325,.T.);
#7921=FACE_BOUND('',#7326,.T.);
#7922=FACE_BOUND('',#7327,.T.);
#7923=FACE_BOUND('',#7328,.T.);
#7924=FACE_BOUND('',#7329,.T.);
#7925=FACE_BOUND('',#7330,.T.);
#7926=FACE_BOUND('',#7331,.T.);
#7927=FACE_BOUND('',#7332,.T.);
#7928=FACE_BOUND('',#7333,.T.);
#7929=FACE_BOUND('',#7334,.T.);
#7930=FACE_BOUND('',#7335,.T.);
#7931=FACE_BOUND('',#7336,.T.);
#7932=FACE_BOUND('',#7337,.T.);
#7933=FACE_BOUND('',#7338,.T.);
#7934=FACE_BOUND('',#7339,.T.);
#7935=FACE_BOUND('',#7340,.T.);
#7936=PLANE('',#8757);
#7937=PLANE('',#8762);
#7938=PLANE('',#8765);
#7939=PLANE('',#8770);
#7940=PLANE('',#8799);
#7941=PLANE('',#8800);
#7942=PLANE('',#8829);
#7943=PLANE('',#8832);
#7944=PLANE('',#8861);
#7945=PLANE('',#8862);
#7946=PLANE('',#8891);
#7947=PLANE('',#8904);
#7948=PLANE('',#8908);
#7949=PLANE('',#8911);
#7950=PLANE('',#8915);
#7951=PLANE('',#8919);
#7952=PLANE('',#8923);
#7953=PLANE('',#8926);
#7954=PLANE('',#8927);
#7955=PLANE('',#8932);
#7956=PLANE('',#8937);
#7957=PLANE('',#8940);
#7958=PLANE('',#8944);
#7959=PLANE('',#8948);
#7960=PLANE('',#8952);
#7961=PLANE('',#8957);
#7962=PLANE('',#8961);
#7963=PLANE('',#8964);
#7964=PLANE('',#8967);
#7965=PLANE('',#8971);
#7966=PLANE('',#8975);
#7967=PLANE('',#8979);
#7968=PLANE('',#8982);
#7969=PLANE('',#8985);
#7970=PLANE('',#8988);
#7971=PLANE('',#8993);
#7972=PLANE('',#8996);
#7973=PLANE('',#9000);
#7974=PLANE('',#9004);
#7975=PLANE('',#9008);
#7976=PLANE('',#9013);
#7977=PLANE('',#9017);
#7978=PLANE('',#9020);
#7979=PLANE('',#9021);
#7980=PLANE('',#9022);
#7981=PLANE('',#9023);
#7982=PLANE('',#9024);
#7983=PLANE('',#9025);
#7984=PLANE('',#9026);
#7985=PLANE('',#9027);
#7986=PLANE('',#9028);
#7987=PLANE('',#9029);
#7988=PLANE('',#9030);
#7989=PLANE('',#9031);
#7990=PLANE('',#9032);
#7991=PLANE('',#9033);
#7992=PLANE('',#9034);
#7993=PLANE('',#9035);
#7994=PLANE('',#9036);
#7995=PLANE('',#9037);
#7996=PLANE('',#9038);
#7997=PLANE('',#9039);
#7998=PLANE('',#9040);
#7999=PLANE('',#9041);
#8000=PLANE('',#9042);
#8001=PLANE('',#9043);
#8002=PLANE('',#9044);
#8003=PLANE('',#9045);
#8004=PLANE('',#9046);
#8005=PLANE('',#9047);
#8006=PLANE('',#9048);
#8007=PLANE('',#9049);
#8008=PLANE('',#9050);
#8009=PLANE('',#9051);
#8010=PLANE('',#9052);
#8011=PLANE('',#9053);
#8012=PLANE('',#9054);
#8013=PLANE('',#9055);
#8014=PLANE('',#9056);
#8015=PLANE('',#9057);
#8016=PLANE('',#9058);
#8017=PLANE('',#9059);
#8018=PLANE('',#9060);
#8019=PLANE('',#9061);
#8020=PLANE('',#9062);
#8021=PLANE('',#9063);
#8022=PLANE('',#9064);
#8023=PLANE('',#9065);
#8024=PLANE('',#9066);
#8025=PLANE('',#9067);
#8026=PLANE('',#9068);
#8027=PLANE('',#9069);
#8028=PLANE('',#9070);
#8029=PLANE('',#9071);
#8030=PLANE('',#9072);
#8031=PLANE('',#9073);
#8032=PLANE('',#9074);
#8033=PLANE('',#9075);
#8034=PLANE('',#9076);
#8035=PLANE('',#9077);
#8036=PLANE('',#9078);
#8037=PLANE('',#9079);
#8038=PLANE('',#9080);
#8039=PLANE('',#9081);
#8040=PLANE('',#9082);
#8041=PLANE('',#9083);
#8042=PLANE('',#9084);
#8043=PLANE('',#9085);
#8044=PLANE('',#9086);
#8045=PLANE('',#9087);
#8046=PLANE('',#9088);
#8047=PLANE('',#9089);
#8048=PLANE('',#9090);
#8049=PLANE('',#9091);
#8050=PLANE('',#9092);
#8051=PLANE('',#9093);
#8052=PLANE('',#9094);
#8053=PLANE('',#9095);
#8054=PLANE('',#9096);
#8055=PLANE('',#9097);
#8056=PLANE('',#9098);
#8057=PLANE('',#9099);
#8058=PLANE('',#9100);
#8059=PLANE('',#9101);
#8060=PLANE('',#9102);
#8061=PLANE('',#9103);
#8062=PLANE('',#9104);
#8063=PLANE('',#9105);
#8064=PLANE('',#9106);
#8065=PLANE('',#9107);
#8066=PLANE('',#9108);
#8067=PLANE('',#9109);
#8068=PLANE('',#9110);
#8069=PLANE('',#9111);
#8070=PLANE('',#9112);
#8071=PLANE('',#9113);
#8072=PLANE('',#9114);
#8073=PLANE('',#9115);
#8074=PLANE('',#9116);
#8075=PLANE('',#9117);
#8076=PLANE('',#9118);
#8077=PLANE('',#9119);
#8078=PLANE('',#9120);
#8079=PLANE('',#9121);
#8080=PLANE('',#9122);
#8081=PLANE('',#9123);
#8082=PLANE('',#9124);
#8083=PLANE('',#9125);
#8084=PLANE('',#9126);
#8085=PLANE('',#9127);
#8086=PLANE('',#9128);
#8087=PLANE('',#9129);
#8088=PLANE('',#9130);
#8089=PLANE('',#9131);
#8090=PLANE('',#9132);
#8091=PLANE('',#9133);
#8092=PLANE('',#9134);
#8093=PLANE('',#9135);
#8094=PLANE('',#9136);
#8095=PLANE('',#9137);
#8096=PLANE('',#9138);
#8097=PLANE('',#9139);
#8098=PLANE('',#9140);
#8099=PLANE('',#9141);
#8100=PLANE('',#9142);
#8101=PLANE('',#9143);
#8102=PLANE('',#9144);
#8103=PLANE('',#9145);
#8104=PLANE('',#9146);
#8105=PLANE('',#9147);
#8106=PLANE('',#9148);
#8107=PLANE('',#9149);
#8108=PLANE('',#9150);
#8109=PLANE('',#9151);
#8110=PLANE('',#9152);
#8111=PLANE('',#9153);
#8112=PLANE('',#9154);
#8113=PLANE('',#9155);
#8114=PLANE('',#9156);
#8115=PLANE('',#9157);
#8116=PLANE('',#9158);
#8117=PLANE('',#9159);
#8118=PLANE('',#9160);
#8119=PLANE('',#9161);
#8120=PLANE('',#9162);
#8121=PLANE('',#9163);
#8122=PLANE('',#9164);
#8123=PLANE('',#9165);
#8124=PLANE('',#9166);
#8125=PLANE('',#9167);
#8126=PLANE('',#9168);
#8127=PLANE('',#9169);
#8128=PLANE('',#9170);
#8129=PLANE('',#9171);
#8130=PLANE('',#9172);
#8131=PLANE('',#9173);
#8132=PLANE('',#9174);
#8133=PLANE('',#9175);
#8134=PLANE('',#9176);
#8135=PLANE('',#9177);
#8136=PLANE('',#9178);
#8137=PLANE('',#9179);
#8138=PLANE('',#9180);
#8139=PLANE('',#9181);
#8140=PLANE('',#9182);
#8141=PLANE('',#9183);
#8142=PLANE('',#9184);
#8143=PLANE('',#9185);
#8144=PLANE('',#9186);
#8145=PLANE('',#9187);
#8146=PLANE('',#9188);
#8147=PLANE('',#9189);
#8148=PLANE('',#9190);
#8149=PLANE('',#9191);
#8150=PLANE('',#9192);
#8151=PLANE('',#9193);
#8152=PLANE('',#9194);
#8153=PLANE('',#9195);
#8154=PLANE('',#9196);
#8155=PLANE('',#9197);
#8156=PLANE('',#9198);
#8157=PLANE('',#9199);
#8158=PLANE('',#9200);
#8159=PLANE('',#9201);
#8160=PLANE('',#9202);
#8161=PLANE('',#9203);
#8162=PLANE('',#9204);
#8163=PLANE('',#9205);
#8164=PLANE('',#9206);
#8165=PLANE('',#9207);
#8166=PLANE('',#9208);
#8167=PLANE('',#9209);
#8168=PLANE('',#9210);
#8169=PLANE('',#9211);
#8170=PLANE('',#9212);
#8171=PLANE('',#9213);
#8172=PLANE('',#9214);
#8173=PLANE('',#9215);
#8174=PLANE('',#9216);
#8175=PLANE('',#9217);
#8176=PLANE('',#9218);
#8177=PLANE('',#9219);
#8178=PLANE('',#9220);
#8179=PLANE('',#9221);
#8180=PLANE('',#9222);
#8181=PLANE('',#9223);
#8182=PLANE('',#9224);
#8183=PLANE('',#9225);
#8184=PLANE('',#9226);
#8185=PLANE('',#9227);
#8186=PLANE('',#9228);
#8187=PLANE('',#9229);
#8188=PLANE('',#9230);
#8189=PLANE('',#9231);
#8190=PLANE('',#9232);
#8191=PLANE('',#9233);
#8192=PLANE('',#9234);
#8193=PLANE('',#9235);
#8194=PLANE('',#9236);
#8195=PLANE('',#9237);
#8196=PLANE('',#9238);
#8197=PLANE('',#9239);
#8198=PLANE('',#9240);
#8199=PLANE('',#9241);
#8200=PLANE('',#9242);
#8201=PLANE('',#9243);
#8202=PLANE('',#9244);
#8203=PLANE('',#9245);
#8204=PLANE('',#9246);
#8205=PLANE('',#9247);
#8206=PLANE('',#9248);
#8207=PLANE('',#9249);
#8208=PLANE('',#9250);
#8209=PLANE('',#9251);
#8210=PLANE('',#9252);
#8211=PLANE('',#9253);
#8212=PLANE('',#9254);
#8213=PLANE('',#9255);
#8214=PLANE('',#9256);
#8215=PLANE('',#9257);
#8216=PLANE('',#9258);
#8217=PLANE('',#9259);
#8218=PLANE('',#9260);
#8219=PLANE('',#9261);
#8220=PLANE('',#9262);
#8221=PLANE('',#9263);
#8222=PLANE('',#9264);
#8223=PLANE('',#9265);
#8224=PLANE('',#9266);
#8225=PLANE('',#9267);
#8226=PLANE('',#9268);
#8227=PLANE('',#9269);
#8228=PLANE('',#9270);
#8229=PLANE('',#9271);
#8230=PLANE('',#9272);
#8231=PLANE('',#9273);
#8232=PLANE('',#9274);
#8233=PLANE('',#9275);
#8234=PLANE('',#9276);
#8235=PLANE('',#9277);
#8236=PLANE('',#9278);
#8237=PLANE('',#9279);
#8238=PLANE('',#9280);
#8239=PLANE('',#9281);
#8240=PLANE('',#9282);
#8241=PLANE('',#9283);
#8242=PLANE('',#9284);
#8243=PLANE('',#9285);
#8244=PLANE('',#9286);
#8245=PLANE('',#9287);
#8246=PLANE('',#9288);
#8247=PLANE('',#9289);
#8248=PLANE('',#9290);
#8249=PLANE('',#9291);
#8250=PLANE('',#9292);
#8251=PLANE('',#9293);
#8252=PLANE('',#9294);
#8253=PLANE('',#9295);
#8254=PLANE('',#9296);
#8255=PLANE('',#9297);
#8256=PLANE('',#9298);
#8257=PLANE('',#9299);
#8258=PLANE('',#9300);
#8259=PLANE('',#9301);
#8260=PLANE('',#9302);
#8261=PLANE('',#9303);
#8262=PLANE('',#9304);
#8263=PLANE('',#9305);
#8264=PLANE('',#9306);
#8265=PLANE('',#9307);
#8266=PLANE('',#9308);
#8267=PLANE('',#9309);
#8268=PLANE('',#9310);
#8269=PLANE('',#9311);
#8270=PLANE('',#9312);
#8271=PLANE('',#9313);
#8272=PLANE('',#9314);
#8273=PLANE('',#9315);
#8274=PLANE('',#9316);
#8275=PLANE('',#9317);
#8276=PLANE('',#9318);
#8277=PLANE('',#9319);
#8278=PLANE('',#9320);
#8279=PLANE('',#9321);
#8280=PLANE('',#9322);
#8281=PLANE('',#9323);
#8282=PLANE('',#9324);
#8283=PLANE('',#9325);
#8284=PLANE('',#9326);
#8285=PLANE('',#9327);
#8286=PLANE('',#9328);
#8287=PLANE('',#9329);
#8288=PLANE('',#9330);
#8289=PLANE('',#9331);
#8290=PLANE('',#9332);
#8291=PLANE('',#9333);
#8292=PLANE('',#9334);
#8293=PLANE('',#9335);
#8294=PLANE('',#9336);
#8295=PLANE('',#9337);
#8296=PLANE('',#9338);
#8297=PLANE('',#9341);
#8298=PLANE('',#9344);
#8299=PLANE('',#9347);
#8300=PLANE('',#9350);
#8301=PLANE('',#9353);
#8302=PLANE('',#9356);
#8303=PLANE('',#9357);
#8304=PLANE('',#9358);
#8305=PLANE('',#9359);
#8306=ADVANCED_FACE('',(#7341),#7936,.T.);
#8307=ADVANCED_FACE('',(#7342),#7937,.F.);
#8308=ADVANCED_FACE('',(#7343,#7344,#7345,#7346,#7347,#7348,#7349),#7938,
 .F.);
#8309=ADVANCED_FACE('',(#7350,#7351,#7352,#7353,#7354,#7355,#7356,#7357,
#7358,#7359,#7360,#7361,#7362),#7939,.T.);
#8310=ADVANCED_FACE('',(#7363),#7940,.T.);
#8311=ADVANCED_FACE('',(#7364,#7365,#7366,#7367,#7368,#7369,#7370,#7371,
#7372,#7373,#7374,#7375,#7376,#7377),#7941,.F.);
#8312=ADVANCED_FACE('',(#7378),#7942,.T.);
#8313=ADVANCED_FACE('',(#7379,#7380,#7381,#7382,#7383,#7384,#7385,#7386,
#7387,#7388,#7389,#7390,#7391,#7392,#7393,#7394,#7395,#7396,#7397,#7398,
#7399,#7400,#7401,#7402,#7403,#7404,#7405,#7406,#7407),#7943,.F.);
#8314=ADVANCED_FACE('',(#7408),#7944,.F.);
#8315=ADVANCED_FACE('',(#7409,#7410,#7411,#7412,#7413,#7414,#7415,#7416,
#7417,#7418,#7419,#7420,#7421,#7422,#7423,#7424,#7425,#7426,#7427,#7428,
#7429,#7430,#7431,#7432,#7433,#7434,#7435,#7436,#7437),#7945,.T.);
#8316=ADVANCED_FACE('',(#7438,#7439,#7440,#7441,#7442,#7443,#7444),#7946,
 .T.);
#8317=ADVANCED_FACE('',(#7445),#12,.T.);
#8318=ADVANCED_FACE('',(#7446),#13,.T.);
#8319=ADVANCED_FACE('',(#7447),#14,.T.);
#8320=ADVANCED_FACE('',(#7448),#15,.T.);
#8321=ADVANCED_FACE('',(#7449,#7450),#16,.F.);
#8322=ADVANCED_FACE('',(#7451),#7947,.T.);
#8323=ADVANCED_FACE('',(#7452,#7453),#17,.F.);
#8324=ADVANCED_FACE('',(#7454,#7455),#18,.F.);
#8325=ADVANCED_FACE('',(#7456),#7948,.T.);
#8326=ADVANCED_FACE('',(#7457,#7458),#19,.F.);
#8327=ADVANCED_FACE('',(#7459),#7949,.T.);
#8328=ADVANCED_FACE('',(#7460,#7461),#20,.F.);
#8329=ADVANCED_FACE('',(#7462,#7463),#21,.F.);
#8330=ADVANCED_FACE('',(#7464),#7950,.T.);
#8331=ADVANCED_FACE('',(#7465,#7466),#22,.F.);
#8332=ADVANCED_FACE('',(#7467,#7468),#23,.F.);
#8333=ADVANCED_FACE('',(#7469),#7951,.T.);
#8334=ADVANCED_FACE('',(#7470,#7471),#24,.F.);
#8335=ADVANCED_FACE('',(#7472,#7473),#25,.F.);
#8336=ADVANCED_FACE('',(#7474),#7952,.T.);
#8337=ADVANCED_FACE('',(#7475,#7476),#26,.F.);
#8338=ADVANCED_FACE('',(#7477),#7953,.T.);
#8339=ADVANCED_FACE('',(#7478),#7954,.T.);
#8340=ADVANCED_FACE('',(#7479,#7480),#27,.F.);
#8341=ADVANCED_FACE('',(#7481,#7482),#28,.F.);
#8342=ADVANCED_FACE('',(#7483),#7955,.T.);
#8343=ADVANCED_FACE('',(#7484,#7485),#29,.F.);
#8344=ADVANCED_FACE('',(#7486,#7487),#30,.F.);
#8345=ADVANCED_FACE('',(#7488,#7489),#31,.F.);
#8346=ADVANCED_FACE('',(#7490),#7956,.T.);
#8347=ADVANCED_FACE('',(#7491,#7492),#32,.F.);
#8348=ADVANCED_FACE('',(#7493),#7957,.T.);
#8349=ADVANCED_FACE('',(#7494,#7495),#33,.F.);
#8350=ADVANCED_FACE('',(#7496,#7497),#34,.F.);
#8351=ADVANCED_FACE('',(#7498),#7958,.T.);
#8352=ADVANCED_FACE('',(#7499,#7500),#35,.F.);
#8353=ADVANCED_FACE('',(#7501,#7502),#36,.F.);
#8354=ADVANCED_FACE('',(#7503),#7959,.T.);
#8355=ADVANCED_FACE('',(#7504,#7505),#37,.F.);
#8356=ADVANCED_FACE('',(#7506,#7507),#38,.F.);
#8357=ADVANCED_FACE('',(#7508),#7960,.T.);
#8358=ADVANCED_FACE('',(#7509,#7510),#39,.F.);
#8359=ADVANCED_FACE('',(#7511,#7512),#40,.F.);
#8360=ADVANCED_FACE('',(#7513,#7514),#41,.F.);
#8361=ADVANCED_FACE('',(#7515),#7961,.T.);
#8362=ADVANCED_FACE('',(#7516,#7517),#42,.F.);
#8363=ADVANCED_FACE('',(#7518,#7519),#43,.F.);
#8364=ADVANCED_FACE('',(#7520),#7962,.T.);
#8365=ADVANCED_FACE('',(#7521,#7522),#44,.F.);
#8366=ADVANCED_FACE('',(#7523,#7524),#45,.F.);
#8367=ADVANCED_FACE('',(#7525),#7963,.T.);
#8368=ADVANCED_FACE('',(#7526,#7527),#46,.F.);
#8369=ADVANCED_FACE('',(#7528),#7964,.T.);
#8370=ADVANCED_FACE('',(#7529,#7530),#47,.F.);
#8371=ADVANCED_FACE('',(#7531,#7532),#48,.F.);
#8372=ADVANCED_FACE('',(#7533),#7965,.T.);
#8373=ADVANCED_FACE('',(#7534,#7535),#49,.F.);
#8374=ADVANCED_FACE('',(#7536,#7537),#50,.F.);
#8375=ADVANCED_FACE('',(#7538),#7966,.T.);
#8376=ADVANCED_FACE('',(#7539,#7540),#51,.F.);
#8377=ADVANCED_FACE('',(#7541,#7542),#52,.F.);
#8378=ADVANCED_FACE('',(#7543),#7967,.T.);
#8379=ADVANCED_FACE('',(#7544,#7545),#53,.F.);
#8380=ADVANCED_FACE('',(#7546),#7968,.T.);
#8381=ADVANCED_FACE('',(#7547,#7548),#54,.F.);
#8382=ADVANCED_FACE('',(#7549),#7969,.T.);
#8383=ADVANCED_FACE('',(#7550,#7551),#55,.F.);
#8384=ADVANCED_FACE('',(#7552),#7970,.T.);
#8385=ADVANCED_FACE('',(#7553,#7554),#56,.F.);
#8386=ADVANCED_FACE('',(#7555,#7556),#57,.F.);
#8387=ADVANCED_FACE('',(#7557,#7558),#58,.F.);
#8388=ADVANCED_FACE('',(#7559),#7971,.T.);
#8389=ADVANCED_FACE('',(#7560,#7561),#59,.F.);
#8390=ADVANCED_FACE('',(#7562),#7972,.T.);
#8391=ADVANCED_FACE('',(#7563,#7564),#60,.F.);
#8392=ADVANCED_FACE('',(#7565,#7566),#61,.F.);
#8393=ADVANCED_FACE('',(#7567),#7973,.T.);
#8394=ADVANCED_FACE('',(#7568,#7569),#62,.F.);
#8395=ADVANCED_FACE('',(#7570,#7571),#63,.F.);
#8396=ADVANCED_FACE('',(#7572),#7974,.T.);
#8397=ADVANCED_FACE('',(#7573,#7574),#64,.F.);
#8398=ADVANCED_FACE('',(#7575,#7576),#65,.F.);
#8399=ADVANCED_FACE('',(#7577),#7975,.T.);
#8400=ADVANCED_FACE('',(#7578,#7579),#66,.F.);
#8401=ADVANCED_FACE('',(#7580,#7581),#67,.F.);
#8402=ADVANCED_FACE('',(#7582,#7583),#68,.F.);
#8403=ADVANCED_FACE('',(#7584),#7976,.T.);
#8404=ADVANCED_FACE('',(#7585,#7586),#69,.F.);
#8405=ADVANCED_FACE('',(#7587,#7588),#70,.F.);
#8406=ADVANCED_FACE('',(#7589),#7977,.T.);
#8407=ADVANCED_FACE('',(#7590,#7591),#71,.F.);
#8408=ADVANCED_FACE('',(#7592),#7978,.T.);
#8409=ADVANCED_FACE('',(#7593),#7979,.T.);
#8410=ADVANCED_FACE('',(#7594),#7980,.T.);
#8411=ADVANCED_FACE('',(#7595),#7981,.T.);
#8412=ADVANCED_FACE('',(#7596),#7982,.F.);
#8413=ADVANCED_FACE('',(#7597),#7983,.T.);
#8414=ADVANCED_FACE('',(#7598),#7984,.T.);
#8415=ADVANCED_FACE('',(#7599),#7985,.T.);
#8416=ADVANCED_FACE('',(#7600),#7986,.T.);
#8417=ADVANCED_FACE('',(#7601),#7987,.F.);
#8418=ADVANCED_FACE('',(#7602),#7988,.T.);
#8419=ADVANCED_FACE('',(#7603),#7989,.T.);
#8420=ADVANCED_FACE('',(#7604),#7990,.T.);
#8421=ADVANCED_FACE('',(#7605),#7991,.T.);
#8422=ADVANCED_FACE('',(#7606),#7992,.T.);
#8423=ADVANCED_FACE('',(#7607),#7993,.T.);
#8424=ADVANCED_FACE('',(#7608),#7994,.T.);
#8425=ADVANCED_FACE('',(#7609),#7995,.T.);
#8426=ADVANCED_FACE('',(#7610),#7996,.T.);
#8427=ADVANCED_FACE('',(#7611),#7997,.T.);
#8428=ADVANCED_FACE('',(#7612),#7998,.T.);
#8429=ADVANCED_FACE('',(#7613),#7999,.T.);
#8430=ADVANCED_FACE('',(#7614),#8000,.T.);
#8431=ADVANCED_FACE('',(#7615),#8001,.T.);
#8432=ADVANCED_FACE('',(#7616),#8002,.T.);
#8433=ADVANCED_FACE('',(#7617),#8003,.T.);
#8434=ADVANCED_FACE('',(#7618),#8004,.T.);
#8435=ADVANCED_FACE('',(#7619),#8005,.T.);
#8436=ADVANCED_FACE('',(#7620),#8006,.T.);
#8437=ADVANCED_FACE('',(#7621),#8007,.T.);
#8438=ADVANCED_FACE('',(#7622),#8008,.T.);
#8439=ADVANCED_FACE('',(#7623),#8009,.T.);
#8440=ADVANCED_FACE('',(#7624),#8010,.T.);
#8441=ADVANCED_FACE('',(#7625),#8011,.T.);
#8442=ADVANCED_FACE('',(#7626),#8012,.T.);
#8443=ADVANCED_FACE('',(#7627),#8013,.T.);
#8444=ADVANCED_FACE('',(#7628),#8014,.T.);
#8445=ADVANCED_FACE('',(#7629),#8015,.T.);
#8446=ADVANCED_FACE('',(#7630),#8016,.T.);
#8447=ADVANCED_FACE('',(#7631),#8017,.T.);
#8448=ADVANCED_FACE('',(#7632),#8018,.T.);
#8449=ADVANCED_FACE('',(#7633),#8019,.T.);
#8450=ADVANCED_FACE('',(#7634),#8020,.T.);
#8451=ADVANCED_FACE('',(#7635),#8021,.T.);
#8452=ADVANCED_FACE('',(#7636),#8022,.T.);
#8453=ADVANCED_FACE('',(#7637),#8023,.T.);
#8454=ADVANCED_FACE('',(#7638),#8024,.T.);
#8455=ADVANCED_FACE('',(#7639),#8025,.T.);
#8456=ADVANCED_FACE('',(#7640),#8026,.T.);
#8457=ADVANCED_FACE('',(#7641),#8027,.T.);
#8458=ADVANCED_FACE('',(#7642),#8028,.T.);
#8459=ADVANCED_FACE('',(#7643),#8029,.T.);
#8460=ADVANCED_FACE('',(#7644),#8030,.T.);
#8461=ADVANCED_FACE('',(#7645),#8031,.T.);
#8462=ADVANCED_FACE('',(#7646),#8032,.T.);
#8463=ADVANCED_FACE('',(#7647),#8033,.T.);
#8464=ADVANCED_FACE('',(#7648),#8034,.T.);
#8465=ADVANCED_FACE('',(#7649),#8035,.T.);
#8466=ADVANCED_FACE('',(#7650),#8036,.T.);
#8467=ADVANCED_FACE('',(#7651),#8037,.T.);
#8468=ADVANCED_FACE('',(#7652),#8038,.T.);
#8469=ADVANCED_FACE('',(#7653),#8039,.T.);
#8470=ADVANCED_FACE('',(#7654),#8040,.T.);
#8471=ADVANCED_FACE('',(#7655),#8041,.T.);
#8472=ADVANCED_FACE('',(#7656),#8042,.T.);
#8473=ADVANCED_FACE('',(#7657),#8043,.T.);
#8474=ADVANCED_FACE('',(#7658),#8044,.T.);
#8475=ADVANCED_FACE('',(#7659),#8045,.T.);
#8476=ADVANCED_FACE('',(#7660),#8046,.T.);
#8477=ADVANCED_FACE('',(#7661),#8047,.T.);
#8478=ADVANCED_FACE('',(#7662),#8048,.T.);
#8479=ADVANCED_FACE('',(#7663),#8049,.T.);
#8480=ADVANCED_FACE('',(#7664),#8050,.T.);
#8481=ADVANCED_FACE('',(#7665),#8051,.T.);
#8482=ADVANCED_FACE('',(#7666),#8052,.T.);
#8483=ADVANCED_FACE('',(#7667),#8053,.T.);
#8484=ADVANCED_FACE('',(#7668),#8054,.T.);
#8485=ADVANCED_FACE('',(#7669),#8055,.T.);
#8486=ADVANCED_FACE('',(#7670),#8056,.T.);
#8487=ADVANCED_FACE('',(#7671),#8057,.T.);
#8488=ADVANCED_FACE('',(#7672),#8058,.T.);
#8489=ADVANCED_FACE('',(#7673),#8059,.T.);
#8490=ADVANCED_FACE('',(#7674),#8060,.T.);
#8491=ADVANCED_FACE('',(#7675),#8061,.T.);
#8492=ADVANCED_FACE('',(#7676),#8062,.T.);
#8493=ADVANCED_FACE('',(#7677),#8063,.T.);
#8494=ADVANCED_FACE('',(#7678),#8064,.T.);
#8495=ADVANCED_FACE('',(#7679),#8065,.T.);
#8496=ADVANCED_FACE('',(#7680),#8066,.T.);
#8497=ADVANCED_FACE('',(#7681),#8067,.T.);
#8498=ADVANCED_FACE('',(#7682),#8068,.T.);
#8499=ADVANCED_FACE('',(#7683),#8069,.T.);
#8500=ADVANCED_FACE('',(#7684),#8070,.T.);
#8501=ADVANCED_FACE('',(#7685),#8071,.T.);
#8502=ADVANCED_FACE('',(#7686),#8072,.T.);
#8503=ADVANCED_FACE('',(#7687),#8073,.T.);
#8504=ADVANCED_FACE('',(#7688),#8074,.T.);
#8505=ADVANCED_FACE('',(#7689),#8075,.T.);
#8506=ADVANCED_FACE('',(#7690),#8076,.T.);
#8507=ADVANCED_FACE('',(#7691),#8077,.T.);
#8508=ADVANCED_FACE('',(#7692),#8078,.T.);
#8509=ADVANCED_FACE('',(#7693),#8079,.T.);
#8510=ADVANCED_FACE('',(#7694),#8080,.T.);
#8511=ADVANCED_FACE('',(#7695),#8081,.T.);
#8512=ADVANCED_FACE('',(#7696),#8082,.T.);
#8513=ADVANCED_FACE('',(#7697),#8083,.T.);
#8514=ADVANCED_FACE('',(#7698),#8084,.T.);
#8515=ADVANCED_FACE('',(#7699),#8085,.T.);
#8516=ADVANCED_FACE('',(#7700),#8086,.T.);
#8517=ADVANCED_FACE('',(#7701),#8087,.T.);
#8518=ADVANCED_FACE('',(#7702),#8088,.T.);
#8519=ADVANCED_FACE('',(#7703),#8089,.T.);
#8520=ADVANCED_FACE('',(#7704),#8090,.T.);
#8521=ADVANCED_FACE('',(#7705),#8091,.T.);
#8522=ADVANCED_FACE('',(#7706),#8092,.T.);
#8523=ADVANCED_FACE('',(#7707),#8093,.T.);
#8524=ADVANCED_FACE('',(#7708),#8094,.T.);
#8525=ADVANCED_FACE('',(#7709),#8095,.T.);
#8526=ADVANCED_FACE('',(#7710),#8096,.T.);
#8527=ADVANCED_FACE('',(#7711),#8097,.T.);
#8528=ADVANCED_FACE('',(#7712),#8098,.T.);
#8529=ADVANCED_FACE('',(#7713),#8099,.T.);
#8530=ADVANCED_FACE('',(#7714),#8100,.T.);
#8531=ADVANCED_FACE('',(#7715),#8101,.T.);
#8532=ADVANCED_FACE('',(#7716),#8102,.T.);
#8533=ADVANCED_FACE('',(#7717),#8103,.T.);
#8534=ADVANCED_FACE('',(#7718),#8104,.T.);
#8535=ADVANCED_FACE('',(#7719),#8105,.T.);
#8536=ADVANCED_FACE('',(#7720),#8106,.T.);
#8537=ADVANCED_FACE('',(#7721),#8107,.T.);
#8538=ADVANCED_FACE('',(#7722),#8108,.T.);
#8539=ADVANCED_FACE('',(#7723),#8109,.T.);
#8540=ADVANCED_FACE('',(#7724),#8110,.T.);
#8541=ADVANCED_FACE('',(#7725),#8111,.T.);
#8542=ADVANCED_FACE('',(#7726,#7727),#8112,.F.);
#8543=ADVANCED_FACE('',(#7728),#8113,.T.);
#8544=ADVANCED_FACE('',(#7729),#8114,.T.);
#8545=ADVANCED_FACE('',(#7730),#8115,.T.);
#8546=ADVANCED_FACE('',(#7731),#8116,.T.);
#8547=ADVANCED_FACE('',(#7732),#8117,.T.);
#8548=ADVANCED_FACE('',(#7733),#8118,.T.);
#8549=ADVANCED_FACE('',(#7734),#8119,.T.);
#8550=ADVANCED_FACE('',(#7735),#8120,.F.);
#8551=ADVANCED_FACE('',(#7736),#8121,.T.);
#8552=ADVANCED_FACE('',(#7737),#8122,.T.);
#8553=ADVANCED_FACE('',(#7738),#8123,.T.);
#8554=ADVANCED_FACE('',(#7739),#8124,.T.);
#8555=ADVANCED_FACE('',(#7740),#8125,.T.);
#8556=ADVANCED_FACE('',(#7741),#8126,.T.);
#8557=ADVANCED_FACE('',(#7742),#8127,.T.);
#8558=ADVANCED_FACE('',(#7743),#8128,.T.);
#8559=ADVANCED_FACE('',(#7744),#8129,.T.);
#8560=ADVANCED_FACE('',(#7745),#8130,.T.);
#8561=ADVANCED_FACE('',(#7746),#8131,.T.);
#8562=ADVANCED_FACE('',(#7747),#8132,.T.);
#8563=ADVANCED_FACE('',(#7748),#8133,.T.);
#8564=ADVANCED_FACE('',(#7749),#8134,.T.);
#8565=ADVANCED_FACE('',(#7750),#8135,.T.);
#8566=ADVANCED_FACE('',(#7751),#8136,.T.);
#8567=ADVANCED_FACE('',(#7752),#8137,.T.);
#8568=ADVANCED_FACE('',(#7753),#8138,.T.);
#8569=ADVANCED_FACE('',(#7754),#8139,.T.);
#8570=ADVANCED_FACE('',(#7755),#8140,.T.);
#8571=ADVANCED_FACE('',(#7756),#8141,.T.);
#8572=ADVANCED_FACE('',(#7757),#8142,.T.);
#8573=ADVANCED_FACE('',(#7758),#8143,.T.);
#8574=ADVANCED_FACE('',(#7759),#8144,.T.);
#8575=ADVANCED_FACE('',(#7760),#8145,.T.);
#8576=ADVANCED_FACE('',(#7761),#8146,.T.);
#8577=ADVANCED_FACE('',(#7762),#8147,.T.);
#8578=ADVANCED_FACE('',(#7763),#8148,.T.);
#8579=ADVANCED_FACE('',(#7764),#8149,.T.);
#8580=ADVANCED_FACE('',(#7765),#8150,.T.);
#8581=ADVANCED_FACE('',(#7766),#8151,.T.);
#8582=ADVANCED_FACE('',(#7767),#8152,.T.);
#8583=ADVANCED_FACE('',(#7768),#8153,.T.);
#8584=ADVANCED_FACE('',(#7769),#8154,.T.);
#8585=ADVANCED_FACE('',(#7770),#8155,.T.);
#8586=ADVANCED_FACE('',(#7771),#8156,.T.);
#8587=ADVANCED_FACE('',(#7772),#8157,.T.);
#8588=ADVANCED_FACE('',(#7773),#8158,.T.);
#8589=ADVANCED_FACE('',(#7774),#8159,.T.);
#8590=ADVANCED_FACE('',(#7775),#8160,.T.);
#8591=ADVANCED_FACE('',(#7776),#8161,.T.);
#8592=ADVANCED_FACE('',(#7777),#8162,.T.);
#8593=ADVANCED_FACE('',(#7778),#8163,.T.);
#8594=ADVANCED_FACE('',(#7779),#8164,.T.);
#8595=ADVANCED_FACE('',(#7780),#8165,.T.);
#8596=ADVANCED_FACE('',(#7781),#8166,.T.);
#8597=ADVANCED_FACE('',(#7782),#8167,.T.);
#8598=ADVANCED_FACE('',(#7783),#8168,.T.);
#8599=ADVANCED_FACE('',(#7784),#8169,.T.);
#8600=ADVANCED_FACE('',(#7785),#8170,.T.);
#8601=ADVANCED_FACE('',(#7786),#8171,.T.);
#8602=ADVANCED_FACE('',(#7787),#8172,.T.);
#8603=ADVANCED_FACE('',(#7788),#8173,.T.);
#8604=ADVANCED_FACE('',(#7789),#8174,.T.);
#8605=ADVANCED_FACE('',(#7790),#8175,.T.);
#8606=ADVANCED_FACE('',(#7791),#8176,.T.);
#8607=ADVANCED_FACE('',(#7792),#8177,.T.);
#8608=ADVANCED_FACE('',(#7793),#8178,.T.);
#8609=ADVANCED_FACE('',(#7794),#8179,.T.);
#8610=ADVANCED_FACE('',(#7795),#8180,.T.);
#8611=ADVANCED_FACE('',(#7796),#8181,.T.);
#8612=ADVANCED_FACE('',(#7797),#8182,.T.);
#8613=ADVANCED_FACE('',(#7798),#8183,.T.);
#8614=ADVANCED_FACE('',(#7799),#8184,.T.);
#8615=ADVANCED_FACE('',(#7800),#8185,.T.);
#8616=ADVANCED_FACE('',(#7801),#8186,.T.);
#8617=ADVANCED_FACE('',(#7802),#8187,.T.);
#8618=ADVANCED_FACE('',(#7803),#8188,.T.);
#8619=ADVANCED_FACE('',(#7804),#8189,.T.);
#8620=ADVANCED_FACE('',(#7805),#8190,.T.);
#8621=ADVANCED_FACE('',(#7806),#8191,.T.);
#8622=ADVANCED_FACE('',(#7807),#8192,.T.);
#8623=ADVANCED_FACE('',(#7808),#8193,.T.);
#8624=ADVANCED_FACE('',(#7809),#8194,.T.);
#8625=ADVANCED_FACE('',(#7810),#8195,.T.);
#8626=ADVANCED_FACE('',(#7811),#8196,.T.);
#8627=ADVANCED_FACE('',(#7812),#8197,.T.);
#8628=ADVANCED_FACE('',(#7813),#8198,.T.);
#8629=ADVANCED_FACE('',(#7814),#8199,.T.);
#8630=ADVANCED_FACE('',(#7815),#8200,.T.);
#8631=ADVANCED_FACE('',(#7816),#8201,.T.);
#8632=ADVANCED_FACE('',(#7817),#8202,.T.);
#8633=ADVANCED_FACE('',(#7818),#8203,.T.);
#8634=ADVANCED_FACE('',(#7819),#8204,.T.);
#8635=ADVANCED_FACE('',(#7820),#8205,.T.);
#8636=ADVANCED_FACE('',(#7821),#8206,.T.);
#8637=ADVANCED_FACE('',(#7822),#8207,.T.);
#8638=ADVANCED_FACE('',(#7823),#8208,.T.);
#8639=ADVANCED_FACE('',(#7824),#8209,.T.);
#8640=ADVANCED_FACE('',(#7825),#8210,.T.);
#8641=ADVANCED_FACE('',(#7826),#8211,.T.);
#8642=ADVANCED_FACE('',(#7827),#8212,.T.);
#8643=ADVANCED_FACE('',(#7828),#8213,.T.);
#8644=ADVANCED_FACE('',(#7829),#8214,.T.);
#8645=ADVANCED_FACE('',(#7830),#8215,.T.);
#8646=ADVANCED_FACE('',(#7831),#8216,.T.);
#8647=ADVANCED_FACE('',(#7832),#8217,.T.);
#8648=ADVANCED_FACE('',(#7833),#8218,.T.);
#8649=ADVANCED_FACE('',(#7834),#8219,.T.);
#8650=ADVANCED_FACE('',(#7835),#8220,.T.);
#8651=ADVANCED_FACE('',(#7836),#8221,.T.);
#8652=ADVANCED_FACE('',(#7837),#8222,.T.);
#8653=ADVANCED_FACE('',(#7838),#8223,.T.);
#8654=ADVANCED_FACE('',(#7839),#8224,.T.);
#8655=ADVANCED_FACE('',(#7840),#8225,.T.);
#8656=ADVANCED_FACE('',(#7841),#8226,.T.);
#8657=ADVANCED_FACE('',(#7842),#8227,.T.);
#8658=ADVANCED_FACE('',(#7843),#8228,.T.);
#8659=ADVANCED_FACE('',(#7844),#8229,.T.);
#8660=ADVANCED_FACE('',(#7845),#8230,.T.);
#8661=ADVANCED_FACE('',(#7846),#8231,.T.);
#8662=ADVANCED_FACE('',(#7847),#8232,.T.);
#8663=ADVANCED_FACE('',(#7848),#8233,.T.);
#8664=ADVANCED_FACE('',(#7849),#8234,.T.);
#8665=ADVANCED_FACE('',(#7850),#8235,.T.);
#8666=ADVANCED_FACE('',(#7851),#8236,.T.);
#8667=ADVANCED_FACE('',(#7852),#8237,.T.);
#8668=ADVANCED_FACE('',(#7853),#8238,.T.);
#8669=ADVANCED_FACE('',(#7854),#8239,.T.);
#8670=ADVANCED_FACE('',(#7855),#8240,.T.);
#8671=ADVANCED_FACE('',(#7856),#8241,.T.);
#8672=ADVANCED_FACE('',(#7857),#8242,.T.);
#8673=ADVANCED_FACE('',(#7858),#8243,.T.);
#8674=ADVANCED_FACE('',(#7859),#8244,.T.);
#8675=ADVANCED_FACE('',(#7860,#7861),#8245,.F.);
#8676=ADVANCED_FACE('',(#7862),#8246,.T.);
#8677=ADVANCED_FACE('',(#7863),#8247,.T.);
#8678=ADVANCED_FACE('',(#7864),#8248,.T.);
#8679=ADVANCED_FACE('',(#7865),#8249,.T.);
#8680=ADVANCED_FACE('',(#7866),#8250,.T.);
#8681=ADVANCED_FACE('',(#7867),#8251,.T.);
#8682=ADVANCED_FACE('',(#7868),#8252,.T.);
#8683=ADVANCED_FACE('',(#7869),#8253,.T.);
#8684=ADVANCED_FACE('',(#7870),#8254,.T.);
#8685=ADVANCED_FACE('',(#7871),#8255,.T.);
#8686=ADVANCED_FACE('',(#7872),#8256,.T.);
#8687=ADVANCED_FACE('',(#7873),#8257,.T.);
#8688=ADVANCED_FACE('',(#7874),#8258,.T.);
#8689=ADVANCED_FACE('',(#7875),#8259,.T.);
#8690=ADVANCED_FACE('',(#7876),#8260,.T.);
#8691=ADVANCED_FACE('',(#7877),#8261,.T.);
#8692=ADVANCED_FACE('',(#7878),#8262,.T.);
#8693=ADVANCED_FACE('',(#7879),#8263,.T.);
#8694=ADVANCED_FACE('',(#7880),#8264,.T.);
#8695=ADVANCED_FACE('',(#7881),#8265,.T.);
#8696=ADVANCED_FACE('',(#7882),#8266,.T.);
#8697=ADVANCED_FACE('',(#7883),#8267,.T.);
#8698=ADVANCED_FACE('',(#7884),#8268,.T.);
#8699=ADVANCED_FACE('',(#7885),#8269,.T.);
#8700=ADVANCED_FACE('',(#7886),#8270,.T.);
#8701=ADVANCED_FACE('',(#7887),#8271,.T.);
#8702=ADVANCED_FACE('',(#7888),#8272,.T.);
#8703=ADVANCED_FACE('',(#7889),#8273,.T.);
#8704=ADVANCED_FACE('',(#7890),#8274,.T.);
#8705=ADVANCED_FACE('',(#7891),#8275,.T.);
#8706=ADVANCED_FACE('',(#7892),#8276,.T.);
#8707=ADVANCED_FACE('',(#7893),#8277,.T.);
#8708=ADVANCED_FACE('',(#7894),#8278,.T.);
#8709=ADVANCED_FACE('',(#7895),#8279,.T.);
#8710=ADVANCED_FACE('',(#7896),#8280,.T.);
#8711=ADVANCED_FACE('',(#7897),#8281,.T.);
#8712=ADVANCED_FACE('',(#7898),#8282,.T.);
#8713=ADVANCED_FACE('',(#7899),#8283,.T.);
#8714=ADVANCED_FACE('',(#7900),#8284,.T.);
#8715=ADVANCED_FACE('',(#7901),#8285,.T.);
#8716=ADVANCED_FACE('',(#7902),#8286,.T.);
#8717=ADVANCED_FACE('',(#7903),#8287,.T.);
#8718=ADVANCED_FACE('',(#7904),#8288,.T.);
#8719=ADVANCED_FACE('',(#7905),#8289,.T.);
#8720=ADVANCED_FACE('',(#7906),#8290,.T.);
#8721=ADVANCED_FACE('',(#7907),#8291,.T.);
#8722=ADVANCED_FACE('',(#7908),#8292,.T.);
#8723=ADVANCED_FACE('',(#7909),#8293,.T.);
#8724=ADVANCED_FACE('',(#7910),#8294,.F.);
#8725=ADVANCED_FACE('',(#7911),#8295,.F.);
#8726=ADVANCED_FACE('',(#7912),#8296,.F.);
#8727=ADVANCED_FACE('',(#7913,#7914),#72,.T.);
#8728=ADVANCED_FACE('',(#7915),#8297,.T.);
#8729=ADVANCED_FACE('',(#7916,#7917),#73,.T.);
#8730=ADVANCED_FACE('',(#7918),#8298,.T.);
#8731=ADVANCED_FACE('',(#7919,#7920),#74,.T.);
#8732=ADVANCED_FACE('',(#7921),#8299,.T.);
#8733=ADVANCED_FACE('',(#7922,#7923),#75,.T.);
#8734=ADVANCED_FACE('',(#7924),#8300,.T.);
#8735=ADVANCED_FACE('',(#7925,#7926),#76,.T.);
#8736=ADVANCED_FACE('',(#7927),#8301,.T.);
#8737=ADVANCED_FACE('',(#7928,#7929),#77,.T.);
#8738=ADVANCED_FACE('',(#7930),#8302,.T.);
#8739=ADVANCED_FACE('',(#7931),#8303,.F.);
#8740=ADVANCED_FACE('',(#7932),#8304,.F.);
#8741=ADVANCED_FACE('',(#7933),#8305,.T.);
#8742=ADVANCED_FACE('',(#7934),#78,.T.);
#8743=ADVANCED_FACE('',(#7935),#79,.T.);
#8744=CLOSED_SHELL('',(#8306,#8307,#8308,#8309,#8310,#8311,#8312,#8313,
#8314,#8315,#8316,#8317,#8318,#8319,#8320,#8321,#8322,#8323,#8324,#8325,
#8326,#8327,#8328,#8329,#8330,#8331,#8332,#8333,#8334,#8335,#8336,#8337,
#8338,#8339,#8340,#8341,#8342,#8343,#8344,#8345,#8346,#8347,#8348,#8349,
#8350,#8351,#8352,#8353,#8354,#8355,#8356,#8357,#8358,#8359,#8360,#8361,
#8362,#8363,#8364,#8365,#8366,#8367,#8368,#8369,#8370,#8371,#8372,#8373,
#8374,#8375,#8376,#8377,#8378,#8379,#8380,#8381,#8382,#8383,#8384,#8385,
#8386,#8387,#8388,#8389,#8390,#8391,#8392,#8393,#8394,#8395,#8396,#8397,
#8398,#8399,#8400,#8401,#8402,#8403,#8404,#8405,#8406,#8407,#8408,#8409,
#8410,#8411,#8412,#8413,#8414,#8415,#8416,#8417,#8418,#8419,#8420,#8421,
#8422,#8423,#8424,#8425,#8426,#8427,#8428,#8429,#8430,#8431,#8432,#8433,
#8434,#8435,#8436,#8437,#8438,#8439,#8440,#8441,#8442,#8443,#8444,#8445,
#8446,#8447,#8448,#8449,#8450,#8451,#8452,#8453,#8454,#8455,#8456,#8457,
#8458,#8459,#8460,#8461,#8462,#8463,#8464,#8465,#8466,#8467,#8468,#8469,
#8470,#8471,#8472,#8473,#8474,#8475,#8476,#8477,#8478,#8479,#8480,#8481,
#8482,#8483,#8484,#8485,#8486,#8487,#8488,#8489,#8490,#8491,#8492,#8493,
#8494,#8495,#8496,#8497,#8498,#8499,#8500,#8501,#8502,#8503,#8504,#8505,
#8506,#8507,#8508,#8509,#8510,#8511,#8512,#8513,#8514,#8515,#8516,#8517,
#8518,#8519,#8520,#8521,#8522,#8523,#8524,#8525,#8526,#8527,#8528,#8529,
#8530,#8531,#8532,#8533,#8534,#8535,#8536,#8537,#8538,#8539,#8540,#8541,
#8542,#8543,#8544,#8545,#8546,#8547,#8548,#8549,#8550,#8551,#8552,#8553,
#8554,#8555,#8556,#8557,#8558,#8559,#8560,#8561,#8562,#8563,#8564,#8565,
#8566,#8567,#8568,#8569,#8570,#8571,#8572,#8573,#8574,#8575,#8576,#8577,
#8578,#8579,#8580,#8581,#8582,#8583,#8584,#8585,#8586,#8587,#8588,#8589,
#8590,#8591,#8592,#8593,#8594,#8595,#8596,#8597,#8598,#8599,#8600,#8601,
#8602,#8603,#8604,#8605,#8606,#8607,#8608,#8609,#8610,#8611,#8612,#8613,
#8614,#8615,#8616,#8617,#8618,#8619,#8620,#8621,#8622,#8623,#8624,#8625,
#8626,#8627,#8628,#8629,#8630,#8631,#8632,#8633,#8634,#8635,#8636,#8637,
#8638,#8639,#8640,#8641,#8642,#8643,#8644,#8645,#8646,#8647,#8648,#8649,
#8650,#8651,#8652,#8653,#8654,#8655,#8656,#8657,#8658,#8659,#8660,#8661,
#8662,#8663,#8664,#8665,#8666,#8667,#8668,#8669,#8670,#8671,#8672,#8673,
#8674,#8675,#8676,#8677,#8678,#8679,#8680,#8681,#8682,#8683,#8684,#8685,
#8686,#8687,#8688,#8689,#8690,#8691,#8692,#8693,#8694,#8695,#8696,#8697,
#8698,#8699,#8700,#8701,#8702,#8703,#8704,#8705,#8706,#8707,#8708,#8709,
#8710,#8711,#8712,#8713,#8714,#8715,#8716,#8717,#8718,#8719,#8720,#8721,
#8722,#8723,#8724,#8725,#8726,#8727,#8728,#8729,#8730,#8731,#8732,#8733,
#8734,#8735,#8736,#8737,#8738,#8739,#8740,#8741,#8742,#8743));
#8745=STYLED_ITEM('',(#8746),#8753);
#8746=PRESENTATION_STYLE_ASSIGNMENT((#8747));
#8747=SURFACE_STYLE_USAGE(.BOTH.,#8748);
#8748=SURFACE_SIDE_STYLE('',(#8749));
#8749=SURFACE_STYLE_FILL_AREA(#8750);
#8750=FILL_AREA_STYLE('',(#8751));
#8751=FILL_AREA_STYLE_COLOUR('',#8752);
#8752=COLOUR_RGB('',0.882352941176471,0.572549019607843,0.47843137254902);
#8753=MANIFOLD_SOLID_BREP('Part 1',#8744);
#8754=SHAPE_DEFINITION_REPRESENTATION(#14073,#8755);
#8755=SHAPE_REPRESENTATION('Part 1',(#8756),#14068);
#8756=AXIS2_PLACEMENT_3D('',#11611,#9362,#9363);
#8757=AXIS2_PLACEMENT_3D('',#11612,#9364,#9365);
#8758=AXIS2_PLACEMENT_3D('',#11620,#9369,#9370);
#8759=AXIS2_PLACEMENT_3D('',#11624,#9372,#9373);
#8760=AXIS2_PLACEMENT_3D('',#11628,#9375,#9376);
#8761=AXIS2_PLACEMENT_3D('',#11632,#9378,#9379);
#8762=AXIS2_PLACEMENT_3D('',#11645,#9386,#9387);
#8763=AXIS2_PLACEMENT_3D('',#11649,#9389,#9390);
#8764=AXIS2_PLACEMENT_3D('',#11665,#9399,#9400);
#8765=AXIS2_PLACEMENT_3D('',#11670,#9403,#9404);
#8766=AXIS2_PLACEMENT_3D('',#12062,#9600,#9601);
#8767=AXIS2_PLACEMENT_3D('',#12066,#9603,#9604);
#8768=AXIS2_PLACEMENT_3D('',#12070,#9606,#9607);
#8769=AXIS2_PLACEMENT_3D('',#12074,#9609,#9610);
#8770=AXIS2_PLACEMENT_3D('',#12193,#9670,#9671);
#8771=AXIS2_PLACEMENT_3D('',#12194,#9672,#9673);
#8772=AXIS2_PLACEMENT_3D('',#12196,#9674,#9675);
#8773=AXIS2_PLACEMENT_3D('',#12198,#9676,#9677);
#8774=AXIS2_PLACEMENT_3D('',#12200,#9678,#9679);
#8775=AXIS2_PLACEMENT_3D('',#12202,#9680,#9681);
#8776=AXIS2_PLACEMENT_3D('',#12204,#9682,#9683);
#8777=AXIS2_PLACEMENT_3D('',#12206,#9684,#9685);
#8778=AXIS2_PLACEMENT_3D('',#12208,#9686,#9687);
#8779=AXIS2_PLACEMENT_3D('',#12210,#9688,#9689);
#8780=AXIS2_PLACEMENT_3D('',#12212,#9690,#9691);
#8781=AXIS2_PLACEMENT_3D('',#12214,#9692,#9693);
#8782=AXIS2_PLACEMENT_3D('',#12216,#9694,#9695);
#8783=AXIS2_PLACEMENT_3D('',#12221,#9697,#9698);
#8784=AXIS2_PLACEMENT_3D('',#12225,#9700,#9701);
#8785=AXIS2_PLACEMENT_3D('',#12229,#9703,#9704);
#8786=AXIS2_PLACEMENT_3D('',#12233,#9706,#9707);
#8787=AXIS2_PLACEMENT_3D('',#12234,#9708,#9709);
#8788=AXIS2_PLACEMENT_3D('',#12237,#9711,#9712);
#8789=AXIS2_PLACEMENT_3D('',#12243,#9715,#9716);
#8790=AXIS2_PLACEMENT_3D('',#12247,#9718,#9719);
#8791=AXIS2_PLACEMENT_3D('',#12251,#9721,#9722);
#8792=AXIS2_PLACEMENT_3D('',#12255,#9724,#9725);
#8793=AXIS2_PLACEMENT_3D('',#12259,#9727,#9728);
#8794=AXIS2_PLACEMENT_3D('',#12263,#9730,#9731);
#8795=AXIS2_PLACEMENT_3D('',#12267,#9733,#9734);
#8796=AXIS2_PLACEMENT_3D('',#12271,#9736,#9737);
#8797=AXIS2_PLACEMENT_3D('',#12275,#9739,#9740);
#8798=AXIS2_PLACEMENT_3D('',#12279,#9742,#9743);
#8799=AXIS2_PLACEMENT_3D('',#12280,#9744,#9745);
#8800=AXIS2_PLACEMENT_3D('',#12287,#9750,#9751);
#8801=AXIS2_PLACEMENT_3D('',#12288,#9752,#9753);
#8802=AXIS2_PLACEMENT_3D('',#12290,#9754,#9755);
#8803=AXIS2_PLACEMENT_3D('',#12292,#9756,#9757);
#8804=AXIS2_PLACEMENT_3D('',#12294,#9758,#9759);
#8805=AXIS2_PLACEMENT_3D('',#12296,#9760,#9761);
#8806=AXIS2_PLACEMENT_3D('',#12298,#9762,#9763);
#8807=AXIS2_PLACEMENT_3D('',#12300,#9764,#9765);
#8808=AXIS2_PLACEMENT_3D('',#12302,#9766,#9767);
#8809=AXIS2_PLACEMENT_3D('',#12304,#9768,#9769);
#8810=AXIS2_PLACEMENT_3D('',#12306,#9770,#9771);
#8811=AXIS2_PLACEMENT_3D('',#12308,#9772,#9773);
#8812=AXIS2_PLACEMENT_3D('',#12310,#9774,#9775);
#8813=AXIS2_PLACEMENT_3D('',#12312,#9776,#9777);
#8814=AXIS2_PLACEMENT_3D('',#12317,#9779,#9780);
#8815=AXIS2_PLACEMENT_3D('',#12321,#9782,#9783);
#8816=AXIS2_PLACEMENT_3D('',#12325,#9785,#9786);
#8817=AXIS2_PLACEMENT_3D('',#12329,#9788,#9789);
#8818=AXIS2_PLACEMENT_3D('',#12330,#9790,#9791);
#8819=AXIS2_PLACEMENT_3D('',#12333,#9793,#9794);
#8820=AXIS2_PLACEMENT_3D('',#12337,#9796,#9797);
#8821=AXIS2_PLACEMENT_3D('',#12341,#9799,#9800);
#8822=AXIS2_PLACEMENT_3D('',#12345,#9802,#9803);
#8823=AXIS2_PLACEMENT_3D('',#12349,#9805,#9806);
#8824=AXIS2_PLACEMENT_3D('',#12353,#9808,#9809);
#8825=AXIS2_PLACEMENT_3D('',#12357,#9811,#9812);
#8826=AXIS2_PLACEMENT_3D('',#12361,#9814,#9815);
#8827=AXIS2_PLACEMENT_3D('',#12365,#9817,#9818);
#8828=AXIS2_PLACEMENT_3D('',#12369,#9820,#9821);
#8829=AXIS2_PLACEMENT_3D('',#12370,#9822,#9823);
#8830=AXIS2_PLACEMENT_3D('',#12371,#9824,#9825);
#8831=AXIS2_PLACEMENT_3D('',#12379,#9829,#9830);
#8832=AXIS2_PLACEMENT_3D('',#12382,#9833,#9834);
#8833=AXIS2_PLACEMENT_3D('',#12383,#9835,#9836);
#8834=AXIS2_PLACEMENT_3D('',#12385,#9837,#9838);
#8835=AXIS2_PLACEMENT_3D('',#12387,#9839,#9840);
#8836=AXIS2_PLACEMENT_3D('',#12389,#9841,#9842);
#8837=AXIS2_PLACEMENT_3D('',#12391,#9843,#9844);
#8838=AXIS2_PLACEMENT_3D('',#12393,#9845,#9846);
#8839=AXIS2_PLACEMENT_3D('',#12395,#9847,#9848);
#8840=AXIS2_PLACEMENT_3D('',#12397,#9849,#9850);
#8841=AXIS2_PLACEMENT_3D('',#12399,#9851,#9852);
#8842=AXIS2_PLACEMENT_3D('',#12401,#9853,#9854);
#8843=AXIS2_PLACEMENT_3D('',#12403,#9855,#9856);
#8844=AXIS2_PLACEMENT_3D('',#12405,#9857,#9858);
#8845=AXIS2_PLACEMENT_3D('',#12407,#9859,#9860);
#8846=AXIS2_PLACEMENT_3D('',#12409,#9861,#9862);
#8847=AXIS2_PLACEMENT_3D('',#12411,#9863,#9864);
#8848=AXIS2_PLACEMENT_3D('',#12413,#9865,#9866);
#8849=AXIS2_PLACEMENT_3D('',#12415,#9867,#9868);
#8850=AXIS2_PLACEMENT_3D('',#12417,#9869,#9870);
#8851=AXIS2_PLACEMENT_3D('',#12419,#9871,#9872);
#8852=AXIS2_PLACEMENT_3D('',#12421,#9873,#9874);
#8853=AXIS2_PLACEMENT_3D('',#12423,#9875,#9876);
#8854=AXIS2_PLACEMENT_3D('',#12425,#9877,#9878);
#8855=AXIS2_PLACEMENT_3D('',#12427,#9879,#9880);
#8856=AXIS2_PLACEMENT_3D('',#12429,#9881,#9882);
#8857=AXIS2_PLACEMENT_3D('',#12431,#9883,#9884);
#8858=AXIS2_PLACEMENT_3D('',#12433,#9885,#9886);
#8859=AXIS2_PLACEMENT_3D('',#12435,#9887,#9888);
#8860=AXIS2_PLACEMENT_3D('',#12437,#9889,#9890);
#8861=AXIS2_PLACEMENT_3D('',#12441,#9893,#9894);
#8862=AXIS2_PLACEMENT_3D('',#12444,#9897,#9898);
#8863=AXIS2_PLACEMENT_3D('',#12445,#9899,#9900);
#8864=AXIS2_PLACEMENT_3D('',#12447,#9901,#9902);
#8865=AXIS2_PLACEMENT_3D('',#12449,#9903,#9904);
#8866=AXIS2_PLACEMENT_3D('',#12451,#9905,#9906);
#8867=AXIS2_PLACEMENT_3D('',#12453,#9907,#9908);
#8868=AXIS2_PLACEMENT_3D('',#12455,#9909,#9910);
#8869=AXIS2_PLACEMENT_3D('',#12457,#9911,#9912);
#8870=AXIS2_PLACEMENT_3D('',#12459,#9913,#9914);
#8871=AXIS2_PLACEMENT_3D('',#12461,#9915,#9916);
#8872=AXIS2_PLACEMENT_3D('',#12463,#9917,#9918);
#8873=AXIS2_PLACEMENT_3D('',#12465,#9919,#9920);
#8874=AXIS2_PLACEMENT_3D('',#12467,#9921,#9922);
#8875=AXIS2_PLACEMENT_3D('',#12469,#9923,#9924);
#8876=AXIS2_PLACEMENT_3D('',#12471,#9925,#9926);
#8877=AXIS2_PLACEMENT_3D('',#12473,#9927,#9928);
#8878=AXIS2_PLACEMENT_3D('',#12475,#9929,#9930);
#8879=AXIS2_PLACEMENT_3D('',#12477,#9931,#9932);
#8880=AXIS2_PLACEMENT_3D('',#12479,#9933,#9934);
#8881=AXIS2_PLACEMENT_3D('',#12481,#9935,#9936);
#8882=AXIS2_PLACEMENT_3D('',#12483,#9937,#9938);
#8883=AXIS2_PLACEMENT_3D('',#12485,#9939,#9940);
#8884=AXIS2_PLACEMENT_3D('',#12487,#9941,#9942);
#8885=AXIS2_PLACEMENT_3D('',#12489,#9943,#9944);
#8886=AXIS2_PLACEMENT_3D('',#12491,#9945,#9946);
#8887=AXIS2_PLACEMENT_3D('',#12493,#9947,#9948);
#8888=AXIS2_PLACEMENT_3D('',#12495,#9949,#9950);
#8889=AXIS2_PLACEMENT_3D('',#12497,#9951,#9952);
#8890=AXIS2_PLACEMENT_3D('',#12499,#9953,#9954);
#8891=AXIS2_PLACEMENT_3D('',#12503,#9957,#9958);
#8892=AXIS2_PLACEMENT_3D('',#12504,#9959,#9960);
#8893=AXIS2_PLACEMENT_3D('',#12506,#9961,#9962);
#8894=AXIS2_PLACEMENT_3D('',#12508,#9963,#9964);
#8895=AXIS2_PLACEMENT_3D('',#12510,#9965,#9966);
#8896=AXIS2_PLACEMENT_3D('',#12512,#9967,#9968);
#8897=AXIS2_PLACEMENT_3D('',#12514,#9969,#9970);
#8898=AXIS2_PLACEMENT_3D('',#12544,#9999,#10000);
#8899=AXIS2_PLACEMENT_3D('',#12545,#10001,#10002);
#8900=AXIS2_PLACEMENT_3D('',#12546,#10003,#10004);
#8901=AXIS2_PLACEMENT_3D('',#12547,#10005,#10006);
#8902=AXIS2_PLACEMENT_3D('',#12548,#10007,#10008);
#8903=AXIS2_PLACEMENT_3D('',#12549,#10009,#10010);
#8904=AXIS2_PLACEMENT_3D('',#12550,#10011,#10012);
#8905=AXIS2_PLACEMENT_3D('',#12551,#10013,#10014);
#8906=AXIS2_PLACEMENT_3D('',#12552,#10015,#10016);
#8907=AXIS2_PLACEMENT_3D('',#12553,#10017,#10018);
#8908=AXIS2_PLACEMENT_3D('',#12554,#10019,#10020);
#8909=AXIS2_PLACEMENT_3D('',#12555,#10021,#10022);
#8910=AXIS2_PLACEMENT_3D('',#12556,#10023,#10024);
#8911=AXIS2_PLACEMENT_3D('',#12557,#10025,#10026);
#8912=AXIS2_PLACEMENT_3D('',#12558,#10027,#10028);
#8913=AXIS2_PLACEMENT_3D('',#12559,#10029,#10030);
#8914=AXIS2_PLACEMENT_3D('',#12560,#10031,#10032);
#8915=AXIS2_PLACEMENT_3D('',#12561,#10033,#10034);
#8916=AXIS2_PLACEMENT_3D('',#12562,#10035,#10036);
#8917=AXIS2_PLACEMENT_3D('',#12563,#10037,#10038);
#8918=AXIS2_PLACEMENT_3D('',#12564,#10039,#10040);
#8919=AXIS2_PLACEMENT_3D('',#12565,#10041,#10042);
#8920=AXIS2_PLACEMENT_3D('',#12566,#10043,#10044);
#8921=AXIS2_PLACEMENT_3D('',#12567,#10045,#10046);
#8922=AXIS2_PLACEMENT_3D('',#12568,#10047,#10048);
#8923=AXIS2_PLACEMENT_3D('',#12569,#10049,#10050);
#8924=AXIS2_PLACEMENT_3D('',#12570,#10051,#10052);
#8925=AXIS2_PLACEMENT_3D('',#12571,#10053,#10054);
#8926=AXIS2_PLACEMENT_3D('',#12572,#10055,#10056);
#8927=AXIS2_PLACEMENT_3D('',#12573,#10057,#10058);
#8928=AXIS2_PLACEMENT_3D('',#12574,#10059,#10060);
#8929=AXIS2_PLACEMENT_3D('',#12575,#10061,#10062);
#8930=AXIS2_PLACEMENT_3D('',#12576,#10063,#10064);
#8931=AXIS2_PLACEMENT_3D('',#12577,#10065,#10066);
#8932=AXIS2_PLACEMENT_3D('',#12578,#10067,#10068);
#8933=AXIS2_PLACEMENT_3D('',#12579,#10069,#10070);
#8934=AXIS2_PLACEMENT_3D('',#12580,#10071,#10072);
#8935=AXIS2_PLACEMENT_3D('',#12581,#10073,#10074);
#8936=AXIS2_PLACEMENT_3D('',#12582,#10075,#10076);
#8937=AXIS2_PLACEMENT_3D('',#12583,#10077,#10078);
#8938=AXIS2_PLACEMENT_3D('',#12584,#10079,#10080);
#8939=AXIS2_PLACEMENT_3D('',#12585,#10081,#10082);
#8940=AXIS2_PLACEMENT_3D('',#12586,#10083,#10084);
#8941=AXIS2_PLACEMENT_3D('',#12587,#10085,#10086);
#8942=AXIS2_PLACEMENT_3D('',#12588,#10087,#10088);
#8943=AXIS2_PLACEMENT_3D('',#12589,#10089,#10090);
#8944=AXIS2_PLACEMENT_3D('',#12590,#10091,#10092);
#8945=AXIS2_PLACEMENT_3D('',#12591,#10093,#10094);
#8946=AXIS2_PLACEMENT_3D('',#12592,#10095,#10096);
#8947=AXIS2_PLACEMENT_3D('',#12593,#10097,#10098);
#8948=AXIS2_PLACEMENT_3D('',#12594,#10099,#10100);
#8949=AXIS2_PLACEMENT_3D('',#12595,#10101,#10102);
#8950=AXIS2_PLACEMENT_3D('',#12596,#10103,#10104);
#8951=AXIS2_PLACEMENT_3D('',#12597,#10105,#10106);
#8952=AXIS2_PLACEMENT_3D('',#12598,#10107,#10108);
#8953=AXIS2_PLACEMENT_3D('',#12599,#10109,#10110);
#8954=AXIS2_PLACEMENT_3D('',#12600,#10111,#10112);
#8955=AXIS2_PLACEMENT_3D('',#12601,#10113,#10114);
#8956=AXIS2_PLACEMENT_3D('',#12602,#10115,#10116);
#8957=AXIS2_PLACEMENT_3D('',#12603,#10117,#10118);
#8958=AXIS2_PLACEMENT_3D('',#12604,#10119,#10120);
#8959=AXIS2_PLACEMENT_3D('',#12605,#10121,#10122);
#8960=AXIS2_PLACEMENT_3D('',#12606,#10123,#10124);
#8961=AXIS2_PLACEMENT_3D('',#12607,#10125,#10126);
#8962=AXIS2_PLACEMENT_3D('',#12608,#10127,#10128);
#8963=AXIS2_PLACEMENT_3D('',#12609,#10129,#10130);
#8964=AXIS2_PLACEMENT_3D('',#12610,#10131,#10132);
#8965=AXIS2_PLACEMENT_3D('',#12611,#10133,#10134);
#8966=AXIS2_PLACEMENT_3D('',#12612,#10135,#10136);
#8967=AXIS2_PLACEMENT_3D('',#12613,#10137,#10138);
#8968=AXIS2_PLACEMENT_3D('',#12614,#10139,#10140);
#8969=AXIS2_PLACEMENT_3D('',#12615,#10141,#10142);
#8970=AXIS2_PLACEMENT_3D('',#12616,#10143,#10144);
#8971=AXIS2_PLACEMENT_3D('',#12617,#10145,#10146);
#8972=AXIS2_PLACEMENT_3D('',#12618,#10147,#10148);
#8973=AXIS2_PLACEMENT_3D('',#12619,#10149,#10150);
#8974=AXIS2_PLACEMENT_3D('',#12620,#10151,#10152);
#8975=AXIS2_PLACEMENT_3D('',#12621,#10153,#10154);
#8976=AXIS2_PLACEMENT_3D('',#12622,#10155,#10156);
#8977=AXIS2_PLACEMENT_3D('',#12623,#10157,#10158);
#8978=AXIS2_PLACEMENT_3D('',#12624,#10159,#10160);
#8979=AXIS2_PLACEMENT_3D('',#12625,#10161,#10162);
#8980=AXIS2_PLACEMENT_3D('',#12626,#10163,#10164);
#8981=AXIS2_PLACEMENT_3D('',#12627,#10165,#10166);
#8982=AXIS2_PLACEMENT_3D('',#12628,#10167,#10168);
#8983=AXIS2_PLACEMENT_3D('',#12629,#10169,#10170);
#8984=AXIS2_PLACEMENT_3D('',#12630,#10171,#10172);
#8985=AXIS2_PLACEMENT_3D('',#12631,#10173,#10174);
#8986=AXIS2_PLACEMENT_3D('',#12632,#10175,#10176);
#8987=AXIS2_PLACEMENT_3D('',#12633,#10177,#10178);
#8988=AXIS2_PLACEMENT_3D('',#12634,#10179,#10180);
#8989=AXIS2_PLACEMENT_3D('',#12635,#10181,#10182);
#8990=AXIS2_PLACEMENT_3D('',#12636,#10183,#10184);
#8991=AXIS2_PLACEMENT_3D('',#12637,#10185,#10186);
#8992=AXIS2_PLACEMENT_3D('',#12638,#10187,#10188);
#8993=AXIS2_PLACEMENT_3D('',#12639,#10189,#10190);
#8994=AXIS2_PLACEMENT_3D('',#12640,#10191,#10192);
#8995=AXIS2_PLACEMENT_3D('',#12641,#10193,#10194);
#8996=AXIS2_PLACEMENT_3D('',#12642,#10195,#10196);
#8997=AXIS2_PLACEMENT_3D('',#12643,#10197,#10198);
#8998=AXIS2_PLACEMENT_3D('',#12644,#10199,#10200);
#8999=AXIS2_PLACEMENT_3D('',#12645,#10201,#10202);
#9000=AXIS2_PLACEMENT_3D('',#12646,#10203,#10204);
#9001=AXIS2_PLACEMENT_3D('',#12647,#10205,#10206);
#9002=AXIS2_PLACEMENT_3D('',#12648,#10207,#10208);
#9003=AXIS2_PLACEMENT_3D('',#12649,#10209,#10210);
#9004=AXIS2_PLACEMENT_3D('',#12650,#10211,#10212);
#9005=AXIS2_PLACEMENT_3D('',#12651,#10213,#10214);
#9006=AXIS2_PLACEMENT_3D('',#12652,#10215,#10216);
#9007=AXIS2_PLACEMENT_3D('',#12653,#10217,#10218);
#9008=AXIS2_PLACEMENT_3D('',#12654,#10219,#10220);
#9009=AXIS2_PLACEMENT_3D('',#12655,#10221,#10222);
#9010=AXIS2_PLACEMENT_3D('',#12656,#10223,#10224);
#9011=AXIS2_PLACEMENT_3D('',#12657,#10225,#10226);
#9012=AXIS2_PLACEMENT_3D('',#12658,#10227,#10228);
#9013=AXIS2_PLACEMENT_3D('',#12659,#10229,#10230);
#9014=AXIS2_PLACEMENT_3D('',#12660,#10231,#10232);
#9015=AXIS2_PLACEMENT_3D('',#12661,#10233,#10234);
#9016=AXIS2_PLACEMENT_3D('',#12662,#10235,#10236);
#9017=AXIS2_PLACEMENT_3D('',#12663,#10237,#10238);
#9018=AXIS2_PLACEMENT_3D('',#12664,#10239,#10240);
#9019=AXIS2_PLACEMENT_3D('',#12665,#10241,#10242);
#9020=AXIS2_PLACEMENT_3D('',#12666,#10243,#10244);
#9021=AXIS2_PLACEMENT_3D('',#12672,#10248,#10249);
#9022=AXIS2_PLACEMENT_3D('',#12676,#10252,#10253);
#9023=AXIS2_PLACEMENT_3D('',#12680,#10256,#10257);
#9024=AXIS2_PLACEMENT_3D('',#12682,#10259,#10260);
#9025=AXIS2_PLACEMENT_3D('',#12683,#10261,#10262);
#9026=AXIS2_PLACEMENT_3D('',#12689,#10266,#10267);
#9027=AXIS2_PLACEMENT_3D('',#12693,#10270,#10271);
#9028=AXIS2_PLACEMENT_3D('',#12697,#10274,#10275);
#9029=AXIS2_PLACEMENT_3D('',#12699,#10277,#10278);
#9030=AXIS2_PLACEMENT_3D('',#12700,#10279,#10280);
#9031=AXIS2_PLACEMENT_3D('',#12709,#10285,#10286);
#9032=AXIS2_PLACEMENT_3D('',#12715,#10290,#10291);
#9033=AXIS2_PLACEMENT_3D('',#12721,#10295,#10296);
#9034=AXIS2_PLACEMENT_3D('',#12727,#10300,#10301);
#9035=AXIS2_PLACEMENT_3D('',#12733,#10305,#10306);
#9036=AXIS2_PLACEMENT_3D('',#12739,#10310,#10311);
#9037=AXIS2_PLACEMENT_3D('',#12745,#10315,#10316);
#9038=AXIS2_PLACEMENT_3D('',#12751,#10320,#10321);
#9039=AXIS2_PLACEMENT_3D('',#12757,#10325,#10326);
#9040=AXIS2_PLACEMENT_3D('',#12763,#10330,#10331);
#9041=AXIS2_PLACEMENT_3D('',#12769,#10335,#10336);
#9042=AXIS2_PLACEMENT_3D('',#12775,#10340,#10341);
#9043=AXIS2_PLACEMENT_3D('',#12781,#10345,#10346);
#9044=AXIS2_PLACEMENT_3D('',#12787,#10350,#10351);
#9045=AXIS2_PLACEMENT_3D('',#12793,#10355,#10356);
#9046=AXIS2_PLACEMENT_3D('',#12799,#10360,#10361);
#9047=AXIS2_PLACEMENT_3D('',#12805,#10365,#10366);
#9048=AXIS2_PLACEMENT_3D('',#12811,#10370,#10371);
#9049=AXIS2_PLACEMENT_3D('',#12817,#10375,#10376);
#9050=AXIS2_PLACEMENT_3D('',#12823,#10380,#10381);
#9051=AXIS2_PLACEMENT_3D('',#12829,#10385,#10386);
#9052=AXIS2_PLACEMENT_3D('',#12835,#10390,#10391);
#9053=AXIS2_PLACEMENT_3D('',#12841,#10395,#10396);
#9054=AXIS2_PLACEMENT_3D('',#12847,#10400,#10401);
#9055=AXIS2_PLACEMENT_3D('',#12853,#10405,#10406);
#9056=AXIS2_PLACEMENT_3D('',#12859,#10410,#10411);
#9057=AXIS2_PLACEMENT_3D('',#12865,#10415,#10416);
#9058=AXIS2_PLACEMENT_3D('',#12871,#10420,#10421);
#9059=AXIS2_PLACEMENT_3D('',#12877,#10425,#10426);
#9060=AXIS2_PLACEMENT_3D('',#12881,#10429,#10430);
#9061=AXIS2_PLACEMENT_3D('',#12885,#10433,#10434);
#9062=AXIS2_PLACEMENT_3D('',#12889,#10437,#10438);
#9063=AXIS2_PLACEMENT_3D('',#12893,#10441,#10442);
#9064=AXIS2_PLACEMENT_3D('',#12897,#10445,#10446);
#9065=AXIS2_PLACEMENT_3D('',#12901,#10449,#10450);
#9066=AXIS2_PLACEMENT_3D('',#12905,#10453,#10454);
#9067=AXIS2_PLACEMENT_3D('',#12909,#10457,#10458);
#9068=AXIS2_PLACEMENT_3D('',#12913,#10461,#10462);
#9069=AXIS2_PLACEMENT_3D('',#12917,#10465,#10466);
#9070=AXIS2_PLACEMENT_3D('',#12921,#10469,#10470);
#9071=AXIS2_PLACEMENT_3D('',#12925,#10473,#10474);
#9072=AXIS2_PLACEMENT_3D('',#12929,#10477,#10478);
#9073=AXIS2_PLACEMENT_3D('',#12933,#10481,#10482);
#9074=AXIS2_PLACEMENT_3D('',#12937,#10485,#10486);
#9075=AXIS2_PLACEMENT_3D('',#12941,#10489,#10490);
#9076=AXIS2_PLACEMENT_3D('',#12945,#10493,#10494);
#9077=AXIS2_PLACEMENT_3D('',#12949,#10497,#10498);
#9078=AXIS2_PLACEMENT_3D('',#12953,#10501,#10502);
#9079=AXIS2_PLACEMENT_3D('',#12957,#10505,#10506);
#9080=AXIS2_PLACEMENT_3D('',#12961,#10509,#10510);
#9081=AXIS2_PLACEMENT_3D('',#12965,#10513,#10514);
#9082=AXIS2_PLACEMENT_3D('',#12969,#10517,#10518);
#9083=AXIS2_PLACEMENT_3D('',#12973,#10521,#10522);
#9084=AXIS2_PLACEMENT_3D('',#12977,#10525,#10526);
#9085=AXIS2_PLACEMENT_3D('',#12981,#10529,#10530);
#9086=AXIS2_PLACEMENT_3D('',#12985,#10533,#10534);
#9087=AXIS2_PLACEMENT_3D('',#12989,#10537,#10538);
#9088=AXIS2_PLACEMENT_3D('',#12993,#10541,#10542);
#9089=AXIS2_PLACEMENT_3D('',#12997,#10545,#10546);
#9090=AXIS2_PLACEMENT_3D('',#13001,#10549,#10550);
#9091=AXIS2_PLACEMENT_3D('',#13005,#10553,#10554);
#9092=AXIS2_PLACEMENT_3D('',#13009,#10557,#10558);
#9093=AXIS2_PLACEMENT_3D('',#13013,#10561,#10562);
#9094=AXIS2_PLACEMENT_3D('',#13017,#10565,#10566);
#9095=AXIS2_PLACEMENT_3D('',#13021,#10569,#10570);
#9096=AXIS2_PLACEMENT_3D('',#13025,#10573,#10574);
#9097=AXIS2_PLACEMENT_3D('',#13029,#10577,#10578);
#9098=AXIS2_PLACEMENT_3D('',#13033,#10581,#10582);
#9099=AXIS2_PLACEMENT_3D('',#13037,#10585,#10586);
#9100=AXIS2_PLACEMENT_3D('',#13041,#10589,#10590);
#9101=AXIS2_PLACEMENT_3D('',#13045,#10593,#10594);
#9102=AXIS2_PLACEMENT_3D('',#13049,#10597,#10598);
#9103=AXIS2_PLACEMENT_3D('',#13053,#10601,#10602);
#9104=AXIS2_PLACEMENT_3D('',#13057,#10605,#10606);
#9105=AXIS2_PLACEMENT_3D('',#13061,#10609,#10610);
#9106=AXIS2_PLACEMENT_3D('',#13065,#10613,#10614);
#9107=AXIS2_PLACEMENT_3D('',#13069,#10617,#10618);
#9108=AXIS2_PLACEMENT_3D('',#13073,#10621,#10622);
#9109=AXIS2_PLACEMENT_3D('',#13077,#10625,#10626);
#9110=AXIS2_PLACEMENT_3D('',#13081,#10629,#10630);
#9111=AXIS2_PLACEMENT_3D('',#13085,#10633,#10634);
#9112=AXIS2_PLACEMENT_3D('',#13089,#10637,#10638);
#9113=AXIS2_PLACEMENT_3D('',#13093,#10641,#10642);
#9114=AXIS2_PLACEMENT_3D('',#13097,#10645,#10646);
#9115=AXIS2_PLACEMENT_3D('',#13101,#10649,#10650);
#9116=AXIS2_PLACEMENT_3D('',#13105,#10653,#10654);
#9117=AXIS2_PLACEMENT_3D('',#13109,#10657,#10658);
#9118=AXIS2_PLACEMENT_3D('',#13113,#10661,#10662);
#9119=AXIS2_PLACEMENT_3D('',#13117,#10665,#10666);
#9120=AXIS2_PLACEMENT_3D('',#13121,#10669,#10670);
#9121=AXIS2_PLACEMENT_3D('',#13125,#10673,#10674);
#9122=AXIS2_PLACEMENT_3D('',#13129,#10677,#10678);
#9123=AXIS2_PLACEMENT_3D('',#13133,#10681,#10682);
#9124=AXIS2_PLACEMENT_3D('',#13137,#10685,#10686);
#9125=AXIS2_PLACEMENT_3D('',#13141,#10689,#10690);
#9126=AXIS2_PLACEMENT_3D('',#13145,#10693,#10694);
#9127=AXIS2_PLACEMENT_3D('',#13149,#10697,#10698);
#9128=AXIS2_PLACEMENT_3D('',#13153,#10701,#10702);
#9129=AXIS2_PLACEMENT_3D('',#13157,#10705,#10706);
#9130=AXIS2_PLACEMENT_3D('',#13161,#10709,#10710);
#9131=AXIS2_PLACEMENT_3D('',#13165,#10713,#10714);
#9132=AXIS2_PLACEMENT_3D('',#13169,#10717,#10718);
#9133=AXIS2_PLACEMENT_3D('',#13173,#10721,#10722);
#9134=AXIS2_PLACEMENT_3D('',#13177,#10725,#10726);
#9135=AXIS2_PLACEMENT_3D('',#13181,#10729,#10730);
#9136=AXIS2_PLACEMENT_3D('',#13185,#10733,#10734);
#9137=AXIS2_PLACEMENT_3D('',#13189,#10737,#10738);
#9138=AXIS2_PLACEMENT_3D('',#13193,#10741,#10742);
#9139=AXIS2_PLACEMENT_3D('',#13197,#10745,#10746);
#9140=AXIS2_PLACEMENT_3D('',#13201,#10749,#10750);
#9141=AXIS2_PLACEMENT_3D('',#13205,#10753,#10754);
#9142=AXIS2_PLACEMENT_3D('',#13209,#10757,#10758);
#9143=AXIS2_PLACEMENT_3D('',#13213,#10761,#10762);
#9144=AXIS2_PLACEMENT_3D('',#13217,#10765,#10766);
#9145=AXIS2_PLACEMENT_3D('',#13221,#10769,#10770);
#9146=AXIS2_PLACEMENT_3D('',#13225,#10773,#10774);
#9147=AXIS2_PLACEMENT_3D('',#13229,#10777,#10778);
#9148=AXIS2_PLACEMENT_3D('',#13233,#10781,#10782);
#9149=AXIS2_PLACEMENT_3D('',#13237,#10785,#10786);
#9150=AXIS2_PLACEMENT_3D('',#13241,#10789,#10790);
#9151=AXIS2_PLACEMENT_3D('',#13245,#10793,#10794);
#9152=AXIS2_PLACEMENT_3D('',#13249,#10797,#10798);
#9153=AXIS2_PLACEMENT_3D('',#13251,#10800,#10801);
#9154=AXIS2_PLACEMENT_3D('',#13254,#10804,#10805);
#9155=AXIS2_PLACEMENT_3D('',#13255,#10806,#10807);
#9156=AXIS2_PLACEMENT_3D('',#13261,#10811,#10812);
#9157=AXIS2_PLACEMENT_3D('',#13265,#10815,#10816);
#9158=AXIS2_PLACEMENT_3D('',#13269,#10819,#10820);
#9159=AXIS2_PLACEMENT_3D('',#13273,#10823,#10824);
#9160=AXIS2_PLACEMENT_3D('',#13277,#10827,#10828);
#9161=AXIS2_PLACEMENT_3D('',#13281,#10831,#10832);
#9162=AXIS2_PLACEMENT_3D('',#13283,#10834,#10835);
#9163=AXIS2_PLACEMENT_3D('',#13284,#10836,#10837);
#9164=AXIS2_PLACEMENT_3D('',#13293,#10842,#10843);
#9165=AXIS2_PLACEMENT_3D('',#13299,#10847,#10848);
#9166=AXIS2_PLACEMENT_3D('',#13305,#10852,#10853);
#9167=AXIS2_PLACEMENT_3D('',#13311,#10857,#10858);
#9168=AXIS2_PLACEMENT_3D('',#13317,#10862,#10863);
#9169=AXIS2_PLACEMENT_3D('',#13323,#10867,#10868);
#9170=AXIS2_PLACEMENT_3D('',#13329,#10872,#10873);
#9171=AXIS2_PLACEMENT_3D('',#13335,#10877,#10878);
#9172=AXIS2_PLACEMENT_3D('',#13341,#10882,#10883);
#9173=AXIS2_PLACEMENT_3D('',#13347,#10887,#10888);
#9174=AXIS2_PLACEMENT_3D('',#13353,#10892,#10893);
#9175=AXIS2_PLACEMENT_3D('',#13359,#10897,#10898);
#9176=AXIS2_PLACEMENT_3D('',#13365,#10902,#10903);
#9177=AXIS2_PLACEMENT_3D('',#13371,#10907,#10908);
#9178=AXIS2_PLACEMENT_3D('',#13377,#10912,#10913);
#9179=AXIS2_PLACEMENT_3D('',#13383,#10917,#10918);
#9180=AXIS2_PLACEMENT_3D('',#13389,#10922,#10923);
#9181=AXIS2_PLACEMENT_3D('',#13395,#10927,#10928);
#9182=AXIS2_PLACEMENT_3D('',#13401,#10932,#10933);
#9183=AXIS2_PLACEMENT_3D('',#13407,#10937,#10938);
#9184=AXIS2_PLACEMENT_3D('',#13413,#10942,#10943);
#9185=AXIS2_PLACEMENT_3D('',#13419,#10947,#10948);
#9186=AXIS2_PLACEMENT_3D('',#13425,#10952,#10953);
#9187=AXIS2_PLACEMENT_3D('',#13431,#10957,#10958);
#9188=AXIS2_PLACEMENT_3D('',#13437,#10962,#10963);
#9189=AXIS2_PLACEMENT_3D('',#13443,#10967,#10968);
#9190=AXIS2_PLACEMENT_3D('',#13449,#10972,#10973);
#9191=AXIS2_PLACEMENT_3D('',#13455,#10977,#10978);
#9192=AXIS2_PLACEMENT_3D('',#13461,#10982,#10983);
#9193=AXIS2_PLACEMENT_3D('',#13465,#10986,#10987);
#9194=AXIS2_PLACEMENT_3D('',#13469,#10990,#10991);
#9195=AXIS2_PLACEMENT_3D('',#13473,#10994,#10995);
#9196=AXIS2_PLACEMENT_3D('',#13477,#10998,#10999);
#9197=AXIS2_PLACEMENT_3D('',#13481,#11002,#11003);
#9198=AXIS2_PLACEMENT_3D('',#13485,#11006,#11007);
#9199=AXIS2_PLACEMENT_3D('',#13489,#11010,#11011);
#9200=AXIS2_PLACEMENT_3D('',#13493,#11014,#11015);
#9201=AXIS2_PLACEMENT_3D('',#13497,#11018,#11019);
#9202=AXIS2_PLACEMENT_3D('',#13501,#11022,#11023);
#9203=AXIS2_PLACEMENT_3D('',#13505,#11026,#11027);
#9204=AXIS2_PLACEMENT_3D('',#13509,#11030,#11031);
#9205=AXIS2_PLACEMENT_3D('',#13513,#11034,#11035);
#9206=AXIS2_PLACEMENT_3D('',#13517,#11038,#11039);
#9207=AXIS2_PLACEMENT_3D('',#13521,#11042,#11043);
#9208=AXIS2_PLACEMENT_3D('',#13525,#11046,#11047);
#9209=AXIS2_PLACEMENT_3D('',#13529,#11050,#11051);
#9210=AXIS2_PLACEMENT_3D('',#13533,#11054,#11055);
#9211=AXIS2_PLACEMENT_3D('',#13537,#11058,#11059);
#9212=AXIS2_PLACEMENT_3D('',#13541,#11062,#11063);
#9213=AXIS2_PLACEMENT_3D('',#13545,#11066,#11067);
#9214=AXIS2_PLACEMENT_3D('',#13549,#11070,#11071);
#9215=AXIS2_PLACEMENT_3D('',#13553,#11074,#11075);
#9216=AXIS2_PLACEMENT_3D('',#13557,#11078,#11079);
#9217=AXIS2_PLACEMENT_3D('',#13561,#11082,#11083);
#9218=AXIS2_PLACEMENT_3D('',#13565,#11086,#11087);
#9219=AXIS2_PLACEMENT_3D('',#13569,#11090,#11091);
#9220=AXIS2_PLACEMENT_3D('',#13573,#11094,#11095);
#9221=AXIS2_PLACEMENT_3D('',#13577,#11098,#11099);
#9222=AXIS2_PLACEMENT_3D('',#13581,#11102,#11103);
#9223=AXIS2_PLACEMENT_3D('',#13585,#11106,#11107);
#9224=AXIS2_PLACEMENT_3D('',#13589,#11110,#11111);
#9225=AXIS2_PLACEMENT_3D('',#13593,#11114,#11115);
#9226=AXIS2_PLACEMENT_3D('',#13597,#11118,#11119);
#9227=AXIS2_PLACEMENT_3D('',#13601,#11122,#11123);
#9228=AXIS2_PLACEMENT_3D('',#13605,#11126,#11127);
#9229=AXIS2_PLACEMENT_3D('',#13609,#11130,#11131);
#9230=AXIS2_PLACEMENT_3D('',#13613,#11134,#11135);
#9231=AXIS2_PLACEMENT_3D('',#13617,#11138,#11139);
#9232=AXIS2_PLACEMENT_3D('',#13621,#11142,#11143);
#9233=AXIS2_PLACEMENT_3D('',#13625,#11146,#11147);
#9234=AXIS2_PLACEMENT_3D('',#13629,#11150,#11151);
#9235=AXIS2_PLACEMENT_3D('',#13633,#11154,#11155);
#9236=AXIS2_PLACEMENT_3D('',#13637,#11158,#11159);
#9237=AXIS2_PLACEMENT_3D('',#13641,#11162,#11163);
#9238=AXIS2_PLACEMENT_3D('',#13645,#11166,#11167);
#9239=AXIS2_PLACEMENT_3D('',#13649,#11170,#11171);
#9240=AXIS2_PLACEMENT_3D('',#13653,#11174,#11175);
#9241=AXIS2_PLACEMENT_3D('',#13657,#11178,#11179);
#9242=AXIS2_PLACEMENT_3D('',#13661,#11182,#11183);
#9243=AXIS2_PLACEMENT_3D('',#13665,#11186,#11187);
#9244=AXIS2_PLACEMENT_3D('',#13669,#11190,#11191);
#9245=AXIS2_PLACEMENT_3D('',#13673,#11194,#11195);
#9246=AXIS2_PLACEMENT_3D('',#13677,#11198,#11199);
#9247=AXIS2_PLACEMENT_3D('',#13681,#11202,#11203);
#9248=AXIS2_PLACEMENT_3D('',#13685,#11206,#11207);
#9249=AXIS2_PLACEMENT_3D('',#13689,#11210,#11211);
#9250=AXIS2_PLACEMENT_3D('',#13693,#11214,#11215);
#9251=AXIS2_PLACEMENT_3D('',#13697,#11218,#11219);
#9252=AXIS2_PLACEMENT_3D('',#13701,#11222,#11223);
#9253=AXIS2_PLACEMENT_3D('',#13705,#11226,#11227);
#9254=AXIS2_PLACEMENT_3D('',#13709,#11230,#11231);
#9255=AXIS2_PLACEMENT_3D('',#13713,#11234,#11235);
#9256=AXIS2_PLACEMENT_3D('',#13717,#11238,#11239);
#9257=AXIS2_PLACEMENT_3D('',#13721,#11242,#11243);
#9258=AXIS2_PLACEMENT_3D('',#13725,#11246,#11247);
#9259=AXIS2_PLACEMENT_3D('',#13729,#11250,#11251);
#9260=AXIS2_PLACEMENT_3D('',#13733,#11254,#11255);
#9261=AXIS2_PLACEMENT_3D('',#13737,#11258,#11259);
#9262=AXIS2_PLACEMENT_3D('',#13741,#11262,#11263);
#9263=AXIS2_PLACEMENT_3D('',#13745,#11266,#11267);
#9264=AXIS2_PLACEMENT_3D('',#13749,#11270,#11271);
#9265=AXIS2_PLACEMENT_3D('',#13753,#11274,#11275);
#9266=AXIS2_PLACEMENT_3D('',#13757,#11278,#11279);
#9267=AXIS2_PLACEMENT_3D('',#13761,#11282,#11283);
#9268=AXIS2_PLACEMENT_3D('',#13765,#11286,#11287);
#9269=AXIS2_PLACEMENT_3D('',#13769,#11290,#11291);
#9270=AXIS2_PLACEMENT_3D('',#13773,#11294,#11295);
#9271=AXIS2_PLACEMENT_3D('',#13777,#11298,#11299);
#9272=AXIS2_PLACEMENT_3D('',#13781,#11302,#11303);
#9273=AXIS2_PLACEMENT_3D('',#13785,#11306,#11307);
#9274=AXIS2_PLACEMENT_3D('',#13789,#11310,#11311);
#9275=AXIS2_PLACEMENT_3D('',#13793,#11314,#11315);
#9276=AXIS2_PLACEMENT_3D('',#13797,#11318,#11319);
#9277=AXIS2_PLACEMENT_3D('',#13801,#11322,#11323);
#9278=AXIS2_PLACEMENT_3D('',#13805,#11326,#11327);
#9279=AXIS2_PLACEMENT_3D('',#13809,#11330,#11331);
#9280=AXIS2_PLACEMENT_3D('',#13813,#11334,#11335);
#9281=AXIS2_PLACEMENT_3D('',#13817,#11338,#11339);
#9282=AXIS2_PLACEMENT_3D('',#13821,#11342,#11343);
#9283=AXIS2_PLACEMENT_3D('',#13825,#11346,#11347);
#9284=AXIS2_PLACEMENT_3D('',#13829,#11350,#11351);
#9285=AXIS2_PLACEMENT_3D('',#13833,#11354,#11355);
#9286=AXIS2_PLACEMENT_3D('',#13835,#11357,#11358);
#9287=AXIS2_PLACEMENT_3D('',#13838,#11361,#11362);
#9288=AXIS2_PLACEMENT_3D('',#13839,#11363,#11364);
#9289=AXIS2_PLACEMENT_3D('',#13845,#11368,#11369);
#9290=AXIS2_PLACEMENT_3D('',#13849,#11372,#11373);
#9291=AXIS2_PLACEMENT_3D('',#13853,#11376,#11377);
#9292=AXIS2_PLACEMENT_3D('',#13857,#11380,#11381);
#9293=AXIS2_PLACEMENT_3D('',#13861,#11384,#11385);
#9294=AXIS2_PLACEMENT_3D('',#13865,#11388,#11389);
#9295=AXIS2_PLACEMENT_3D('',#13869,#11392,#11393);
#9296=AXIS2_PLACEMENT_3D('',#13873,#11396,#11397);
#9297=AXIS2_PLACEMENT_3D('',#13877,#11400,#11401);
#9298=AXIS2_PLACEMENT_3D('',#13881,#11404,#11405);
#9299=AXIS2_PLACEMENT_3D('',#13885,#11408,#11409);
#9300=AXIS2_PLACEMENT_3D('',#13889,#11412,#11413);
#9301=AXIS2_PLACEMENT_3D('',#13893,#11416,#11417);
#9302=AXIS2_PLACEMENT_3D('',#13897,#11420,#11421);
#9303=AXIS2_PLACEMENT_3D('',#13901,#11424,#11425);
#9304=AXIS2_PLACEMENT_3D('',#13905,#11428,#11429);
#9305=AXIS2_PLACEMENT_3D('',#13909,#11432,#11433);
#9306=AXIS2_PLACEMENT_3D('',#13913,#11436,#11437);
#9307=AXIS2_PLACEMENT_3D('',#13917,#11440,#11441);
#9308=AXIS2_PLACEMENT_3D('',#13921,#11444,#11445);
#9309=AXIS2_PLACEMENT_3D('',#13925,#11448,#11449);
#9310=AXIS2_PLACEMENT_3D('',#13929,#11452,#11453);
#9311=AXIS2_PLACEMENT_3D('',#13933,#11456,#11457);
#9312=AXIS2_PLACEMENT_3D('',#13937,#11460,#11461);
#9313=AXIS2_PLACEMENT_3D('',#13941,#11464,#11465);
#9314=AXIS2_PLACEMENT_3D('',#13945,#11468,#11469);
#9315=AXIS2_PLACEMENT_3D('',#13949,#11472,#11473);
#9316=AXIS2_PLACEMENT_3D('',#13953,#11476,#11477);
#9317=AXIS2_PLACEMENT_3D('',#13957,#11480,#11481);
#9318=AXIS2_PLACEMENT_3D('',#13961,#11484,#11485);
#9319=AXIS2_PLACEMENT_3D('',#13965,#11488,#11489);
#9320=AXIS2_PLACEMENT_3D('',#13969,#11492,#11493);
#9321=AXIS2_PLACEMENT_3D('',#13973,#11496,#11497);
#9322=AXIS2_PLACEMENT_3D('',#13977,#11500,#11501);
#9323=AXIS2_PLACEMENT_3D('',#13981,#11504,#11505);
#9324=AXIS2_PLACEMENT_3D('',#13985,#11508,#11509);
#9325=AXIS2_PLACEMENT_3D('',#13989,#11512,#11513);
#9326=AXIS2_PLACEMENT_3D('',#13993,#11516,#11517);
#9327=AXIS2_PLACEMENT_3D('',#13997,#11520,#11521);
#9328=AXIS2_PLACEMENT_3D('',#14001,#11524,#11525);
#9329=AXIS2_PLACEMENT_3D('',#14005,#11528,#11529);
#9330=AXIS2_PLACEMENT_3D('',#14009,#11532,#11533);
#9331=AXIS2_PLACEMENT_3D('',#14013,#11536,#11537);
#9332=AXIS2_PLACEMENT_3D('',#14017,#11540,#11541);
#9333=AXIS2_PLACEMENT_3D('',#14021,#11544,#11545);
#9334=AXIS2_PLACEMENT_3D('',#14025,#11548,#11549);
#9335=AXIS2_PLACEMENT_3D('',#14029,#11552,#11553);
#9336=AXIS2_PLACEMENT_3D('',#14031,#11555,#11556);
#9337=AXIS2_PLACEMENT_3D('',#14032,#11557,#11558);
#9338=AXIS2_PLACEMENT_3D('',#14033,#11559,#11560);
#9339=AXIS2_PLACEMENT_3D('',#14034,#11561,#11562);
#9340=AXIS2_PLACEMENT_3D('',#14035,#11563,#11564);
#9341=AXIS2_PLACEMENT_3D('',#14037,#11565,#11566);
#9342=AXIS2_PLACEMENT_3D('',#14038,#11567,#11568);
#9343=AXIS2_PLACEMENT_3D('',#14039,#11569,#11570);
#9344=AXIS2_PLACEMENT_3D('',#14041,#11571,#11572);
#9345=AXIS2_PLACEMENT_3D('',#14042,#11573,#11574);
#9346=AXIS2_PLACEMENT_3D('',#14043,#11575,#11576);
#9347=AXIS2_PLACEMENT_3D('',#14045,#11577,#11578);
#9348=AXIS2_PLACEMENT_3D('',#14046,#11579,#11580);
#9349=AXIS2_PLACEMENT_3D('',#14047,#11581,#11582);
#9350=AXIS2_PLACEMENT_3D('',#14049,#11583,#11584);
#9351=AXIS2_PLACEMENT_3D('',#14050,#11585,#11586);
#9352=AXIS2_PLACEMENT_3D('',#14051,#11587,#11588);
#9353=AXIS2_PLACEMENT_3D('',#14053,#11589,#11590);
#9354=AXIS2_PLACEMENT_3D('',#14054,#11591,#11592);
#9355=AXIS2_PLACEMENT_3D('',#14055,#11593,#11594);
#9356=AXIS2_PLACEMENT_3D('',#14057,#11595,#11596);
#9357=AXIS2_PLACEMENT_3D('',#14058,#11597,#11598);
#9358=AXIS2_PLACEMENT_3D('',#14061,#11601,#11602);
#9359=AXIS2_PLACEMENT_3D('',#14063,#11604,#11605);
#9360=AXIS2_PLACEMENT_3D('',#14065,#11607,#11608);
#9361=AXIS2_PLACEMENT_3D('',#14066,#11609,#11610);
#9362=DIRECTION('',(0.,0.,1.));
#9363=DIRECTION('',(1.,0.,0.));
#9364=DIRECTION('',(0.,1.,0.));
#9365=DIRECTION('',(1.,0.,0.));
#9366=DIRECTION('',(1.,0.,0.));
#9367=DIRECTION('',(0.,0.,-1.));
#9368=DIRECTION('',(1.,0.,0.));
#9369=DIRECTION('',(0.,1.,0.));
#9370=DIRECTION('',(1.,0.,0.));
#9371=DIRECTION('',(0.,0.,1.));
#9372=DIRECTION('',(0.,1.,0.));
#9373=DIRECTION('',(1.,0.,0.));
#9374=DIRECTION('',(1.,0.,0.));
#9375=DIRECTION('',(0.,1.,0.));
#9376=DIRECTION('',(1.,0.,0.));
#9377=DIRECTION('',(0.,0.,1.));
#9378=DIRECTION('',(0.,1.,0.));
#9379=DIRECTION('',(1.,0.,0.));
#9380=DIRECTION('',(1.,0.,0.));
#9381=DIRECTION('',(0.,0.,-1.));
#9382=DIRECTION('',(1.,0.,0.));
#9383=DIRECTION('',(0.,0.,1.));
#9384=DIRECTION('',(1.,0.,0.));
#9385=DIRECTION('',(0.,0.,1.));
#9386=DIRECTION('',(0.,0.,-1.));
#9387=DIRECTION('',(0.,1.,0.));
#9388=DIRECTION('',(0.,-1.,0.));
#9389=DIRECTION('',(0.,0.,-1.));
#9390=DIRECTION('',(0.,1.,0.));
#9391=DIRECTION('',(0.,-1.,0.));
#9392=DIRECTION('',(0.,-1.,0.));
#9393=DIRECTION('',(0.,-1.,0.));
#9394=DIRECTION('',(0.,-1.,0.));
#9395=DIRECTION('',(1.,0.,0.));
#9396=DIRECTION('',(0.,-1.,0.));
#9397=DIRECTION('',(0.,-1.,0.));
#9398=DIRECTION('',(0.,-1.,0.));
#9399=DIRECTION('',(0.,0.,-1.));
#9400=DIRECTION('',(0.,1.,0.));
#9401=DIRECTION('',(0.,-1.,0.));
#9402=DIRECTION('',(-1.,2.31296463463574E-16,0.));
#9403=DIRECTION('',(0.,1.,0.));
#9404=DIRECTION('',(1.,0.,0.));
#9405=DIRECTION('',(0.942091316138875,0.,-0.335356455217017));
#9406=DIRECTION('',(0.901656713752983,0.,-0.432452506691973));
#9407=DIRECTION('',(0.845527266384604,0.,-0.533932244578074));
#9408=DIRECTION('',(0.772342576752272,0.,-0.635206221738784));
#9409=DIRECTION('',(0.694056812587347,0.,-0.719920232318201));
#9410=DIRECTION('',(0.614601324646203,0.,-0.788837886858341));
#9411=DIRECTION('',(0.525436452110517,0.,-0.850832847740091));
#9412=DIRECTION('',(0.429209486399122,0.,-0.90320496942001));
#9413=DIRECTION('',(0.329377492127754,0.,-0.944198320099984));
#9414=DIRECTION('',(0.229615738898983,0.,-0.97328136345554));
#9415=DIRECTION('',(0.133202917706254,0.,-0.991088786494198));
#9416=DIRECTION('',(0.042607385173182,0.,-0.999091893035222));
#9417=DIRECTION('',(-0.0408506097800587,0.,-0.999165265449414));
#9418=DIRECTION('',(-0.135636929599922,0.,-0.990758610019971));
#9419=DIRECTION('',(-0.249978263681714,0.,-0.968251448584858));
#9420=DIRECTION('',(-0.384246294355043,0.,-0.923230624099102));
#9421=DIRECTION('',(-0.517414757536476,0.,-0.855734753696185));
#9422=DIRECTION('',(-0.633592904147527,0.,-0.773666615419008));
#9423=DIRECTION('',(-0.74020174163073,0.,-0.672384846413744));
#9424=DIRECTION('',(-0.830028078699111,0.,-0.557721604898952));
#9425=DIRECTION('',(-0.88971336762946,0.,-0.456519576208343));
#9426=DIRECTION('',(-0.926028334267309,0.,-0.377454002673325));
#9427=DIRECTION('',(-0.953113634680171,0.,-0.30261262264941));
#9428=DIRECTION('',(-0.972460968361031,0.,-0.233065795461981));
#9429=DIRECTION('',(-0.98298079967745,0.,-0.183708321709934));
#9430=DIRECTION('',(-0.987962920294029,0.,-0.154690879253088));
#9431=DIRECTION('',(-0.985928573472861,0.,-0.167167125984057));
#9432=DIRECTION('',(-0.972361873768008,0.,-0.233478877936245));
#9433=DIRECTION('',(-0.943983410761551,0.,-0.32999290932835));
#9434=DIRECTION('',(-0.879040989485588,0.,-0.47674619956975));
#9435=DIRECTION('',(-0.737524176187979,0.,-0.675320730866633));
#9436=DIRECTION('',(-0.532958452015496,0.,-0.846141411600476));
#9437=DIRECTION('',(-0.302065892600148,0.,-0.953287048337318));
#9438=DIRECTION('',(-0.0905503010535691,0.,-0.995891883177641));
#9439=DIRECTION('',(0.123173727051443,0.,-0.992385123308616));
#9440=DIRECTION('',(0.388114591824417,0.,-0.921611123854832));
#9441=DIRECTION('',(0.628230177419341,0.,-0.778027534332599));
#9442=DIRECTION('',(0.799333513737887,0.,-0.60088762161942));
#9443=DIRECTION('',(0.899995011176752,0.,-0.435900194834733));
#9444=DIRECTION('',(0.958188931465655,0.,-0.286136281545536));
#9445=DIRECTION('',(0.987804890342405,0.,-0.155696816331065));
#9446=DIRECTION('',(0.998901975219521,0.,-0.0468491611722063));
#9447=DIRECTION('',(0.998145239056244,0.,0.0608775964485573));
#9448=DIRECTION('',(0.977799521187644,0.,0.209542588428258));
#9449=DIRECTION('',(0.918335384126091,0.,0.395803135740465));
#9450=DIRECTION('',(0.795855686544657,0.,0.605486355085341));
#9451=DIRECTION('',(0.642397549159385,0.,0.766371573607748));
#9452=DIRECTION('',(0.500435115658325,0.,0.865774043856733));
#9453=DIRECTION('',(0.353443010552943,0.,0.935456058984746));
#9454=DIRECTION('',(0.21392603134089,0.,0.976849862115329));
#9455=DIRECTION('',(1.,0.,-1.16128671529728E-16));
#9456=DIRECTION('',(-0.0700360809754082,0.,-0.997544458839608));
#9457=DIRECTION('',(-0.17947112714945,0.,-0.983763241089901));
#9458=DIRECTION('',(-0.296232280380638,0.,-0.955115928073911));
#9459=DIRECTION('',(-0.415527058096896,0.,-0.909580817733828));
#9460=DIRECTION('',(-0.549629452100787,0.,-0.835408561952407));
#9461=DIRECTION('',(-0.685734836555321,0.,-0.727851450458435));
#9462=DIRECTION('',(-0.795232528625769,0.,-0.606304564897434));
#9463=DIRECTION('',(-0.875456823736532,0.,-0.483296337429887));
#9464=DIRECTION('',(-0.935586779338898,0.,-0.353096839870123));
#9465=DIRECTION('',(-0.973889569360667,0.,-0.227022260341349));
#9466=DIRECTION('',(-0.992495036628443,0.,-0.12228492248804));
#9467=DIRECTION('',(-0.999327184347932,0.,-0.0366766768292062));
#9468=DIRECTION('',(-0.999607478301284,0.,0.0280158762873431));
#9469=DIRECTION('',(-0.995865140198688,0.,0.0908439460671319));
#9470=DIRECTION('',(-0.986476745346341,0.,0.163901283981823));
#9471=DIRECTION('',(-0.968663935704167,0.,0.248375078593068));
#9472=DIRECTION('',(-0.938698336265397,0.,0.344739660457824));
#9473=DIRECTION('',(-0.892051081904828,0.,0.451934582956899));
#9474=DIRECTION('',(-0.824169876428339,0.,0.566342665519822));
#9475=DIRECTION('',(-0.73216524238001,0.,0.681127049712916));
#9476=DIRECTION('',(-0.634239051895848,0.,0.773137002768756));
#9477=DIRECTION('',(-0.542830214326022,0.,0.839842460473847));
#9478=DIRECTION('',(-0.448182723082251,0.,0.893941970561053));
#9479=DIRECTION('',(-0.354128696010916,0.,0.935196699449698));
#9480=DIRECTION('',(-0.263812079821582,0.,0.964574095930536));
#9481=DIRECTION('',(-0.179390162895381,0.,0.983778008219521));
#9482=DIRECTION('',(-0.102044036237888,0.,0.994779882520892));
#9483=DIRECTION('',(-0.0321679909200892,0.,0.999482476264674));
#9484=DIRECTION('',(1.80711280054087E-16,0.,1.));
#9485=DIRECTION('',(1.,0.,0.));
#9486=DIRECTION('',(0.237838379331689,0.,-0.971304743794076));
#9487=DIRECTION('',(0.127149272786484,0.,-0.991883593185142));
#9488=DIRECTION('',(0.721283001745122,0.,0.69264047773253));
#9489=DIRECTION('',(0.7976760294246,0.,0.603086189595985));
#9490=DIRECTION('',(0.857833543862003,0.,0.513927632089536));
#9491=DIRECTION('',(0.903369021358593,0.,0.428864094148271));
#9492=DIRECTION('',(0.942714915073603,0.,0.333599443791159));
#9493=DIRECTION('',(0.973467270780157,0.,0.228826293768509));
#9494=DIRECTION('',(0.991423941083383,0.,0.1306849993178));
#9495=DIRECTION('',(0.999150628680003,0.,0.0412070528957795));
#9496=DIRECTION('',(0.999584430983643,0.,-0.0288264693486063));
#9497=DIRECTION('',(0.995721722842743,0.,-0.0924026550434597));
#9498=DIRECTION('',(0.986375677552415,0.,-0.164508427544047));
#9499=DIRECTION('',(0.969376798620515,0.,-0.245578138880971));
#9500=DIRECTION('',(-0.634239051895831,0.,0.77313700276877));
#9501=DIRECTION('',(-0.542830214326022,0.,0.839842460473847));
#9502=DIRECTION('',(-0.448182723082266,0.,0.893941970561046));
#9503=DIRECTION('',(-0.354128696010898,0.,0.935196699449705));
#9504=DIRECTION('',(-0.263812079821594,0.,0.964574095930533));
#9505=DIRECTION('',(-0.179390162895371,0.,0.983778008219523));
#9506=DIRECTION('',(-0.102044036237901,0.,0.994779882520891));
#9507=DIRECTION('',(-0.0321679909200791,0.,0.999482476264675));
#9508=DIRECTION('',(0.,0.,1.));
#9509=DIRECTION('',(1.,0.,0.));
#9510=DIRECTION('',(0.237838379331694,0.,-0.971304743794075));
#9511=DIRECTION('',(0.12714927278647,0.,-0.991883593185144));
#9512=DIRECTION('',(0.721283001745122,0.,0.69264047773253));
#9513=DIRECTION('',(0.7976760294246,0.,0.603086189595985));
#9514=DIRECTION('',(0.857833543862009,0.,0.513927632089526));
#9515=DIRECTION('',(0.903368946829213,0.,0.428864251138608));
#9516=DIRECTION('',(0.942714958095354,0.,0.333599322216449));
#9517=DIRECTION('',(0.973467270780156,0.,0.228826293768514));
#9518=DIRECTION('',(0.991423941083382,0.,0.130684999317802));
#9519=DIRECTION('',(0.999150628680003,0.,0.0412070528957818));
#9520=DIRECTION('',(0.999584430983643,0.,-0.0288264693486067));
#9521=DIRECTION('',(0.995721722842742,0.,-0.0924026550434617));
#9522=DIRECTION('',(0.986375677552414,0.,-0.164508427544049));
#9523=DIRECTION('',(0.969376798620514,0.,-0.245578138880978));
#9524=DIRECTION('',(0.942091316138871,0.,-0.335356455217026));
#9525=DIRECTION('',(0.901656713752994,0.,-0.432452506691952));
#9526=DIRECTION('',(0.845527266384612,0.,-0.53393224457806));
#9527=DIRECTION('',(0.772342576752259,0.,-0.6352062217388));
#9528=DIRECTION('',(0.694056812587348,0.,-0.7199202323182));
#9529=DIRECTION('',(0.614601324646214,0.,-0.788837886858333));
#9530=DIRECTION('',(0.525436452110515,0.,-0.850832847740092));
#9531=DIRECTION('',(0.429209486399116,0.,-0.903204969420013));
#9532=DIRECTION('',(0.32937749212779,0.,-0.944198320099971));
#9533=DIRECTION('',(0.229615738898963,0.,-0.973281363455544));
#9534=DIRECTION('',(0.133202917706267,0.,-0.991088786494196));
#9535=DIRECTION('',(0.0426073851731833,0.,-0.999091893035222));
#9536=DIRECTION('',(-0.0408506097800675,0.,-0.999165265449413));
#9537=DIRECTION('',(-0.135636929599923,0.,-0.990758610019971));
#9538=DIRECTION('',(-0.249978263681715,0.,-0.968251448584858));
#9539=DIRECTION('',(-0.38424629435503,0.,-0.923230624099107));
#9540=DIRECTION('',(-0.517414757536479,0.,-0.855734753696183));
#9541=DIRECTION('',(-0.633592904147529,0.,-0.773666615419006));
#9542=DIRECTION('',(-0.740201741630747,0.,-0.672384846413726));
#9543=DIRECTION('',(-0.830028078699109,0.,-0.557721604898955));
#9544=DIRECTION('',(-0.889713367629461,0.,-0.456519576208342));
#9545=DIRECTION('',(-0.926028334267314,0.,-0.377454002673312));
#9546=DIRECTION('',(-0.953113634680171,0.,-0.302612622649411));
#9547=DIRECTION('',(-0.972460968361032,0.,-0.233065795461976));
#9548=DIRECTION('',(-0.98298079967745,0.,-0.183708321709935));
#9549=DIRECTION('',(-0.98796292029403,0.,-0.154690879253087));
#9550=DIRECTION('',(-0.98592857347286,0.,-0.167167125984061));
#9551=DIRECTION('',(-0.972361873768007,0.,-0.233478877936251));
#9552=DIRECTION('',(-0.943983410761547,0.,-0.329992909328362));
#9553=DIRECTION('',(-0.879040989485582,0.,-0.476746199569759));
#9554=DIRECTION('',(-0.737524176187977,0.,-0.675320730866635));
#9555=DIRECTION('',(-0.532958452015542,0.,-0.846141411600447));
#9556=DIRECTION('',(-0.302065892600127,0.,-0.953287048337325));
#9557=DIRECTION('',(-0.0905503010535687,0.,-0.995891883177641));
#9558=DIRECTION('',(0.12317372705144,0.,-0.992385123308616));
#9559=DIRECTION('',(0.388114591824412,0.,-0.921611123854834));
#9560=DIRECTION('',(0.628230177419364,0.,-0.778027534332581));
#9561=DIRECTION('',(0.799333513737856,0.,-0.600887621619461));
#9562=DIRECTION('',(0.899995011176752,0.,-0.435900194834733));
#9563=DIRECTION('',(0.958188931465653,0.,-0.286136281545542));
#9564=DIRECTION('',(0.987804890342405,0.,-0.155696816331065));
#9565=DIRECTION('',(0.998901975219521,0.,-0.0468491611722075));
#9566=DIRECTION('',(0.998145239056244,0.,0.0608775964485559));
#9567=DIRECTION('',(0.977799521187646,0.,0.20954258842825));
#9568=DIRECTION('',(0.918335384126093,0.,0.39580313574046));
#9569=DIRECTION('',(0.795855686544654,0.,0.605486355085346));
#9570=DIRECTION('',(0.642397549159401,0.,0.766371573607735));
#9571=DIRECTION('',(0.500435115658309,0.,0.865774043856741));
#9572=DIRECTION('',(0.353443010552935,0.,0.935456058984749));
#9573=DIRECTION('',(0.213926031340897,0.,0.976849862115327));
#9574=DIRECTION('',(1.,0.,-1.16128671529729E-16));
#9575=DIRECTION('',(-0.070036080975405,0.,-0.997544458839608));
#9576=DIRECTION('',(-0.17947112714944,0.,-0.983763241089902));
#9577=DIRECTION('',(-0.296232280380641,0.,-0.955115928073909));
#9578=DIRECTION('',(-0.415527058096886,0.,-0.909580817733833));
#9579=DIRECTION('',(-0.549629452100794,0.,-0.835408561952403));
#9580=DIRECTION('',(-0.685734836555317,0.,-0.727851450458439));
#9581=DIRECTION('',(-0.79523252862578,0.,-0.606304564897418));
#9582=DIRECTION('',(-0.875456823736529,0.,-0.483296337429893));
#9583=DIRECTION('',(-0.935586779338899,0.,-0.353096839870121));
#9584=DIRECTION('',(-0.973889569360667,0.,-0.22702226034135));
#9585=DIRECTION('',(-0.992495036628443,0.,-0.122284922488038));
#9586=DIRECTION('',(-0.999327184638194,0.,-0.0366766689204596));
#9587=DIRECTION('',(-0.999607478075546,0.,0.0280158843416852));
#9588=DIRECTION('',(-0.995865140198688,0.,0.0908439460671318));
#9589=DIRECTION('',(-0.986476745346341,0.,0.163901283981821));
#9590=DIRECTION('',(-0.968663935704169,0.,0.248375078593062));
#9591=DIRECTION('',(-0.938698336265395,0.,0.344739660457829));
#9592=DIRECTION('',(-0.892051081904838,0.,0.45193458295688));
#9593=DIRECTION('',(-0.824169876428335,0.,0.566342665519827));
#9594=DIRECTION('',(-0.732165242380023,0.,0.681127049712902));
#9595=DIRECTION('',(2.28442929527496E-16,0.,1.));
#9596=DIRECTION('',(1.,0.,0.));
#9597=DIRECTION('',(-1.14221464763748E-16,0.,-1.));
#9598=DIRECTION('',(-1.,0.,1.08073039364158E-16));
#9599=DIRECTION('',(1.,0.,0.));
#9600=DIRECTION('',(0.,1.,0.));
#9601=DIRECTION('',(1.,0.,0.));
#9602=DIRECTION('',(0.,0.,1.));
#9603=DIRECTION('',(0.,1.,0.));
#9604=DIRECTION('',(1.,0.,0.));
#9605=DIRECTION('',(1.,0.,0.));
#9606=DIRECTION('',(0.,1.,0.));
#9607=DIRECTION('',(1.,0.,0.));
#9608=DIRECTION('',(0.,0.,1.));
#9609=DIRECTION('',(0.,1.,0.));
#9610=DIRECTION('',(1.,0.,0.));
#9611=DIRECTION('',(-1.,0.,0.));
#9612=DIRECTION('',(0.,0.,1.));
#9613=DIRECTION('',(1.,0.,-2.16146078728316E-16));
#9614=DIRECTION('',(0.,0.,-1.));
#9615=DIRECTION('',(0.336861324166067,0.,-0.941554272615809));
#9616=DIRECTION('',(-1.,0.,9.68930670687786E-17));
#9617=DIRECTION('',(-0.302090042844876,0.,0.953279395567732));
#9618=DIRECTION('',(-0.304823198130402,0.,-0.95240895516661));
#9619=DIRECTION('',(-1.,0.,1.02544373381598E-16));
#9620=DIRECTION('',(0.338525975218119,0.,0.940957046895671));
#9621=DIRECTION('',(1.,0.,0.));
#9622=DIRECTION('',(-0.206607465145407,0.,0.978423913928002));
#9623=DIRECTION('',(-0.117628880667313,0.,0.993057624930676));
#9624=DIRECTION('',(-0.0370453223263158,0.,0.999313586465099));
#9625=DIRECTION('',(0.,0.,1.));
#9626=DIRECTION('',(1.,0.,0.));
#9627=DIRECTION('',(0.,0.,-1.));
#9628=DIRECTION('',(0.0440642141816199,0.,-0.999028700803213));
#9629=DIRECTION('',(0.158663029622142,0.,-0.987332792441902));
#9630=DIRECTION('',(0.322709677049764,0.,-0.946498000176671));
#9631=DIRECTION('',(0.548851519068341,0.,-0.835919858608692));
#9632=DIRECTION('',(0.783370201871765,0.,-0.621555409291392));
#9633=DIRECTION('',(0.919200735752537,0.,-0.393789293140372));
#9634=DIRECTION('',(0.979309636186919,0.,-0.202367577619152));
#9635=DIRECTION('',(0.998345528363318,0.,-0.0574996173636636));
#9636=DIRECTION('',(0.997231563676678,0.,0.0743586471566517));
#9637=DIRECTION('',(0.968266642477754,0.,0.249919405138652));
#9638=DIRECTION('',(0.891411806182329,0.,0.453194209802772));
#9639=DIRECTION('',(0.754468713062574,0.,0.656336012275498));
#9640=DIRECTION('',(0.570916685852202,0.,0.8210080010667));
#9641=DIRECTION('',(0.376490437984989,0.,0.926420503932135));
#9642=DIRECTION('',(0.202066230177437,0.,0.979371859214813));
#9643=DIRECTION('',(0.059498417640252,0.,0.998228399865635));
#9644=DIRECTION('',(0.,0.,1.));
#9645=DIRECTION('',(1.,0.,0.));
#9646=DIRECTION('',(0.,0.,-1.));
#9647=DIRECTION('',(-1.,0.,1.13286066203359E-16));
#9648=DIRECTION('',(0.,0.,1.));
#9649=DIRECTION('',(-0.54234134822822,0.,-0.840158236287663));
#9650=DIRECTION('',(-0.647820476343842,0.,-0.761793036480144));
#9651=DIRECTION('',(-0.746505387448067,0.,-0.665379370367771));
#9652=DIRECTION('',(-0.831870740244309,0.,-0.554969432964902));
#9653=DIRECTION('',(-0.905510522782551,0.,-0.424323806932951));
#9654=DIRECTION('',(-0.958429587172589,0.,-0.285329154542925));
#9655=DIRECTION('',(-0.987310465942332,0.,-0.158801901250381));
#9656=DIRECTION('',(-0.998813311029049,0.,-0.0487028716934439));
#9657=DIRECTION('',(-0.999285182656685,0.,0.0378037527607579));
#9658=DIRECTION('',(-0.99301264771039,0.,0.11800797213409));
#9659=DIRECTION('',(-0.979074207215643,0.,0.203503554674263));
#9660=DIRECTION('',(-0.956199669652564,0.,0.29271520588505));
#9661=DIRECTION('',(-0.923566776645544,0.,0.38343762084146));
#9662=DIRECTION('',(-0.881055498499758,0.,0.473012905282027));
#9663=DIRECTION('',(-0.829403196774348,0.,0.558650460646452));
#9664=DIRECTION('',(-0.770169447303254,0.,0.637839339050674));
#9665=DIRECTION('',(-0.696961014448813,0.,0.717109018447322));
#9666=DIRECTION('',(-0.605585352381122,0.,0.795780359761054));
#9667=DIRECTION('',(-0.506376803201334,0.,0.862312317655035));
#9668=DIRECTION('',(-0.40395649728864,0.,0.914778196230263));
#9669=DIRECTION('',(-0.302832284236907,0.,0.953043864480464));
#9670=DIRECTION('',(1.,0.,0.));
#9671=DIRECTION('',(0.,-1.,0.));
#9672=DIRECTION('',(-1.,0.,0.));
#9673=DIRECTION('',(0.,1.,0.));
#9674=DIRECTION('',(-1.,0.,0.));
#9675=DIRECTION('',(0.,1.,0.));
#9676=DIRECTION('',(-1.,0.,0.));
#9677=DIRECTION('',(0.,1.,0.));
#9678=DIRECTION('',(-1.,0.,0.));
#9679=DIRECTION('',(0.,1.,0.));
#9680=DIRECTION('',(-1.,0.,0.));
#9681=DIRECTION('',(0.,1.,0.));
#9682=DIRECTION('',(-1.,0.,0.));
#9683=DIRECTION('',(0.,1.,0.));
#9684=DIRECTION('',(-1.,0.,0.));
#9685=DIRECTION('',(0.,1.,0.));
#9686=DIRECTION('',(-1.,0.,0.));
#9687=DIRECTION('',(0.,1.,0.));
#9688=DIRECTION('',(-1.,0.,0.));
#9689=DIRECTION('',(0.,1.,0.));
#9690=DIRECTION('',(-1.,0.,0.));
#9691=DIRECTION('',(0.,1.,0.));
#9692=DIRECTION('',(-1.,0.,0.));
#9693=DIRECTION('',(0.,1.,0.));
#9694=DIRECTION('',(-1.,0.,0.));
#9695=DIRECTION('',(0.,1.,0.));
#9696=DIRECTION('',(0.,0.,1.));
#9697=DIRECTION('',(-1.,0.,0.));
#9698=DIRECTION('',(0.,1.,0.));
#9699=DIRECTION('',(0.,0.,1.));
#9700=DIRECTION('',(-1.,0.,0.));
#9701=DIRECTION('',(0.,1.,0.));
#9702=DIRECTION('',(0.,0.,1.));
#9703=DIRECTION('',(-1.,0.,0.));
#9704=DIRECTION('',(0.,1.,0.));
#9705=DIRECTION('',(0.,0.,1.));
#9706=DIRECTION('',(-1.,0.,0.));
#9707=DIRECTION('',(0.,1.,0.));
#9708=DIRECTION('',(-1.,0.,0.));
#9709=DIRECTION('',(0.,1.,0.));
#9710=DIRECTION('',(0.,-1.,0.));
#9711=DIRECTION('',(-1.,0.,0.));
#9712=DIRECTION('',(0.,1.,0.));
#9713=DIRECTION('',(0.,-1.,0.));
#9714=DIRECTION('',(0.,0.,1.));
#9715=DIRECTION('',(-1.,0.,0.));
#9716=DIRECTION('',(0.,1.,0.));
#9717=DIRECTION('',(0.,0.,1.));
#9718=DIRECTION('',(-1.,0.,0.));
#9719=DIRECTION('',(0.,1.,0.));
#9720=DIRECTION('',(0.,0.,1.));
#9721=DIRECTION('',(-1.,0.,0.));
#9722=DIRECTION('',(0.,1.,0.));
#9723=DIRECTION('',(0.,0.,1.));
#9724=DIRECTION('',(-1.,0.,0.));
#9725=DIRECTION('',(0.,1.,0.));
#9726=DIRECTION('',(0.,0.,1.));
#9727=DIRECTION('',(-1.,0.,0.));
#9728=DIRECTION('',(0.,1.,0.));
#9729=DIRECTION('',(0.,0.,1.));
#9730=DIRECTION('',(-1.,0.,0.));
#9731=DIRECTION('',(0.,1.,0.));
#9732=DIRECTION('',(0.,0.,1.));
#9733=DIRECTION('',(-1.,0.,0.));
#9734=DIRECTION('',(0.,1.,0.));
#9735=DIRECTION('',(0.,0.,1.));
#9736=DIRECTION('',(-1.,0.,0.));
#9737=DIRECTION('',(0.,1.,0.));
#9738=DIRECTION('',(0.,0.,1.));
#9739=DIRECTION('',(-1.,0.,0.));
#9740=DIRECTION('',(0.,1.,0.));
#9741=DIRECTION('',(0.,0.,1.));
#9742=DIRECTION('',(-1.,0.,0.));
#9743=DIRECTION('',(0.,1.,0.));
#9744=DIRECTION('',(0.,0.,-1.));
#9745=DIRECTION('',(0.,1.,0.));
#9746=DIRECTION('',(1.,0.,0.));
#9747=DIRECTION('',(0.,-1.,0.));
#9748=DIRECTION('',(0.,-1.,0.));
#9749=DIRECTION('',(0.,-1.,0.));
#9750=DIRECTION('',(1.,0.,0.));
#9751=DIRECTION('',(0.,-1.,0.));
#9752=DIRECTION('',(1.,0.,0.));
#9753=DIRECTION('',(0.,-1.,0.));
#9754=DIRECTION('',(1.,0.,0.));
#9755=DIRECTION('',(0.,-1.,0.));
#9756=DIRECTION('',(1.,0.,0.));
#9757=DIRECTION('',(0.,-1.,0.));
#9758=DIRECTION('',(1.,0.,0.));
#9759=DIRECTION('',(0.,-1.,0.));
#9760=DIRECTION('',(1.,0.,0.));
#9761=DIRECTION('',(0.,-1.,0.));
#9762=DIRECTION('',(1.,0.,0.));
#9763=DIRECTION('',(0.,-1.,0.));
#9764=DIRECTION('',(1.,0.,0.));
#9765=DIRECTION('',(0.,-1.,0.));
#9766=DIRECTION('',(1.,0.,0.));
#9767=DIRECTION('',(0.,-1.,0.));
#9768=DIRECTION('',(1.,0.,0.));
#9769=DIRECTION('',(0.,-1.,0.));
#9770=DIRECTION('',(1.,0.,0.));
#9771=DIRECTION('',(0.,-1.,0.));
#9772=DIRECTION('',(1.,0.,0.));
#9773=DIRECTION('',(0.,-1.,0.));
#9774=DIRECTION('',(1.,0.,0.));
#9775=DIRECTION('',(0.,-1.,0.));
#9776=DIRECTION('',(1.,0.,0.));
#9777=DIRECTION('',(0.,-1.,0.));
#9778=DIRECTION('',(0.,0.,1.));
#9779=DIRECTION('',(1.,0.,0.));
#9780=DIRECTION('',(0.,-1.,0.));
#9781=DIRECTION('',(0.,0.,1.));
#9782=DIRECTION('',(1.,0.,0.));
#9783=DIRECTION('',(0.,-1.,0.));
#9784=DIRECTION('',(0.,0.,1.));
#9785=DIRECTION('',(1.,0.,0.));
#9786=DIRECTION('',(0.,-1.,0.));
#9787=DIRECTION('',(0.,0.,1.));
#9788=DIRECTION('',(1.,0.,0.));
#9789=DIRECTION('',(0.,-1.,0.));
#9790=DIRECTION('',(1.,0.,0.));
#9791=DIRECTION('',(0.,-1.,0.));
#9792=DIRECTION('',(0.,0.,1.));
#9793=DIRECTION('',(1.,0.,0.));
#9794=DIRECTION('',(0.,-1.,0.));
#9795=DIRECTION('',(0.,0.,1.));
#9796=DIRECTION('',(1.,0.,0.));
#9797=DIRECTION('',(0.,-1.,0.));
#9798=DIRECTION('',(0.,0.,1.));
#9799=DIRECTION('',(1.,0.,0.));
#9800=DIRECTION('',(0.,-1.,0.));
#9801=DIRECTION('',(0.,0.,1.));
#9802=DIRECTION('',(1.,0.,0.));
#9803=DIRECTION('',(0.,-1.,0.));
#9804=DIRECTION('',(0.,0.,1.));
#9805=DIRECTION('',(1.,0.,0.));
#9806=DIRECTION('',(0.,-1.,0.));
#9807=DIRECTION('',(0.,0.,1.));
#9808=DIRECTION('',(1.,0.,0.));
#9809=DIRECTION('',(0.,-1.,0.));
#9810=DIRECTION('',(0.,0.,1.));
#9811=DIRECTION('',(1.,0.,0.));
#9812=DIRECTION('',(0.,-1.,0.));
#9813=DIRECTION('',(0.,0.,1.));
#9814=DIRECTION('',(1.,0.,0.));
#9815=DIRECTION('',(0.,-1.,0.));
#9816=DIRECTION('',(0.,0.,1.));
#9817=DIRECTION('',(1.,0.,0.));
#9818=DIRECTION('',(0.,-1.,0.));
#9819=DIRECTION('',(0.,0.,1.));
#9820=DIRECTION('',(1.,0.,0.));
#9821=DIRECTION('',(0.,-1.,0.));
#9822=DIRECTION('',(0.,0.,-1.));
#9823=DIRECTION('',(0.,1.,0.));
#9824=DIRECTION('',(0.,0.,-1.));
#9825=DIRECTION('',(0.,1.,0.));
#9826=DIRECTION('',(0.,-1.,0.));
#9827=DIRECTION('',(-1.,2.31296463463574E-16,0.));
#9828=DIRECTION('',(0.,-1.,0.));
#9829=DIRECTION('',(0.,0.,-1.));
#9830=DIRECTION('',(0.,1.,0.));
#9831=DIRECTION('',(0.,-1.,0.));
#9832=DIRECTION('',(0.,-1.,0.));
#9833=DIRECTION('',(1.,0.,0.));
#9834=DIRECTION('',(0.,-1.,0.));
#9835=DIRECTION('',(-1.,0.,0.));
#9836=DIRECTION('',(0.,1.,0.));
#9837=DIRECTION('',(-1.,0.,0.));
#9838=DIRECTION('',(0.,1.,0.));
#9839=DIRECTION('',(-1.,0.,0.));
#9840=DIRECTION('',(0.,1.,0.));
#9841=DIRECTION('',(-1.,0.,0.));
#9842=DIRECTION('',(0.,1.,0.));
#9843=DIRECTION('',(-1.,0.,0.));
#9844=DIRECTION('',(0.,1.,0.));
#9845=DIRECTION('',(-1.,0.,0.));
#9846=DIRECTION('',(0.,1.,0.));
#9847=DIRECTION('',(-1.,0.,0.));
#9848=DIRECTION('',(0.,1.,0.));
#9849=DIRECTION('',(-1.,0.,0.));
#9850=DIRECTION('',(0.,1.,0.));
#9851=DIRECTION('',(-1.,0.,0.));
#9852=DIRECTION('',(0.,1.,0.));
#9853=DIRECTION('',(-1.,0.,0.));
#9854=DIRECTION('',(0.,1.,0.));
#9855=DIRECTION('',(-1.,0.,0.));
#9856=DIRECTION('',(0.,1.,0.));
#9857=DIRECTION('',(-1.,0.,0.));
#9858=DIRECTION('',(0.,1.,0.));
#9859=DIRECTION('',(-1.,0.,0.));
#9860=DIRECTION('',(0.,1.,0.));
#9861=DIRECTION('',(-1.,0.,0.));
#9862=DIRECTION('',(0.,1.,0.));
#9863=DIRECTION('',(-1.,0.,0.));
#9864=DIRECTION('',(0.,1.,0.));
#9865=DIRECTION('',(-1.,0.,0.));
#9866=DIRECTION('',(0.,1.,0.));
#9867=DIRECTION('',(-1.,0.,0.));
#9868=DIRECTION('',(0.,1.,0.));
#9869=DIRECTION('',(-1.,0.,0.));
#9870=DIRECTION('',(0.,1.,0.));
#9871=DIRECTION('',(-1.,0.,0.));
#9872=DIRECTION('',(0.,1.,0.));
#9873=DIRECTION('',(-1.,0.,0.));
#9874=DIRECTION('',(0.,1.,0.));
#9875=DIRECTION('',(-1.,0.,0.));
#9876=DIRECTION('',(0.,1.,0.));
#9877=DIRECTION('',(-1.,0.,0.));
#9878=DIRECTION('',(0.,1.,0.));
#9879=DIRECTION('',(-1.,0.,0.));
#9880=DIRECTION('',(0.,1.,0.));
#9881=DIRECTION('',(-1.,0.,0.));
#9882=DIRECTION('',(0.,1.,0.));
#9883=DIRECTION('',(-1.,0.,0.));
#9884=DIRECTION('',(0.,1.,0.));
#9885=DIRECTION('',(-1.,0.,0.));
#9886=DIRECTION('',(0.,1.,0.));
#9887=DIRECTION('',(-1.,0.,0.));
#9888=DIRECTION('',(0.,1.,0.));
#9889=DIRECTION('',(-1.,0.,0.));
#9890=DIRECTION('',(0.,1.,0.));
#9891=DIRECTION('',(0.,-1.,0.));
#9892=DIRECTION('',(0.,-1.,0.));
#9893=DIRECTION('',(0.,0.,-1.));
#9894=DIRECTION('',(0.,1.,0.));
#9895=DIRECTION('',(0.,-1.,0.));
#9896=DIRECTION('',(0.,-1.,0.));
#9897=DIRECTION('',(1.,0.,0.));
#9898=DIRECTION('',(0.,-1.,0.));
#9899=DIRECTION('',(1.,0.,0.));
#9900=DIRECTION('',(0.,-1.,0.));
#9901=DIRECTION('',(1.,0.,0.));
#9902=DIRECTION('',(0.,-1.,0.));
#9903=DIRECTION('',(1.,0.,0.));
#9904=DIRECTION('',(0.,-1.,0.));
#9905=DIRECTION('',(1.,0.,0.));
#9906=DIRECTION('',(0.,-1.,0.));
#9907=DIRECTION('',(1.,0.,0.));
#9908=DIRECTION('',(0.,-1.,0.));
#9909=DIRECTION('',(1.,0.,0.));
#9910=DIRECTION('',(0.,-1.,0.));
#9911=DIRECTION('',(1.,0.,0.));
#9912=DIRECTION('',(0.,-1.,0.));
#9913=DIRECTION('',(1.,0.,0.));
#9914=DIRECTION('',(0.,-1.,0.));
#9915=DIRECTION('',(1.,0.,0.));
#9916=DIRECTION('',(0.,-1.,0.));
#9917=DIRECTION('',(1.,0.,0.));
#9918=DIRECTION('',(0.,-1.,0.));
#9919=DIRECTION('',(1.,0.,0.));
#9920=DIRECTION('',(0.,-1.,0.));
#9921=DIRECTION('',(1.,0.,0.));
#9922=DIRECTION('',(0.,-1.,0.));
#9923=DIRECTION('',(1.,0.,0.));
#9924=DIRECTION('',(0.,-1.,0.));
#9925=DIRECTION('',(1.,0.,0.));
#9926=DIRECTION('',(0.,-1.,0.));
#9927=DIRECTION('',(1.,0.,0.));
#9928=DIRECTION('',(0.,-1.,0.));
#9929=DIRECTION('',(1.,0.,0.));
#9930=DIRECTION('',(0.,-1.,0.));
#9931=DIRECTION('',(1.,0.,0.));
#9932=DIRECTION('',(0.,-1.,0.));
#9933=DIRECTION('',(1.,0.,0.));
#9934=DIRECTION('',(0.,-1.,0.));
#9935=DIRECTION('',(1.,0.,0.));
#9936=DIRECTION('',(0.,-1.,0.));
#9937=DIRECTION('',(1.,0.,0.));
#9938=DIRECTION('',(0.,-1.,0.));
#9939=DIRECTION('',(1.,0.,0.));
#9940=DIRECTION('',(0.,-1.,0.));
#9941=DIRECTION('',(1.,0.,0.));
#9942=DIRECTION('',(0.,-1.,0.));
#9943=DIRECTION('',(1.,0.,0.));
#9944=DIRECTION('',(0.,-1.,0.));
#9945=DIRECTION('',(1.,0.,0.));
#9946=DIRECTION('',(0.,-1.,0.));
#9947=DIRECTION('',(1.,0.,0.));
#9948=DIRECTION('',(0.,-1.,0.));
#9949=DIRECTION('',(1.,0.,0.));
#9950=DIRECTION('',(0.,-1.,0.));
#9951=DIRECTION('',(1.,0.,0.));
#9952=DIRECTION('',(0.,-1.,0.));
#9953=DIRECTION('',(1.,0.,0.));
#9954=DIRECTION('',(0.,-1.,0.));
#9955=DIRECTION('',(0.,-1.,0.));
#9956=DIRECTION('',(0.,-1.,0.));
#9957=DIRECTION('',(0.,1.,0.));
#9958=DIRECTION('',(1.,0.,0.));
#9959=DIRECTION('',(0.,1.,0.));
#9960=DIRECTION('',(1.,0.,0.));
#9961=DIRECTION('',(0.,1.,0.));
#9962=DIRECTION('',(1.,0.,0.));
#9963=DIRECTION('',(0.,1.,0.));
#9964=DIRECTION('',(1.,0.,0.));
#9965=DIRECTION('',(0.,1.,0.));
#9966=DIRECTION('',(1.,0.,0.));
#9967=DIRECTION('',(0.,1.,0.));
#9968=DIRECTION('',(1.,0.,0.));
#9969=DIRECTION('',(0.,1.,0.));
#9970=DIRECTION('',(1.,0.,0.));
#9971=DIRECTION('',(0.,0.,1.));
#9972=DIRECTION('',(0.,0.,1.));
#9973=DIRECTION('',(0.,0.,1.));
#9974=DIRECTION('',(0.,0.,1.));
#9975=DIRECTION('',(0.,0.,1.));
#9976=DIRECTION('',(0.,0.,1.));
#9977=DIRECTION('',(0.,0.,1.));
#9978=DIRECTION('',(0.,0.,1.));
#9979=DIRECTION('',(0.,0.,1.));
#9980=DIRECTION('',(0.,0.,1.));
#9981=DIRECTION('',(0.,0.,1.));
#9982=DIRECTION('',(0.,0.,1.));
#9983=DIRECTION('',(0.,0.,1.));
#9984=DIRECTION('',(0.,0.,1.));
#9985=DIRECTION('',(0.,0.,1.));
#9986=DIRECTION('',(0.,0.,1.));
#9987=DIRECTION('',(0.,0.,1.));
#9988=DIRECTION('',(0.,0.,1.));
#9989=DIRECTION('',(0.,0.,1.));
#9990=DIRECTION('',(0.,0.,1.));
#9991=DIRECTION('',(0.,0.,1.));
#9992=DIRECTION('',(0.,0.,1.));
#9993=DIRECTION('',(0.,0.,1.));
#9994=DIRECTION('',(0.,0.,1.));
#9995=DIRECTION('',(0.,0.,1.));
#9996=DIRECTION('',(0.,0.,1.));
#9997=DIRECTION('',(0.,0.,1.));
#9998=DIRECTION('',(0.,0.,1.));
#9999=DIRECTION('',(0.,-1.,0.));
#10000=DIRECTION('',(-1.,0.,0.));
#10001=DIRECTION('',(0.,1.,0.));
#10002=DIRECTION('',(1.,0.,0.));
#10003=DIRECTION('',(0.,-1.,0.));
#10004=DIRECTION('',(-1.,0.,0.));
#10005=DIRECTION('',(0.,1.,0.));
#10006=DIRECTION('',(1.,0.,0.));
#10007=DIRECTION('',(-1.,0.,0.));
#10008=DIRECTION('',(0.,1.,0.));
#10009=DIRECTION('',(-1.,0.,0.));
#10010=DIRECTION('',(0.,1.,0.));
#10011=DIRECTION('',(-1.,0.,0.));
#10012=DIRECTION('',(0.,0.,1.));
#10013=DIRECTION('',(-1.,0.,0.));
#10014=DIRECTION('',(0.,1.,0.));
#10015=DIRECTION('',(-1.,0.,0.));
#10016=DIRECTION('',(0.,1.,0.));
#10017=DIRECTION('',(-1.,0.,0.));
#10018=DIRECTION('',(0.,1.,0.));
#10019=DIRECTION('',(-1.,0.,0.));
#10020=DIRECTION('',(0.,0.,1.));
#10021=DIRECTION('',(-1.,0.,0.));
#10022=DIRECTION('',(0.,1.,0.));
#10023=DIRECTION('',(-1.,0.,0.));
#10024=DIRECTION('',(0.,1.,0.));
#10025=DIRECTION('',(-1.,0.,0.));
#10026=DIRECTION('',(0.,0.,1.));
#10027=DIRECTION('',(-1.,0.,0.));
#10028=DIRECTION('',(0.,1.,0.));
#10029=DIRECTION('',(-1.,0.,0.));
#10030=DIRECTION('',(0.,1.,0.));
#10031=DIRECTION('',(-1.,0.,0.));
#10032=DIRECTION('',(0.,1.,0.));
#10033=DIRECTION('',(-1.,0.,0.));
#10034=DIRECTION('',(0.,0.,1.));
#10035=DIRECTION('',(-1.,0.,0.));
#10036=DIRECTION('',(0.,1.,0.));
#10037=DIRECTION('',(-1.,0.,0.));
#10038=DIRECTION('',(0.,1.,0.));
#10039=DIRECTION('',(-1.,0.,0.));
#10040=DIRECTION('',(0.,1.,0.));
#10041=DIRECTION('',(-1.,0.,0.));
#10042=DIRECTION('',(0.,0.,1.));
#10043=DIRECTION('',(-1.,0.,0.));
#10044=DIRECTION('',(0.,1.,0.));
#10045=DIRECTION('',(-1.,0.,0.));
#10046=DIRECTION('',(0.,1.,0.));
#10047=DIRECTION('',(-1.,0.,0.));
#10048=DIRECTION('',(0.,1.,0.));
#10049=DIRECTION('',(-1.,0.,0.));
#10050=DIRECTION('',(0.,0.,1.));
#10051=DIRECTION('',(-1.,0.,0.));
#10052=DIRECTION('',(0.,1.,0.));
#10053=DIRECTION('',(-1.,0.,0.));
#10054=DIRECTION('',(0.,1.,0.));
#10055=DIRECTION('',(-1.,0.,0.));
#10056=DIRECTION('',(0.,0.,1.));
#10057=DIRECTION('',(-1.,0.,0.));
#10058=DIRECTION('',(0.,0.,1.));
#10059=DIRECTION('',(-1.,0.,0.));
#10060=DIRECTION('',(0.,1.,0.));
#10061=DIRECTION('',(-1.,0.,0.));
#10062=DIRECTION('',(0.,1.,0.));
#10063=DIRECTION('',(-1.,0.,0.));
#10064=DIRECTION('',(0.,1.,0.));
#10065=DIRECTION('',(-1.,0.,0.));
#10066=DIRECTION('',(0.,1.,0.));
#10067=DIRECTION('',(-1.,0.,0.));
#10068=DIRECTION('',(0.,0.,1.));
#10069=DIRECTION('',(-1.,0.,0.));
#10070=DIRECTION('',(0.,1.,0.));
#10071=DIRECTION('',(-1.,0.,0.));
#10072=DIRECTION('',(0.,1.,0.));
#10073=DIRECTION('',(-1.,0.,0.));
#10074=DIRECTION('',(0.,1.,0.));
#10075=DIRECTION('',(-1.,0.,0.));
#10076=DIRECTION('',(0.,1.,0.));
#10077=DIRECTION('',(-1.,0.,0.));
#10078=DIRECTION('',(0.,0.,1.));
#10079=DIRECTION('',(-1.,0.,0.));
#10080=DIRECTION('',(0.,1.,0.));
#10081=DIRECTION('',(-1.,0.,0.));
#10082=DIRECTION('',(0.,1.,0.));
#10083=DIRECTION('',(-1.,0.,0.));
#10084=DIRECTION('',(0.,0.,1.));
#10085=DIRECTION('',(-1.,0.,0.));
#10086=DIRECTION('',(0.,1.,0.));
#10087=DIRECTION('',(-1.,0.,0.));
#10088=DIRECTION('',(0.,1.,0.));
#10089=DIRECTION('',(-1.,0.,0.));
#10090=DIRECTION('',(0.,1.,0.));
#10091=DIRECTION('',(-1.,0.,0.));
#10092=DIRECTION('',(0.,0.,1.));
#10093=DIRECTION('',(-1.,0.,0.));
#10094=DIRECTION('',(0.,1.,0.));
#10095=DIRECTION('',(-1.,0.,0.));
#10096=DIRECTION('',(0.,1.,0.));
#10097=DIRECTION('',(-1.,0.,0.));
#10098=DIRECTION('',(0.,1.,0.));
#10099=DIRECTION('',(-1.,0.,0.));
#10100=DIRECTION('',(0.,0.,1.));
#10101=DIRECTION('',(-1.,0.,0.));
#10102=DIRECTION('',(0.,1.,0.));
#10103=DIRECTION('',(-1.,0.,0.));
#10104=DIRECTION('',(0.,1.,0.));
#10105=DIRECTION('',(-1.,0.,0.));
#10106=DIRECTION('',(0.,1.,0.));
#10107=DIRECTION('',(-1.,0.,0.));
#10108=DIRECTION('',(0.,0.,1.));
#10109=DIRECTION('',(-1.,0.,0.));
#10110=DIRECTION('',(0.,1.,0.));
#10111=DIRECTION('',(-1.,0.,0.));
#10112=DIRECTION('',(0.,1.,0.));
#10113=DIRECTION('',(-1.,0.,0.));
#10114=DIRECTION('',(0.,1.,0.));
#10115=DIRECTION('',(-1.,0.,0.));
#10116=DIRECTION('',(0.,1.,0.));
#10117=DIRECTION('',(-1.,0.,0.));
#10118=DIRECTION('',(0.,0.,1.));
#10119=DIRECTION('',(-1.,0.,0.));
#10120=DIRECTION('',(0.,1.,0.));
#10121=DIRECTION('',(-1.,0.,0.));
#10122=DIRECTION('',(0.,1.,0.));
#10123=DIRECTION('',(-1.,0.,0.));
#10124=DIRECTION('',(0.,1.,0.));
#10125=DIRECTION('',(-1.,0.,0.));
#10126=DIRECTION('',(0.,0.,1.));
#10127=DIRECTION('',(1.,0.,0.));
#10128=DIRECTION('',(0.,-1.,0.));
#10129=DIRECTION('',(1.,0.,0.));
#10130=DIRECTION('',(0.,-1.,0.));
#10131=DIRECTION('',(1.,0.,0.));
#10132=DIRECTION('',(0.,0.,-1.));
#10133=DIRECTION('',(1.,0.,0.));
#10134=DIRECTION('',(0.,-1.,0.));
#10135=DIRECTION('',(1.,0.,0.));
#10136=DIRECTION('',(0.,-1.,0.));
#10137=DIRECTION('',(1.,0.,0.));
#10138=DIRECTION('',(0.,0.,-1.));
#10139=DIRECTION('',(1.,0.,0.));
#10140=DIRECTION('',(0.,-1.,0.));
#10141=DIRECTION('',(1.,0.,0.));
#10142=DIRECTION('',(0.,-1.,0.));
#10143=DIRECTION('',(1.,0.,0.));
#10144=DIRECTION('',(0.,-1.,0.));
#10145=DIRECTION('',(1.,0.,0.));
#10146=DIRECTION('',(0.,0.,-1.));
#10147=DIRECTION('',(1.,0.,0.));
#10148=DIRECTION('',(0.,-1.,0.));
#10149=DIRECTION('',(1.,0.,0.));
#10150=DIRECTION('',(0.,-1.,0.));
#10151=DIRECTION('',(1.,0.,0.));
#10152=DIRECTION('',(0.,-1.,0.));
#10153=DIRECTION('',(1.,0.,0.));
#10154=DIRECTION('',(0.,0.,-1.));
#10155=DIRECTION('',(1.,0.,0.));
#10156=DIRECTION('',(0.,-1.,0.));
#10157=DIRECTION('',(1.,0.,0.));
#10158=DIRECTION('',(0.,-1.,0.));
#10159=DIRECTION('',(1.,0.,0.));
#10160=DIRECTION('',(0.,-1.,0.));
#10161=DIRECTION('',(1.,0.,0.));
#10162=DIRECTION('',(0.,0.,-1.));
#10163=DIRECTION('',(1.,0.,0.));
#10164=DIRECTION('',(0.,-1.,0.));
#10165=DIRECTION('',(1.,0.,0.));
#10166=DIRECTION('',(0.,-1.,0.));
#10167=DIRECTION('',(1.,0.,0.));
#10168=DIRECTION('',(0.,0.,-1.));
#10169=DIRECTION('',(1.,0.,0.));
#10170=DIRECTION('',(0.,-1.,0.));
#10171=DIRECTION('',(1.,0.,0.));
#10172=DIRECTION('',(0.,-1.,0.));
#10173=DIRECTION('',(1.,0.,0.));
#10174=DIRECTION('',(0.,0.,-1.));
#10175=DIRECTION('',(1.,0.,0.));
#10176=DIRECTION('',(0.,-1.,0.));
#10177=DIRECTION('',(1.,0.,0.));
#10178=DIRECTION('',(0.,-1.,0.));
#10179=DIRECTION('',(1.,0.,0.));
#10180=DIRECTION('',(0.,0.,-1.));
#10181=DIRECTION('',(1.,0.,0.));
#10182=DIRECTION('',(0.,-1.,0.));
#10183=DIRECTION('',(1.,0.,0.));
#10184=DIRECTION('',(0.,-1.,0.));
#10185=DIRECTION('',(1.,0.,0.));
#10186=DIRECTION('',(0.,-1.,0.));
#10187=DIRECTION('',(1.,0.,0.));
#10188=DIRECTION('',(0.,-1.,0.));
#10189=DIRECTION('',(1.,0.,0.));
#10190=DIRECTION('',(0.,0.,-1.));
#10191=DIRECTION('',(1.,0.,0.));
#10192=DIRECTION('',(0.,-1.,0.));
#10193=DIRECTION('',(1.,0.,0.));
#10194=DIRECTION('',(0.,-1.,0.));
#10195=DIRECTION('',(1.,0.,0.));
#10196=DIRECTION('',(0.,0.,-1.));
#10197=DIRECTION('',(1.,0.,0.));
#10198=DIRECTION('',(0.,-1.,0.));
#10199=DIRECTION('',(1.,0.,0.));
#10200=DIRECTION('',(0.,-1.,0.));
#10201=DIRECTION('',(1.,0.,0.));
#10202=DIRECTION('',(0.,-1.,0.));
#10203=DIRECTION('',(1.,0.,0.));
#10204=DIRECTION('',(0.,0.,-1.));
#10205=DIRECTION('',(1.,0.,0.));
#10206=DIRECTION('',(0.,-1.,0.));
#10207=DIRECTION('',(1.,0.,0.));
#10208=DIRECTION('',(0.,-1.,0.));
#10209=DIRECTION('',(1.,0.,0.));
#10210=DIRECTION('',(0.,-1.,0.));
#10211=DIRECTION('',(1.,0.,0.));
#10212=DIRECTION('',(0.,0.,-1.));
#10213=DIRECTION('',(1.,0.,0.));
#10214=DIRECTION('',(0.,-1.,0.));
#10215=DIRECTION('',(1.,0.,0.));
#10216=DIRECTION('',(0.,-1.,0.));
#10217=DIRECTION('',(1.,0.,0.));
#10218=DIRECTION('',(0.,-1.,0.));
#10219=DIRECTION('',(1.,0.,0.));
#10220=DIRECTION('',(0.,0.,-1.));
#10221=DIRECTION('',(1.,0.,0.));
#10222=DIRECTION('',(0.,-1.,0.));
#10223=DIRECTION('',(1.,0.,0.));
#10224=DIRECTION('',(0.,-1.,0.));
#10225=DIRECTION('',(1.,0.,0.));
#10226=DIRECTION('',(0.,-1.,0.));
#10227=DIRECTION('',(1.,0.,0.));
#10228=DIRECTION('',(0.,-1.,0.));
#10229=DIRECTION('',(1.,0.,0.));
#10230=DIRECTION('',(0.,0.,-1.));
#10231=DIRECTION('',(1.,0.,0.));
#10232=DIRECTION('',(0.,-1.,0.));
#10233=DIRECTION('',(1.,0.,0.));
#10234=DIRECTION('',(0.,-1.,0.));
#10235=DIRECTION('',(1.,0.,0.));
#10236=DIRECTION('',(0.,-1.,0.));
#10237=DIRECTION('',(1.,0.,0.));
#10238=DIRECTION('',(0.,0.,-1.));
#10239=DIRECTION('',(1.,0.,0.));
#10240=DIRECTION('',(0.,-1.,0.));
#10241=DIRECTION('',(1.,0.,0.));
#10242=DIRECTION('',(0.,-1.,0.));
#10243=DIRECTION('',(1.,0.,-2.28442929527496E-16));
#10244=DIRECTION('',(-2.28442929527496E-16,0.,-1.));
#10245=DIRECTION('',(0.,-1.,0.));
#10246=DIRECTION('',(2.28442929527496E-16,0.,1.));
#10247=DIRECTION('',(0.,-1.,0.));
#10248=DIRECTION('',(0.,0.,-1.));
#10249=DIRECTION('',(0.,1.,0.));
#10250=DIRECTION('',(1.,0.,0.));
#10251=DIRECTION('',(0.,-1.,0.));
#10252=DIRECTION('',(-1.,0.,1.14221464763748E-16));
#10253=DIRECTION('',(1.14221464763748E-16,0.,1.));
#10254=DIRECTION('',(-1.14221464763748E-16,0.,-1.));
#10255=DIRECTION('',(0.,-1.,0.));
#10256=DIRECTION('',(1.08073039364158E-16,0.,1.));
#10257=DIRECTION('',(1.,0.,-1.08073039364158E-16));
#10258=DIRECTION('',(-1.,0.,1.08073039364158E-16));
#10259=DIRECTION('',(0.,1.,0.));
#10260=DIRECTION('',(1.,0.,0.));
#10261=DIRECTION('',(0.,0.,1.));
#10262=DIRECTION('',(0.,-1.,0.));
#10263=DIRECTION('',(0.,-1.,0.));
#10264=DIRECTION('',(-1.,0.,0.));
#10265=DIRECTION('',(0.,-1.,0.));
#10266=DIRECTION('',(1.,0.,0.));
#10267=DIRECTION('',(0.,-1.,0.));
#10268=DIRECTION('',(0.,0.,1.));
#10269=DIRECTION('',(0.,-1.,0.));
#10270=DIRECTION('',(-2.16146078728316E-16,0.,-1.));
#10271=DIRECTION('',(-1.,0.,2.16146078728316E-16));
#10272=DIRECTION('',(1.,0.,-2.16146078728316E-16));
#10273=DIRECTION('',(0.,-1.,0.));
#10274=DIRECTION('',(-1.,0.,0.));
#10275=DIRECTION('',(0.,1.,0.));
#10276=DIRECTION('',(0.,0.,-1.));
#10277=DIRECTION('',(0.,1.,0.));
#10278=DIRECTION('',(1.,0.,0.));
#10279=DIRECTION('',(0.966816197392112,0.,0.255472974031025));
#10280=DIRECTION('',(0.255472974031025,0.,-0.966816197392112));
#10281=DIRECTION('',(-0.255472974031025,0.,0.966816197392112));
#10282=DIRECTION('',(0.,-1.,0.));
#10283=DIRECTION('',(-0.255472974031025,0.,0.966816197392112));
#10284=DIRECTION('',(0.,-1.,0.));
#10285=DIRECTION('',(0.887023653641807,0.,0.461723984518825));
#10286=DIRECTION('',(0.461723984518825,0.,-0.887023653641807));
#10287=DIRECTION('',(-0.461723984518825,0.,0.887023653641807));
#10288=DIRECTION('',(-0.461723984518825,0.,0.887023653641807));
#10289=DIRECTION('',(0.,-1.,0.));
#10290=DIRECTION('',(0.746705981433555,0.,0.665154250750419));
#10291=DIRECTION('',(0.665154250750419,0.,-0.746705981433555));
#10292=DIRECTION('',(-0.665154250750419,0.,0.746705981433555));
#10293=DIRECTION('',(-0.665154250750419,0.,0.746705981433555));
#10294=DIRECTION('',(0.,-1.,0.));
#10295=DIRECTION('',(0.561763149654138,0.,0.827298110532511));
#10296=DIRECTION('',(0.827298110532511,0.,-0.561763149654138));
#10297=DIRECTION('',(-0.827298110532511,0.,0.561763149654138));
#10298=DIRECTION('',(-0.827298110532511,0.,0.561763149654138));
#10299=DIRECTION('',(0.,-1.,0.));
#10300=DIRECTION('',(0.368820880904917,0.,0.929500488331513));
#10301=DIRECTION('',(0.929500488331513,0.,-0.368820880904917));
#10302=DIRECTION('',(-0.929500488331513,0.,0.368820880904917));
#10303=DIRECTION('',(-0.929500488331513,0.,0.368820880904917));
#10304=DIRECTION('',(0.,-1.,0.));
#10305=DIRECTION('',(0.197462174413288,0.,0.980310506766084));
#10306=DIRECTION('',(0.980310506766084,0.,-0.197462174413288));
#10307=DIRECTION('',(-0.980310506766084,0.,0.197462174413288));
#10308=DIRECTION('',(-0.980310506766084,0.,0.197462174413288));
#10309=DIRECTION('',(0.,-1.,0.));
#10310=DIRECTION('',(0.0580860143662154,0.,0.998311582090005));
#10311=DIRECTION('',(0.998311582090005,0.,-0.0580860143662154));
#10312=DIRECTION('',(-0.998311582090005,0.,0.0580860143662154));
#10313=DIRECTION('',(-0.998311582090005,0.,0.0580860143662154));
#10314=DIRECTION('',(0.,-1.,0.));
#10315=DIRECTION('',(-0.0831908869582315,0.,0.996533630304117));
#10316=DIRECTION('',(0.996533630304117,0.,0.0831908869582315));
#10317=DIRECTION('',(-0.996533630304117,0.,-0.0831908869582315));
#10318=DIRECTION('',(-0.996533630304117,0.,-0.0831908869582315));
#10319=DIRECTION('',(0.,-1.,0.));
#10320=DIRECTION('',(-0.264267046333718,0.,0.964449546747808));
#10321=DIRECTION('',(0.964449546747808,0.,0.264267046333718));
#10322=DIRECTION('',(-0.964449546747808,0.,-0.264267046333718));
#10323=DIRECTION('',(-0.964449546747808,0.,-0.264267046333718));
#10324=DIRECTION('',(0.,-1.,0.));
#10325=DIRECTION('',(-0.45019366929397,0.,0.892930938050436));
#10326=DIRECTION('',(0.892930938050436,0.,0.45019366929397));
#10327=DIRECTION('',(-0.892930938050436,0.,-0.45019366929397));
#10328=DIRECTION('',(-0.892930938050436,0.,-0.45019366929397));
#10329=DIRECTION('',(0.,-1.,0.));
#10330=DIRECTION('',(-0.618865842544322,0.,0.785496702050305));
#10331=DIRECTION('',(0.785496702050305,0.,0.618865842544322));
#10332=DIRECTION('',(-0.785496702050305,0.,-0.618865842544323));
#10333=DIRECTION('',(-0.785496702050305,0.,-0.618865842544323));
#10334=DIRECTION('',(0.,-1.,0.));
#10335=DIRECTION('',(-0.749821291228239,0.,0.661640409301621));
#10336=DIRECTION('',(0.661640409301621,0.,0.749821291228239));
#10337=DIRECTION('',(-0.661640409301621,0.,-0.749821291228239));
#10338=DIRECTION('',(-0.661640409301621,0.,-0.749821291228239));
#10339=DIRECTION('',(0.,-1.,0.));
#10340=DIRECTION('',(-0.861045747811475,0.,0.50852750188734));
#10341=DIRECTION('',(0.50852750188734,0.,0.861045747811475));
#10342=DIRECTION('',(-0.50852750188734,0.,-0.861045747811475));
#10343=DIRECTION('',(-0.50852750188734,0.,-0.861045747811475));
#10344=DIRECTION('',(0.,-1.,0.));
#10345=DIRECTION('',(-0.946770304026891,0.,0.321909911951821));
#10346=DIRECTION('',(0.321909911951821,0.,0.946770304026891));
#10347=DIRECTION('',(-0.321909911951821,0.,-0.946770304026891));
#10348=DIRECTION('',(-0.321909911951821,0.,-0.946770304026891));
#10349=DIRECTION('',(0.,-1.,0.));
#10350=DIRECTION('',(-0.992581950078812,0.,0.12157743366983));
#10351=DIRECTION('',(0.12157743366983,0.,0.992581950078812));
#10352=DIRECTION('',(-0.12157743366983,0.,-0.992581950078812));
#10353=DIRECTION('',(-0.12157743366983,0.,-0.992581950078812));
#10354=DIRECTION('',(0.,-1.,0.));
#10355=DIRECTION('',(-0.999834476724404,0.,0.0181939317696251));
#10356=DIRECTION('',(0.0181939317696251,0.,0.999834476724404));
#10357=DIRECTION('',(-0.0181939317696251,0.,-0.999834476724404));
#10358=DIRECTION('',(-0.0181939317696251,0.,-0.999834476724404));
#10359=DIRECTION('',(0.,-1.,0.));
#10360=DIRECTION('',(0.570197410762321,0.,-0.821507707060588));
#10361=DIRECTION('',(-0.821507707060588,0.,-0.570197410762321));
#10362=DIRECTION('',(0.821507707060588,0.,0.570197410762321));
#10363=DIRECTION('',(0.821507707060588,0.,0.570197410762321));
#10364=DIRECTION('',(0.,-1.,0.));
#10365=DIRECTION('',(0.386113619165086,0.,-0.922451230740812));
#10366=DIRECTION('',(-0.922451230740812,0.,-0.386113619165086));
#10367=DIRECTION('',(0.922451230740812,0.,0.386113619165086));
#10368=DIRECTION('',(0.922451230740812,0.,0.386113619165086));
#10369=DIRECTION('',(0.,-1.,0.));
#10370=DIRECTION('',(0.279290470000961,0.,-0.960206661800803));
#10371=DIRECTION('',(-0.960206661800803,0.,-0.279290470000961));
#10372=DIRECTION('',(0.960206661800803,0.,0.279290470000961));
#10373=DIRECTION('',(0.960206661800803,0.,0.279290470000961));
#10374=DIRECTION('',(0.,-1.,0.));
#10375=DIRECTION('',(0.212251520299879,0.,-0.977215069537095));
#10376=DIRECTION('',(-0.977215069537095,0.,-0.212251520299879));
#10377=DIRECTION('',(0.977215069537095,0.,0.212251520299879));
#10378=DIRECTION('',(0.977215069537095,0.,0.212251520299879));
#10379=DIRECTION('',(0.,-1.,0.));
#10380=DIRECTION('',(0.210529061927209,0.,-0.977587599186922));
#10381=DIRECTION('',(-0.977587599186922,0.,-0.210529061927209));
#10382=DIRECTION('',(0.977587599186922,0.,0.210529061927209));
#10383=DIRECTION('',(0.977587599186922,0.,0.210529061927209));
#10384=DIRECTION('',(0.,-1.,0.));
#10385=DIRECTION('',(0.289002260817481,0.,-0.957328414517393));
#10386=DIRECTION('',(-0.957328414517393,0.,-0.289002260817481));
#10387=DIRECTION('',(0.957328414517393,0.,0.289002260817481));
#10388=DIRECTION('',(0.957328414517393,0.,0.289002260817481));
#10389=DIRECTION('',(0.,-1.,0.));
#10390=DIRECTION('',(0.39580203764498,0.,-0.918335857405166));
#10391=DIRECTION('',(-0.918335857405166,0.,-0.39580203764498));
#10392=DIRECTION('',(0.918335857405166,0.,0.39580203764498));
#10393=DIRECTION('',(0.918335857405166,0.,0.39580203764498));
#10394=DIRECTION('',(0.,-1.,0.));
#10395=DIRECTION('',(0.541618210163514,0.,-0.840624597795753));
#10396=DIRECTION('',(-0.840624597795753,0.,-0.541618210163514));
#10397=DIRECTION('',(0.840624597795753,0.,0.541618210163514));
#10398=DIRECTION('',(0.840624597795753,0.,0.541618210163514));
#10399=DIRECTION('',(0.,-1.,0.));
#10400=DIRECTION('',(0.716828321898347,0.,-0.697249709160499));
#10401=DIRECTION('',(-0.697249709160499,0.,-0.716828321898347));
#10402=DIRECTION('',(0.697249709160499,0.,0.716828321898347));
#10403=DIRECTION('',(0.697249709160499,0.,0.716828321898347));
#10404=DIRECTION('',(0.,-1.,0.));
#10405=DIRECTION('',(0.863145378163088,0.,-0.504955499183541));
#10406=DIRECTION('',(-0.504955499183541,0.,-0.863145378163089));
#10407=DIRECTION('',(0.504955499183541,0.,0.863145378163088));
#10408=DIRECTION('',(0.504955499183541,0.,0.863145378163088));
#10409=DIRECTION('',(0.,-1.,0.));
#10410=DIRECTION('',(0.957016011540746,0.,-0.290035090385015));
#10411=DIRECTION('',(-0.290035090385015,0.,-0.957016011540746));
#10412=DIRECTION('',(0.290035090385015,0.,0.957016011540746));
#10413=DIRECTION('',(0.290035090385015,0.,0.957016011540746));
#10414=DIRECTION('',(0.,-1.,0.));
#10415=DIRECTION('',(0.996074767415982,0.,-0.088515861387652));
#10416=DIRECTION('',(-0.088515861387652,0.,-0.996074767415982));
#10417=DIRECTION('',(0.088515861387652,0.,0.996074767415982));
#10418=DIRECTION('',(0.088515861387652,0.,0.996074767415982));
#10419=DIRECTION('',(0.,-1.,0.));
#10420=DIRECTION('',(0.77313700276877,0.,0.634239051895831));
#10421=DIRECTION('',(0.634239051895831,0.,-0.77313700276877));
#10422=DIRECTION('',(0.,-1.,0.));
#10423=DIRECTION('',(-0.634239051895831,0.,0.77313700276877));
#10424=DIRECTION('',(0.,-1.,0.));
#10425=DIRECTION('',(0.839842460473847,0.,0.542830214326022));
#10426=DIRECTION('',(0.542830214326022,0.,-0.839842460473847));
#10427=DIRECTION('',(-0.542830214326022,0.,0.839842460473847));
#10428=DIRECTION('',(0.,-1.,0.));
#10429=DIRECTION('',(0.893941970561046,0.,0.448182723082266));
#10430=DIRECTION('',(0.448182723082266,0.,-0.893941970561046));
#10431=DIRECTION('',(-0.448182723082266,0.,0.893941970561046));
#10432=DIRECTION('',(0.,-1.,0.));
#10433=DIRECTION('',(0.935196699449705,0.,0.354128696010898));
#10434=DIRECTION('',(0.354128696010898,0.,-0.935196699449705));
#10435=DIRECTION('',(-0.354128696010898,0.,0.935196699449705));
#10436=DIRECTION('',(0.,-1.,0.));
#10437=DIRECTION('',(0.964574095930533,0.,0.263812079821594));
#10438=DIRECTION('',(0.263812079821594,0.,-0.964574095930533));
#10439=DIRECTION('',(-0.263812079821594,0.,0.964574095930533));
#10440=DIRECTION('',(0.,-1.,0.));
#10441=DIRECTION('',(0.983778008219523,0.,0.179390162895371));
#10442=DIRECTION('',(0.179390162895371,0.,-0.983778008219523));
#10443=DIRECTION('',(-0.179390162895371,0.,0.983778008219523));
#10444=DIRECTION('',(0.,-1.,0.));
#10445=DIRECTION('',(0.994779882520891,0.,0.1020440362379));
#10446=DIRECTION('',(0.102044036237901,0.,-0.994779882520891));
#10447=DIRECTION('',(-0.102044036237901,0.,0.994779882520891));
#10448=DIRECTION('',(0.,-1.,0.));
#10449=DIRECTION('',(0.999482476264675,0.,0.0321679909200791));
#10450=DIRECTION('',(0.0321679909200791,0.,-0.999482476264675));
#10451=DIRECTION('',(-0.0321679909200791,0.,0.999482476264675));
#10452=DIRECTION('',(0.,-1.,0.));
#10453=DIRECTION('',(1.,0.,0.));
#10454=DIRECTION('',(0.,-1.,0.));
#10455=DIRECTION('',(0.,0.,1.));
#10456=DIRECTION('',(0.,-1.,0.));
#10457=DIRECTION('',(0.,0.,-1.));
#10458=DIRECTION('',(0.,1.,0.));
#10459=DIRECTION('',(1.,0.,0.));
#10460=DIRECTION('',(0.,-1.,0.));
#10461=DIRECTION('',(-0.971304743794075,0.,-0.237838379331694));
#10462=DIRECTION('',(-0.237838379331694,0.,0.971304743794075));
#10463=DIRECTION('',(0.237838379331694,0.,-0.971304743794075));
#10464=DIRECTION('',(0.,-1.,0.));
#10465=DIRECTION('',(-0.991883593185144,0.,-0.12714927278647));
#10466=DIRECTION('',(-0.12714927278647,0.,0.991883593185144));
#10467=DIRECTION('',(0.12714927278647,0.,-0.991883593185144));
#10468=DIRECTION('',(0.,-1.,0.));
#10469=DIRECTION('',(0.69264047773253,0.,-0.721283001745122));
#10470=DIRECTION('',(-0.721283001745122,0.,-0.69264047773253));
#10471=DIRECTION('',(0.721283001745122,0.,0.69264047773253));
#10472=DIRECTION('',(0.,-1.,0.));
#10473=DIRECTION('',(0.603086189595985,0.,-0.7976760294246));
#10474=DIRECTION('',(-0.7976760294246,0.,-0.603086189595985));
#10475=DIRECTION('',(0.7976760294246,0.,0.603086189595985));
#10476=DIRECTION('',(0.,-1.,0.));
#10477=DIRECTION('',(0.513927632089526,0.,-0.857833543862009));
#10478=DIRECTION('',(-0.857833543862009,0.,-0.513927632089526));
#10479=DIRECTION('',(0.857833543862009,0.,0.513927632089526));
#10480=DIRECTION('',(0.,-1.,0.));
#10481=DIRECTION('',(0.428864251138608,0.,-0.903368946829212));
#10482=DIRECTION('',(-0.903368946829212,0.,-0.428864251138608));
#10483=DIRECTION('',(0.903368946829213,0.,0.428864251138608));
#10484=DIRECTION('',(0.,-1.,0.));
#10485=DIRECTION('',(0.333599322216449,0.,-0.942714958095354));
#10486=DIRECTION('',(-0.942714958095354,0.,-0.333599322216449));
#10487=DIRECTION('',(0.942714958095354,0.,0.333599322216449));
#10488=DIRECTION('',(0.,-1.,0.));
#10489=DIRECTION('',(0.228826293768514,0.,-0.973467270780156));
#10490=DIRECTION('',(-0.973467270780156,0.,-0.228826293768514));
#10491=DIRECTION('',(0.973467270780156,0.,0.228826293768514));
#10492=DIRECTION('',(0.,-1.,0.));
#10493=DIRECTION('',(0.130684999317802,0.,-0.991423941083382));
#10494=DIRECTION('',(-0.991423941083382,0.,-0.130684999317802));
#10495=DIRECTION('',(0.991423941083382,0.,0.130684999317802));
#10496=DIRECTION('',(0.,-1.,0.));
#10497=DIRECTION('',(0.0412070528957817,0.,-0.999150628680003));
#10498=DIRECTION('',(-0.999150628680003,0.,-0.0412070528957817));
#10499=DIRECTION('',(0.999150628680003,0.,0.0412070528957818));
#10500=DIRECTION('',(0.,-1.,0.));
#10501=DIRECTION('',(-0.0288264693486068,0.,-0.999584430983643));
#10502=DIRECTION('',(-0.999584430983643,0.,0.0288264693486068));
#10503=DIRECTION('',(0.999584430983643,0.,-0.0288264693486067));
#10504=DIRECTION('',(0.,-1.,0.));
#10505=DIRECTION('',(-0.0924026550434617,0.,-0.995721722842742));
#10506=DIRECTION('',(-0.995721722842743,0.,0.0924026550434618));
#10507=DIRECTION('',(0.995721722842742,0.,-0.0924026550434617));
#10508=DIRECTION('',(0.,-1.,0.));
#10509=DIRECTION('',(-0.164508427544049,0.,-0.986375677552414));
#10510=DIRECTION('',(-0.986375677552414,0.,0.164508427544049));
#10511=DIRECTION('',(0.986375677552414,0.,-0.164508427544049));
#10512=DIRECTION('',(0.,-1.,0.));
#10513=DIRECTION('',(-0.245578138880978,0.,-0.969376798620513));
#10514=DIRECTION('',(-0.969376798620513,0.,0.245578138880978));
#10515=DIRECTION('',(0.969376798620514,0.,-0.245578138880978));
#10516=DIRECTION('',(0.,-1.,0.));
#10517=DIRECTION('',(-0.335356455217026,0.,-0.942091316138871));
#10518=DIRECTION('',(-0.942091316138872,0.,0.335356455217026));
#10519=DIRECTION('',(0.942091316138871,0.,-0.335356455217026));
#10520=DIRECTION('',(0.,-1.,0.));
#10521=DIRECTION('',(-0.432452506691952,0.,-0.901656713752994));
#10522=DIRECTION('',(-0.901656713752994,0.,0.432452506691952));
#10523=DIRECTION('',(0.901656713752994,0.,-0.432452506691952));
#10524=DIRECTION('',(0.,-1.,0.));
#10525=DIRECTION('',(-0.53393224457806,0.,-0.845527266384612));
#10526=DIRECTION('',(-0.845527266384612,0.,0.53393224457806));
#10527=DIRECTION('',(0.845527266384612,0.,-0.53393224457806));
#10528=DIRECTION('',(0.,-1.,0.));
#10529=DIRECTION('',(-0.6352062217388,0.,-0.772342576752258));
#10530=DIRECTION('',(-0.772342576752259,0.,0.6352062217388));
#10531=DIRECTION('',(0.772342576752259,0.,-0.6352062217388));
#10532=DIRECTION('',(0.,-1.,0.));
#10533=DIRECTION('',(-0.7199202323182,0.,-0.694056812587348));
#10534=DIRECTION('',(-0.694056812587348,0.,0.7199202323182));
#10535=DIRECTION('',(0.694056812587348,0.,-0.7199202323182));
#10536=DIRECTION('',(0.,-1.,0.));
#10537=DIRECTION('',(-0.788837886858333,0.,-0.614601324646214));
#10538=DIRECTION('',(-0.614601324646214,0.,0.788837886858333));
#10539=DIRECTION('',(0.614601324646214,0.,-0.788837886858333));
#10540=DIRECTION('',(0.,-1.,0.));
#10541=DIRECTION('',(-0.850832847740092,0.,-0.525436452110515));
#10542=DIRECTION('',(-0.525436452110515,0.,0.850832847740092));
#10543=DIRECTION('',(0.525436452110515,0.,-0.850832847740092));
#10544=DIRECTION('',(0.,-1.,0.));
#10545=DIRECTION('',(-0.903204969420013,0.,-0.429209486399116));
#10546=DIRECTION('',(-0.429209486399116,0.,0.903204969420013));
#10547=DIRECTION('',(0.429209486399116,0.,-0.903204969420013));
#10548=DIRECTION('',(0.,-1.,0.));
#10549=DIRECTION('',(-0.944198320099971,0.,-0.32937749212779));
#10550=DIRECTION('',(-0.32937749212779,0.,0.944198320099971));
#10551=DIRECTION('',(0.32937749212779,0.,-0.944198320099971));
#10552=DIRECTION('',(0.,-1.,0.));
#10553=DIRECTION('',(-0.973281363455544,0.,-0.229615738898963));
#10554=DIRECTION('',(-0.229615738898963,0.,0.973281363455544));
#10555=DIRECTION('',(0.229615738898963,0.,-0.973281363455544));
#10556=DIRECTION('',(0.,-1.,0.));
#10557=DIRECTION('',(-0.991088786494196,0.,-0.133202917706267));
#10558=DIRECTION('',(-0.133202917706267,0.,0.991088786494196));
#10559=DIRECTION('',(0.133202917706267,0.,-0.991088786494196));
#10560=DIRECTION('',(0.,-1.,0.));
#10561=DIRECTION('',(-0.999091893035222,0.,-0.0426073851731833));
#10562=DIRECTION('',(-0.0426073851731833,0.,0.999091893035222));
#10563=DIRECTION('',(0.0426073851731833,0.,-0.999091893035222));
#10564=DIRECTION('',(0.,-1.,0.));
#10565=DIRECTION('',(-0.999165265449413,0.,0.0408506097800675));
#10566=DIRECTION('',(0.0408506097800675,0.,0.999165265449413));
#10567=DIRECTION('',(-0.0408506097800675,0.,-0.999165265449413));
#10568=DIRECTION('',(0.,-1.,0.));
#10569=DIRECTION('',(-0.990758610019971,0.,0.135636929599923));
#10570=DIRECTION('',(0.135636929599923,0.,0.990758610019971));
#10571=DIRECTION('',(-0.135636929599923,0.,-0.990758610019971));
#10572=DIRECTION('',(0.,-1.,0.));
#10573=DIRECTION('',(-0.968251448584858,0.,0.249978263681715));
#10574=DIRECTION('',(0.249978263681715,0.,0.968251448584858));
#10575=DIRECTION('',(-0.249978263681715,0.,-0.968251448584858));
#10576=DIRECTION('',(0.,-1.,0.));
#10577=DIRECTION('',(-0.923230624099107,0.,0.38424629435503));
#10578=DIRECTION('',(0.38424629435503,0.,0.923230624099107));
#10579=DIRECTION('',(-0.38424629435503,0.,-0.923230624099107));
#10580=DIRECTION('',(0.,-1.,0.));
#10581=DIRECTION('',(-0.855734753696183,0.,0.517414757536479));
#10582=DIRECTION('',(0.517414757536479,0.,0.855734753696183));
#10583=DIRECTION('',(-0.517414757536479,0.,-0.855734753696183));
#10584=DIRECTION('',(0.,-1.,0.));
#10585=DIRECTION('',(-0.773666615419006,0.,0.633592904147529));
#10586=DIRECTION('',(0.633592904147529,0.,0.773666615419006));
#10587=DIRECTION('',(-0.633592904147529,0.,-0.773666615419006));
#10588=DIRECTION('',(0.,-1.,0.));
#10589=DIRECTION('',(-0.672384846413725,0.,0.740201741630747));
#10590=DIRECTION('',(0.740201741630747,0.,0.672384846413725));
#10591=DIRECTION('',(-0.740201741630747,0.,-0.672384846413726));
#10592=DIRECTION('',(0.,-1.,0.));
#10593=DIRECTION('',(-0.557721604898955,0.,0.830028078699109));
#10594=DIRECTION('',(0.830028078699109,0.,0.557721604898955));
#10595=DIRECTION('',(-0.830028078699109,0.,-0.557721604898955));
#10596=DIRECTION('',(0.,-1.,0.));
#10597=DIRECTION('',(-0.456519576208342,0.,0.889713367629461));
#10598=DIRECTION('',(0.889713367629461,0.,0.456519576208342));
#10599=DIRECTION('',(-0.889713367629461,0.,-0.456519576208342));
#10600=DIRECTION('',(0.,-1.,0.));
#10601=DIRECTION('',(-0.377454002673312,0.,0.926028334267313));
#10602=DIRECTION('',(0.926028334267314,0.,0.377454002673312));
#10603=DIRECTION('',(-0.926028334267314,0.,-0.377454002673312));
#10604=DIRECTION('',(0.,-1.,0.));
#10605=DIRECTION('',(-0.302612622649411,0.,0.953113634680171));
#10606=DIRECTION('',(0.953113634680171,0.,0.302612622649411));
#10607=DIRECTION('',(-0.953113634680171,0.,-0.302612622649411));
#10608=DIRECTION('',(0.,-1.,0.));
#10609=DIRECTION('',(-0.233065795461976,0.,0.972460968361032));
#10610=DIRECTION('',(0.972460968361032,0.,0.233065795461976));
#10611=DIRECTION('',(-0.972460968361032,0.,-0.233065795461976));
#10612=DIRECTION('',(0.,-1.,0.));
#10613=DIRECTION('',(-0.183708321709935,0.,0.98298079967745));
#10614=DIRECTION('',(0.98298079967745,0.,0.183708321709935));
#10615=DIRECTION('',(-0.98298079967745,0.,-0.183708321709935));
#10616=DIRECTION('',(0.,-1.,0.));
#10617=DIRECTION('',(-0.154690879253087,0.,0.987962920294029));
#10618=DIRECTION('',(0.98796292029403,0.,0.154690879253087));
#10619=DIRECTION('',(-0.98796292029403,0.,-0.154690879253087));
#10620=DIRECTION('',(0.,-1.,0.));
#10621=DIRECTION('',(-0.167167125984061,0.,0.98592857347286));
#10622=DIRECTION('',(0.98592857347286,0.,0.167167125984061));
#10623=DIRECTION('',(-0.98592857347286,0.,-0.167167125984061));
#10624=DIRECTION('',(0.,-1.,0.));
#10625=DIRECTION('',(-0.233478877936251,0.,0.972361873768007));
#10626=DIRECTION('',(0.972361873768007,0.,0.233478877936251));
#10627=DIRECTION('',(-0.972361873768007,0.,-0.233478877936251));
#10628=DIRECTION('',(0.,-1.,0.));
#10629=DIRECTION('',(-0.329992909328361,0.,0.943983410761547));
#10630=DIRECTION('',(0.943983410761547,0.,0.329992909328361));
#10631=DIRECTION('',(-0.943983410761547,0.,-0.329992909328362));
#10632=DIRECTION('',(0.,-1.,0.));
#10633=DIRECTION('',(-0.476746199569759,0.,0.879040989485582));
#10634=DIRECTION('',(0.879040989485582,0.,0.476746199569759));
#10635=DIRECTION('',(-0.879040989485582,0.,-0.476746199569759));
#10636=DIRECTION('',(0.,-1.,0.));
#10637=DIRECTION('',(-0.675320730866635,0.,0.737524176187977));
#10638=DIRECTION('',(0.737524176187977,0.,0.675320730866635));
#10639=DIRECTION('',(-0.737524176187977,0.,-0.675320730866635));
#10640=DIRECTION('',(0.,-1.,0.));
#10641=DIRECTION('',(-0.846141411600447,0.,0.532958452015542));
#10642=DIRECTION('',(0.532958452015542,0.,0.846141411600447));
#10643=DIRECTION('',(-0.532958452015542,0.,-0.846141411600447));
#10644=DIRECTION('',(0.,-1.,0.));
#10645=DIRECTION('',(-0.953287048337325,0.,0.302065892600127));
#10646=DIRECTION('',(0.302065892600127,0.,0.953287048337325));
#10647=DIRECTION('',(-0.302065892600127,0.,-0.953287048337325));
#10648=DIRECTION('',(0.,-1.,0.));
#10649=DIRECTION('',(-0.995891883177641,0.,0.0905503010535687));
#10650=DIRECTION('',(0.0905503010535687,0.,0.995891883177641));
#10651=DIRECTION('',(-0.0905503010535687,0.,-0.995891883177641));
#10652=DIRECTION('',(0.,-1.,0.));
#10653=DIRECTION('',(-0.992385123308616,0.,-0.12317372705144));
#10654=DIRECTION('',(-0.12317372705144,0.,0.992385123308616));
#10655=DIRECTION('',(0.12317372705144,0.,-0.992385123308616));
#10656=DIRECTION('',(0.,-1.,0.));
#10657=DIRECTION('',(-0.921611123854834,0.,-0.388114591824412));
#10658=DIRECTION('',(-0.388114591824412,0.,0.921611123854834));
#10659=DIRECTION('',(0.388114591824412,0.,-0.921611123854834));
#10660=DIRECTION('',(0.,-1.,0.));
#10661=DIRECTION('',(-0.778027534332581,0.,-0.628230177419363));
#10662=DIRECTION('',(-0.628230177419363,0.,0.778027534332581));
#10663=DIRECTION('',(0.628230177419364,0.,-0.778027534332581));
#10664=DIRECTION('',(0.,-1.,0.));
#10665=DIRECTION('',(-0.600887621619461,0.,-0.799333513737856));
#10666=DIRECTION('',(-0.799333513737856,0.,0.600887621619461));
#10667=DIRECTION('',(0.799333513737856,0.,-0.600887621619461));
#10668=DIRECTION('',(0.,-1.,0.));
#10669=DIRECTION('',(-0.435900194834734,0.,-0.899995011176752));
#10670=DIRECTION('',(-0.899995011176752,0.,0.435900194834734));
#10671=DIRECTION('',(0.899995011176752,0.,-0.435900194834733));
#10672=DIRECTION('',(0.,-1.,0.));
#10673=DIRECTION('',(-0.286136281545542,0.,-0.958188931465653));
#10674=DIRECTION('',(-0.958188931465653,0.,0.286136281545542));
#10675=DIRECTION('',(0.958188931465653,0.,-0.286136281545542));
#10676=DIRECTION('',(0.,-1.,0.));
#10677=DIRECTION('',(-0.155696816331065,0.,-0.987804890342405));
#10678=DIRECTION('',(-0.987804890342405,0.,0.155696816331065));
#10679=DIRECTION('',(0.987804890342405,0.,-0.155696816331065));
#10680=DIRECTION('',(0.,-1.,0.));
#10681=DIRECTION('',(-0.0468491611722075,0.,-0.998901975219521));
#10682=DIRECTION('',(-0.998901975219521,0.,0.0468491611722075));
#10683=DIRECTION('',(0.998901975219521,0.,-0.0468491611722075));
#10684=DIRECTION('',(0.,-1.,0.));
#10685=DIRECTION('',(0.0608775964485559,0.,-0.998145239056244));
#10686=DIRECTION('',(-0.998145239056244,0.,-0.0608775964485559));
#10687=DIRECTION('',(0.998145239056244,0.,0.0608775964485559));
#10688=DIRECTION('',(0.,-1.,0.));
#10689=DIRECTION('',(0.20954258842825,0.,-0.977799521187646));
#10690=DIRECTION('',(-0.977799521187646,0.,-0.20954258842825));
#10691=DIRECTION('',(0.977799521187646,0.,0.20954258842825));
#10692=DIRECTION('',(0.,-1.,0.));
#10693=DIRECTION('',(0.39580313574046,0.,-0.918335384126093));
#10694=DIRECTION('',(-0.918335384126093,0.,-0.39580313574046));
#10695=DIRECTION('',(0.918335384126093,0.,0.39580313574046));
#10696=DIRECTION('',(0.,-1.,0.));
#10697=DIRECTION('',(0.605486355085346,0.,-0.795855686544654));
#10698=DIRECTION('',(-0.795855686544654,0.,-0.605486355085346));
#10699=DIRECTION('',(0.795855686544654,0.,0.605486355085346));
#10700=DIRECTION('',(0.,-1.,0.));
#10701=DIRECTION('',(0.766371573607735,0.,-0.642397549159401));
#10702=DIRECTION('',(-0.642397549159401,0.,-0.766371573607735));
#10703=DIRECTION('',(0.642397549159401,0.,0.766371573607735));
#10704=DIRECTION('',(0.,-1.,0.));
#10705=DIRECTION('',(0.865774043856741,0.,-0.500435115658309));
#10706=DIRECTION('',(-0.500435115658309,0.,-0.865774043856741));
#10707=DIRECTION('',(0.500435115658309,0.,0.865774043856741));
#10708=DIRECTION('',(0.,-1.,0.));
#10709=DIRECTION('',(0.935456058984749,0.,-0.353443010552935));
#10710=DIRECTION('',(-0.353443010552935,0.,-0.935456058984749));
#10711=DIRECTION('',(0.353443010552935,0.,0.935456058984749));
#10712=DIRECTION('',(0.,-1.,0.));
#10713=DIRECTION('',(0.976849862115327,0.,-0.213926031340897));
#10714=DIRECTION('',(-0.213926031340897,0.,-0.976849862115327));
#10715=DIRECTION('',(0.213926031340897,0.,0.976849862115327));
#10716=DIRECTION('',(0.,-1.,0.));
#10717=DIRECTION('',(-1.16128671529729E-16,0.,-1.));
#10718=DIRECTION('',(-1.,0.,1.16128671529729E-16));
#10719=DIRECTION('',(1.,0.,-1.16128671529729E-16));
#10720=DIRECTION('',(0.,-1.,0.));
#10721=DIRECTION('',(-0.997544458839608,0.,0.070036080975405));
#10722=DIRECTION('',(0.070036080975405,0.,0.997544458839608));
#10723=DIRECTION('',(-0.070036080975405,0.,-0.997544458839608));
#10724=DIRECTION('',(0.,-1.,0.));
#10725=DIRECTION('',(-0.983763241089902,0.,0.17947112714944));
#10726=DIRECTION('',(0.17947112714944,0.,0.983763241089902));
#10727=DIRECTION('',(-0.17947112714944,0.,-0.983763241089902));
#10728=DIRECTION('',(0.,-1.,0.));
#10729=DIRECTION('',(-0.955115928073909,0.,0.296232280380641));
#10730=DIRECTION('',(0.296232280380641,0.,0.955115928073909));
#10731=DIRECTION('',(-0.296232280380641,0.,-0.955115928073909));
#10732=DIRECTION('',(0.,-1.,0.));
#10733=DIRECTION('',(-0.909580817733833,0.,0.415527058096886));
#10734=DIRECTION('',(0.415527058096886,0.,0.909580817733833));
#10735=DIRECTION('',(-0.415527058096886,0.,-0.909580817733833));
#10736=DIRECTION('',(0.,-1.,0.));
#10737=DIRECTION('',(-0.835408561952403,0.,0.549629452100794));
#10738=DIRECTION('',(0.549629452100794,0.,0.835408561952403));
#10739=DIRECTION('',(-0.549629452100794,0.,-0.835408561952403));
#10740=DIRECTION('',(0.,-1.,0.));
#10741=DIRECTION('',(-0.727851450458439,0.,0.685734836555317));
#10742=DIRECTION('',(0.685734836555317,0.,0.727851450458439));
#10743=DIRECTION('',(-0.685734836555317,0.,-0.727851450458439));
#10744=DIRECTION('',(0.,-1.,0.));
#10745=DIRECTION('',(-0.606304564897418,0.,0.79523252862578));
#10746=DIRECTION('',(0.79523252862578,0.,0.606304564897418));
#10747=DIRECTION('',(-0.79523252862578,0.,-0.606304564897418));
#10748=DIRECTION('',(0.,-1.,0.));
#10749=DIRECTION('',(-0.483296337429893,0.,0.875456823736529));
#10750=DIRECTION('',(0.875456823736529,0.,0.483296337429893));
#10751=DIRECTION('',(-0.875456823736529,0.,-0.483296337429893));
#10752=DIRECTION('',(0.,-1.,0.));
#10753=DIRECTION('',(-0.353096839870121,0.,0.935586779338899));
#10754=DIRECTION('',(0.935586779338899,0.,0.353096839870121));
#10755=DIRECTION('',(-0.935586779338899,0.,-0.353096839870121));
#10756=DIRECTION('',(0.,-1.,0.));
#10757=DIRECTION('',(-0.22702226034135,0.,0.973889569360667));
#10758=DIRECTION('',(0.973889569360667,0.,0.22702226034135));
#10759=DIRECTION('',(-0.973889569360667,0.,-0.22702226034135));
#10760=DIRECTION('',(0.,-1.,0.));
#10761=DIRECTION('',(-0.122284922488038,0.,0.992495036628443));
#10762=DIRECTION('',(0.992495036628443,0.,0.122284922488038));
#10763=DIRECTION('',(-0.992495036628443,0.,-0.122284922488038));
#10764=DIRECTION('',(0.,-1.,0.));
#10765=DIRECTION('',(-0.0366766689204596,0.,0.999327184638194));
#10766=DIRECTION('',(0.999327184638194,0.,0.0366766689204596));
#10767=DIRECTION('',(-0.999327184638194,0.,-0.0366766689204596));
#10768=DIRECTION('',(0.,-1.,0.));
#10769=DIRECTION('',(0.0280158843416852,0.,0.999607478075546));
#10770=DIRECTION('',(0.999607478075546,0.,-0.0280158843416852));
#10771=DIRECTION('',(-0.999607478075546,0.,0.0280158843416852));
#10772=DIRECTION('',(0.,-1.,0.));
#10773=DIRECTION('',(0.0908439460671318,0.,0.995865140198688));
#10774=DIRECTION('',(0.995865140198688,0.,-0.0908439460671318));
#10775=DIRECTION('',(-0.995865140198688,0.,0.0908439460671318));
#10776=DIRECTION('',(0.,-1.,0.));
#10777=DIRECTION('',(0.163901283981821,0.,0.986476745346341));
#10778=DIRECTION('',(0.986476745346341,0.,-0.163901283981821));
#10779=DIRECTION('',(-0.986476745346341,0.,0.163901283981821));
#10780=DIRECTION('',(0.,-1.,0.));
#10781=DIRECTION('',(0.248375078593062,0.,0.968663935704169));
#10782=DIRECTION('',(0.968663935704169,0.,-0.248375078593062));
#10783=DIRECTION('',(-0.968663935704169,0.,0.248375078593062));
#10784=DIRECTION('',(0.,-1.,0.));
#10785=DIRECTION('',(0.344739660457829,0.,0.938698336265395));
#10786=DIRECTION('',(0.938698336265395,0.,-0.344739660457829));
#10787=DIRECTION('',(-0.938698336265395,0.,0.344739660457829));
#10788=DIRECTION('',(0.,-1.,0.));
#10789=DIRECTION('',(0.45193458295688,0.,0.892051081904838));
#10790=DIRECTION('',(0.892051081904838,0.,-0.45193458295688));
#10791=DIRECTION('',(-0.892051081904838,0.,0.45193458295688));
#10792=DIRECTION('',(0.,-1.,0.));
#10793=DIRECTION('',(0.566342665519827,0.,0.824169876428335));
#10794=DIRECTION('',(0.824169876428335,0.,-0.566342665519827));
#10795=DIRECTION('',(-0.824169876428335,0.,0.566342665519827));
#10796=DIRECTION('',(0.,-1.,0.));
#10797=DIRECTION('',(0.681127049712902,0.,0.732165242380023));
#10798=DIRECTION('',(0.732165242380023,0.,-0.681127049712902));
#10799=DIRECTION('',(-0.732165242380023,0.,0.681127049712902));
#10800=DIRECTION('',(0.997099655952133,0.,0.076107004277778));
#10801=DIRECTION('',(0.076107004277778,0.,-0.997099655952133));
#10802=DIRECTION('',(-0.076107004277778,0.,0.997099655952133));
#10803=DIRECTION('',(-0.076107004277778,0.,0.997099655952133));
#10804=DIRECTION('',(0.,1.,0.));
#10805=DIRECTION('',(1.,0.,0.));
#10806=DIRECTION('',(-0.941554272615809,0.,-0.336861324166067));
#10807=DIRECTION('',(-0.336861324166067,0.,0.941554272615809));
#10808=DIRECTION('',(0.,-1.,0.));
#10809=DIRECTION('',(0.336861324166067,0.,-0.941554272615809));
#10810=DIRECTION('',(0.,-1.,0.));
#10811=DIRECTION('',(9.68930670687786E-17,0.,1.));
#10812=DIRECTION('',(1.,0.,-9.68930670687786E-17));
#10813=DIRECTION('',(-1.,0.,9.68930670687786E-17));
#10814=DIRECTION('',(0.,-1.,0.));
#10815=DIRECTION('',(0.953279395567732,0.,0.302090042844876));
#10816=DIRECTION('',(0.302090042844876,0.,-0.953279395567732));
#10817=DIRECTION('',(-0.302090042844876,0.,0.953279395567732));
#10818=DIRECTION('',(0.,-1.,0.));
#10819=DIRECTION('',(-0.95240895516661,0.,0.304823198130402));
#10820=DIRECTION('',(0.304823198130402,0.,0.95240895516661));
#10821=DIRECTION('',(-0.304823198130402,0.,-0.95240895516661));
#10822=DIRECTION('',(0.,-1.,0.));
#10823=DIRECTION('',(1.02544373381598E-16,0.,1.));
#10824=DIRECTION('',(1.,0.,-1.02544373381598E-16));
#10825=DIRECTION('',(-1.,0.,1.02544373381598E-16));
#10826=DIRECTION('',(0.,-1.,0.));
#10827=DIRECTION('',(0.940957046895671,0.,-0.338525975218119));
#10828=DIRECTION('',(-0.338525975218119,0.,-0.940957046895671));
#10829=DIRECTION('',(0.338525975218119,0.,0.940957046895671));
#10830=DIRECTION('',(0.,-1.,0.));
#10831=DIRECTION('',(0.,0.,-1.));
#10832=DIRECTION('',(0.,1.,0.));
#10833=DIRECTION('',(1.,0.,0.));
#10834=DIRECTION('',(0.,1.,0.));
#10835=DIRECTION('',(1.,0.,0.));
#10836=DIRECTION('',(0.279290470000961,0.,-0.960206661800803));
#10837=DIRECTION('',(-0.960206661800803,0.,-0.279290470000961));
#10838=DIRECTION('',(0.960206661800803,0.,0.279290470000961));
#10839=DIRECTION('',(0.,-1.,0.));
#10840=DIRECTION('',(0.960206661800803,0.,0.279290470000961));
#10841=DIRECTION('',(0.,-1.,0.));
#10842=DIRECTION('',(0.212251520299882,0.,-0.977215069537095));
#10843=DIRECTION('',(-0.977215069537095,0.,-0.212251520299882));
#10844=DIRECTION('',(0.977215069537095,0.,0.212251520299882));
#10845=DIRECTION('',(0.977215069537095,0.,0.212251520299882));
#10846=DIRECTION('',(0.,-1.,0.));
#10847=DIRECTION('',(0.210529061927209,0.,-0.977587599186922));
#10848=DIRECTION('',(-0.977587599186922,0.,-0.210529061927209));
#10849=DIRECTION('',(0.977587599186922,0.,0.210529061927209));
#10850=DIRECTION('',(0.977587599186922,0.,0.210529061927209));
#10851=DIRECTION('',(0.,-1.,0.));
#10852=DIRECTION('',(0.289002260817482,0.,-0.957328414517392));
#10853=DIRECTION('',(-0.957328414517392,0.,-0.289002260817482));
#10854=DIRECTION('',(0.957328414517392,0.,0.289002260817482));
#10855=DIRECTION('',(0.957328414517392,0.,0.289002260817482));
#10856=DIRECTION('',(0.,-1.,0.));
#10857=DIRECTION('',(0.395802037644987,0.,-0.918335857405163));
#10858=DIRECTION('',(-0.918335857405163,0.,-0.395802037644987));
#10859=DIRECTION('',(0.918335857405163,0.,0.395802037644987));
#10860=DIRECTION('',(0.918335857405163,0.,0.395802037644987));
#10861=DIRECTION('',(0.,-1.,0.));
#10862=DIRECTION('',(0.541618210163511,0.,-0.840624597795755));
#10863=DIRECTION('',(-0.840624597795755,0.,-0.541618210163511));
#10864=DIRECTION('',(0.840624597795755,0.,0.541618210163512));
#10865=DIRECTION('',(0.840624597795755,0.,0.541618210163512));
#10866=DIRECTION('',(0.,-1.,0.));
#10867=DIRECTION('',(0.716828321898337,0.,-0.697249709160509));
#10868=DIRECTION('',(-0.697249709160509,0.,-0.716828321898337));
#10869=DIRECTION('',(0.697249709160509,0.,0.716828321898337));
#10870=DIRECTION('',(0.697249709160509,0.,0.716828321898337));
#10871=DIRECTION('',(0.,-1.,0.));
#10872=DIRECTION('',(0.863145378163085,0.,-0.504955499183546));
#10873=DIRECTION('',(-0.504955499183546,0.,-0.863145378163085));
#10874=DIRECTION('',(0.504955499183546,0.,0.863145378163085));
#10875=DIRECTION('',(0.504955499183546,0.,0.863145378163085));
#10876=DIRECTION('',(0.,-1.,0.));
#10877=DIRECTION('',(0.95701601154075,0.,-0.290035090384999));
#10878=DIRECTION('',(-0.290035090384999,0.,-0.95701601154075));
#10879=DIRECTION('',(0.290035090384999,0.,0.95701601154075));
#10880=DIRECTION('',(0.290035090384999,0.,0.95701601154075));
#10881=DIRECTION('',(0.,-1.,0.));
#10882=DIRECTION('',(0.996074767415981,0.,-0.088515861387662));
#10883=DIRECTION('',(-0.088515861387662,0.,-0.996074767415981));
#10884=DIRECTION('',(0.088515861387662,0.,0.996074767415981));
#10885=DIRECTION('',(0.088515861387662,0.,0.996074767415981));
#10886=DIRECTION('',(0.,-1.,0.));
#10887=DIRECTION('',(0.997099655952133,0.,0.0761070042777769));
#10888=DIRECTION('',(0.0761070042777769,0.,-0.997099655952133));
#10889=DIRECTION('',(-0.0761070042777769,0.,0.997099655952133));
#10890=DIRECTION('',(-0.0761070042777769,0.,0.997099655952133));
#10891=DIRECTION('',(0.,-1.,0.));
#10892=DIRECTION('',(0.966816197392112,0.,0.255472974031027));
#10893=DIRECTION('',(0.255472974031027,0.,-0.966816197392112));
#10894=DIRECTION('',(-0.255472974031027,0.,0.966816197392112));
#10895=DIRECTION('',(-0.255472974031027,0.,0.966816197392112));
#10896=DIRECTION('',(0.,-1.,0.));
#10897=DIRECTION('',(0.887023653641807,0.,0.461723984518825));
#10898=DIRECTION('',(0.461723984518826,0.,-0.887023653641807));
#10899=DIRECTION('',(-0.461723984518826,0.,0.887023653641807));
#10900=DIRECTION('',(-0.461723984518826,0.,0.887023653641807));
#10901=DIRECTION('',(0.,-1.,0.));
#10902=DIRECTION('',(0.746705981433545,0.,0.66515425075043));
#10903=DIRECTION('',(0.66515425075043,0.,-0.746705981433545));
#10904=DIRECTION('',(-0.66515425075043,0.,0.746705981433545));
#10905=DIRECTION('',(-0.66515425075043,0.,0.746705981433545));
#10906=DIRECTION('',(0.,-1.,0.));
#10907=DIRECTION('',(0.561763149654129,0.,0.827298110532517));
#10908=DIRECTION('',(0.827298110532517,0.,-0.561763149654129));
#10909=DIRECTION('',(-0.827298110532517,0.,0.561763149654129));
#10910=DIRECTION('',(-0.827298110532517,0.,0.561763149654129));
#10911=DIRECTION('',(0.,-1.,0.));
#10912=DIRECTION('',(0.368820880904917,0.,0.929500488331513));
#10913=DIRECTION('',(0.929500488331513,0.,-0.368820880904917));
#10914=DIRECTION('',(-0.929500488331513,0.,0.368820880904917));
#10915=DIRECTION('',(-0.929500488331513,0.,0.368820880904917));
#10916=DIRECTION('',(0.,-1.,0.));
#10917=DIRECTION('',(0.197462174413287,0.,0.980310506766084));
#10918=DIRECTION('',(0.980310506766084,0.,-0.197462174413287));
#10919=DIRECTION('',(-0.980310506766084,0.,0.197462174413287));
#10920=DIRECTION('',(-0.980310506766084,0.,0.197462174413287));
#10921=DIRECTION('',(0.,-1.,0.));
#10922=DIRECTION('',(0.058086014366211,0.,0.998311582090005));
#10923=DIRECTION('',(0.998311582090005,0.,-0.0580860143662111));
#10924=DIRECTION('',(-0.998311582090005,0.,0.058086014366211));
#10925=DIRECTION('',(-0.998311582090005,0.,0.058086014366211));
#10926=DIRECTION('',(0.,-1.,0.));
#10927=DIRECTION('',(-0.0831908869582331,0.,0.996533630304117));
#10928=DIRECTION('',(0.996533630304117,0.,0.0831908869582331));
#10929=DIRECTION('',(-0.996533630304117,0.,-0.083190886958233));
#10930=DIRECTION('',(-0.996533630304117,0.,-0.083190886958233));
#10931=DIRECTION('',(0.,-1.,0.));
#10932=DIRECTION('',(-0.264267046333722,0.,0.964449546747807));
#10933=DIRECTION('',(0.964449546747807,0.,0.264267046333722));
#10934=DIRECTION('',(-0.964449546747807,0.,-0.264267046333722));
#10935=DIRECTION('',(-0.964449546747807,0.,-0.264267046333722));
#10936=DIRECTION('',(0.,-1.,0.));
#10937=DIRECTION('',(-0.45019366929397,0.,0.892930938050436));
#10938=DIRECTION('',(0.892930938050436,0.,0.45019366929397));
#10939=DIRECTION('',(-0.892930938050436,0.,-0.45019366929397));
#10940=DIRECTION('',(-0.892930938050436,0.,-0.45019366929397));
#10941=DIRECTION('',(0.,-1.,0.));
#10942=DIRECTION('',(-0.618865842544328,0.,0.785496702050301));
#10943=DIRECTION('',(0.785496702050301,0.,0.618865842544328));
#10944=DIRECTION('',(-0.785496702050301,0.,-0.618865842544328));
#10945=DIRECTION('',(-0.785496702050301,0.,-0.618865842544328));
#10946=DIRECTION('',(0.,-1.,0.));
#10947=DIRECTION('',(-0.749821291228249,0.,0.661640409301609));
#10948=DIRECTION('',(0.661640409301609,0.,0.749821291228249));
#10949=DIRECTION('',(-0.661640409301609,0.,-0.749821291228249));
#10950=DIRECTION('',(-0.661640409301609,0.,-0.749821291228249));
#10951=DIRECTION('',(0.,-1.,0.));
#10952=DIRECTION('',(-0.861045747811475,0.,0.508527501887339));
#10953=DIRECTION('',(0.50852750188734,0.,0.861045747811475));
#10954=DIRECTION('',(-0.50852750188734,0.,-0.861045747811475));
#10955=DIRECTION('',(-0.50852750188734,0.,-0.861045747811475));
#10956=DIRECTION('',(0.,-1.,0.));
#10957=DIRECTION('',(-0.946770304026893,0.,0.321909911951816));
#10958=DIRECTION('',(0.321909911951816,0.,0.946770304026893));
#10959=DIRECTION('',(-0.321909911951816,0.,-0.946770304026893));
#10960=DIRECTION('',(-0.321909911951816,0.,-0.946770304026893));
#10961=DIRECTION('',(0.,-1.,0.));
#10962=DIRECTION('',(-0.992581950078811,0.,0.121577433669843));
#10963=DIRECTION('',(0.121577433669843,0.,0.992581950078811));
#10964=DIRECTION('',(-0.121577433669843,0.,-0.992581950078811));
#10965=DIRECTION('',(-0.121577433669843,0.,-0.992581950078811));
#10966=DIRECTION('',(0.,-1.,0.));
#10967=DIRECTION('',(-0.999834476724404,0.,0.0181939317696241));
#10968=DIRECTION('',(0.0181939317696241,0.,0.999834476724404));
#10969=DIRECTION('',(-0.0181939317696241,0.,-0.999834476724404));
#10970=DIRECTION('',(-0.0181939317696241,0.,-0.999834476724404));
#10971=DIRECTION('',(0.,-1.,0.));
#10972=DIRECTION('',(0.570197410762299,0.,-0.821507707060603));
#10973=DIRECTION('',(-0.821507707060603,0.,-0.570197410762299));
#10974=DIRECTION('',(0.821507707060603,0.,0.570197410762299));
#10975=DIRECTION('',(0.821507707060603,0.,0.570197410762299));
#10976=DIRECTION('',(0.,-1.,0.));
#10977=DIRECTION('',(-0.335356455217017,0.,-0.942091316138875));
#10978=DIRECTION('',(-0.942091316138875,0.,0.335356455217017));
#10979=DIRECTION('',(0.,-1.,0.));
#10980=DIRECTION('',(0.942091316138875,0.,-0.335356455217017));
#10981=DIRECTION('',(0.,-1.,0.));
#10982=DIRECTION('',(-0.432452506691973,0.,-0.901656713752983));
#10983=DIRECTION('',(-0.901656713752983,0.,0.432452506691973));
#10984=DIRECTION('',(0.901656713752983,0.,-0.432452506691973));
#10985=DIRECTION('',(0.,-1.,0.));
#10986=DIRECTION('',(-0.533932244578074,0.,-0.845527266384604));
#10987=DIRECTION('',(-0.845527266384604,0.,0.533932244578074));
#10988=DIRECTION('',(0.845527266384604,0.,-0.533932244578074));
#10989=DIRECTION('',(0.,-1.,0.));
#10990=DIRECTION('',(-0.635206221738784,0.,-0.772342576752272));
#10991=DIRECTION('',(-0.772342576752272,0.,0.635206221738784));
#10992=DIRECTION('',(0.772342576752272,0.,-0.635206221738784));
#10993=DIRECTION('',(0.,-1.,0.));
#10994=DIRECTION('',(-0.719920232318201,0.,-0.694056812587347));
#10995=DIRECTION('',(-0.694056812587347,0.,0.719920232318201));
#10996=DIRECTION('',(0.694056812587347,0.,-0.719920232318201));
#10997=DIRECTION('',(0.,-1.,0.));
#10998=DIRECTION('',(-0.788837886858341,0.,-0.614601324646203));
#10999=DIRECTION('',(-0.614601324646203,0.,0.788837886858341));
#11000=DIRECTION('',(0.614601324646203,0.,-0.788837886858341));
#11001=DIRECTION('',(0.,-1.,0.));
#11002=DIRECTION('',(-0.850832847740091,0.,-0.525436452110517));
#11003=DIRECTION('',(-0.525436452110517,0.,0.850832847740091));
#11004=DIRECTION('',(0.525436452110517,0.,-0.850832847740091));
#11005=DIRECTION('',(0.,-1.,0.));
#11006=DIRECTION('',(-0.90320496942001,0.,-0.429209486399122));
#11007=DIRECTION('',(-0.429209486399122,0.,0.90320496942001));
#11008=DIRECTION('',(0.429209486399122,0.,-0.90320496942001));
#11009=DIRECTION('',(0.,-1.,0.));
#11010=DIRECTION('',(-0.944198320099984,0.,-0.329377492127754));
#11011=DIRECTION('',(-0.329377492127754,0.,0.944198320099984));
#11012=DIRECTION('',(0.329377492127754,0.,-0.944198320099984));
#11013=DIRECTION('',(0.,-1.,0.));
#11014=DIRECTION('',(-0.97328136345554,0.,-0.229615738898983));
#11015=DIRECTION('',(-0.229615738898983,0.,0.97328136345554));
#11016=DIRECTION('',(0.229615738898983,0.,-0.97328136345554));
#11017=DIRECTION('',(0.,-1.,0.));
#11018=DIRECTION('',(-0.991088786494198,0.,-0.133202917706254));
#11019=DIRECTION('',(-0.133202917706254,0.,0.991088786494198));
#11020=DIRECTION('',(0.133202917706254,0.,-0.991088786494198));
#11021=DIRECTION('',(0.,-1.,0.));
#11022=DIRECTION('',(-0.999091893035222,0.,-0.042607385173182));
#11023=DIRECTION('',(-0.042607385173182,0.,0.999091893035223));
#11024=DIRECTION('',(0.042607385173182,0.,-0.999091893035222));
#11025=DIRECTION('',(0.,-1.,0.));
#11026=DIRECTION('',(-0.999165265449414,0.,0.0408506097800587));
#11027=DIRECTION('',(0.0408506097800587,0.,0.999165265449414));
#11028=DIRECTION('',(-0.0408506097800587,0.,-0.999165265449414));
#11029=DIRECTION('',(0.,-1.,0.));
#11030=DIRECTION('',(-0.990758610019971,0.,0.135636929599922));
#11031=DIRECTION('',(0.135636929599922,0.,0.990758610019971));
#11032=DIRECTION('',(-0.135636929599922,0.,-0.990758610019971));
#11033=DIRECTION('',(0.,-1.,0.));
#11034=DIRECTION('',(-0.968251448584858,0.,0.249978263681714));
#11035=DIRECTION('',(0.249978263681715,0.,0.968251448584858));
#11036=DIRECTION('',(-0.249978263681714,0.,-0.968251448584858));
#11037=DIRECTION('',(0.,-1.,0.));
#11038=DIRECTION('',(-0.923230624099102,0.,0.384246294355043));
#11039=DIRECTION('',(0.384246294355043,0.,0.923230624099102));
#11040=DIRECTION('',(-0.384246294355043,0.,-0.923230624099102));
#11041=DIRECTION('',(0.,-1.,0.));
#11042=DIRECTION('',(-0.855734753696185,0.,0.517414757536476));
#11043=DIRECTION('',(0.517414757536476,0.,0.855734753696185));
#11044=DIRECTION('',(-0.517414757536476,0.,-0.855734753696185));
#11045=DIRECTION('',(0.,-1.,0.));
#11046=DIRECTION('',(-0.773666615419008,0.,0.633592904147527));
#11047=DIRECTION('',(0.633592904147527,0.,0.773666615419008));
#11048=DIRECTION('',(-0.633592904147527,0.,-0.773666615419008));
#11049=DIRECTION('',(0.,-1.,0.));
#11050=DIRECTION('',(-0.672384846413744,0.,0.74020174163073));
#11051=DIRECTION('',(0.74020174163073,0.,0.672384846413744));
#11052=DIRECTION('',(-0.74020174163073,0.,-0.672384846413744));
#11053=DIRECTION('',(0.,-1.,0.));
#11054=DIRECTION('',(-0.557721604898952,0.,0.830028078699111));
#11055=DIRECTION('',(0.830028078699111,0.,0.557721604898952));
#11056=DIRECTION('',(-0.830028078699111,0.,-0.557721604898952));
#11057=DIRECTION('',(0.,-1.,0.));
#11058=DIRECTION('',(-0.456519576208342,0.,0.88971336762946));
#11059=DIRECTION('',(0.88971336762946,0.,0.456519576208342));
#11060=DIRECTION('',(-0.88971336762946,0.,-0.456519576208343));
#11061=DIRECTION('',(0.,-1.,0.));
#11062=DIRECTION('',(-0.377454002673325,0.,0.926028334267309));
#11063=DIRECTION('',(0.926028334267309,0.,0.377454002673325));
#11064=DIRECTION('',(-0.926028334267309,0.,-0.377454002673325));
#11065=DIRECTION('',(0.,-1.,0.));
#11066=DIRECTION('',(-0.30261262264941,0.,0.953113634680171));
#11067=DIRECTION('',(0.953113634680171,0.,0.30261262264941));
#11068=DIRECTION('',(-0.953113634680171,0.,-0.30261262264941));
#11069=DIRECTION('',(0.,-1.,0.));
#11070=DIRECTION('',(-0.233065795461981,0.,0.972460968361031));
#11071=DIRECTION('',(0.972460968361031,0.,0.233065795461981));
#11072=DIRECTION('',(-0.972460968361031,0.,-0.233065795461981));
#11073=DIRECTION('',(0.,-1.,0.));
#11074=DIRECTION('',(-0.183708321709934,0.,0.98298079967745));
#11075=DIRECTION('',(0.98298079967745,0.,0.183708321709934));
#11076=DIRECTION('',(-0.98298079967745,0.,-0.183708321709934));
#11077=DIRECTION('',(0.,-1.,0.));
#11078=DIRECTION('',(-0.154690879253088,0.,0.987962920294029));
#11079=DIRECTION('',(0.987962920294029,0.,0.154690879253088));
#11080=DIRECTION('',(-0.987962920294029,0.,-0.154690879253088));
#11081=DIRECTION('',(0.,-1.,0.));
#11082=DIRECTION('',(-0.167167125984056,0.,0.985928573472861));
#11083=DIRECTION('',(0.985928573472861,0.,0.167167125984057));
#11084=DIRECTION('',(-0.985928573472861,0.,-0.167167125984057));
#11085=DIRECTION('',(0.,-1.,0.));
#11086=DIRECTION('',(-0.233478877936245,0.,0.972361873768008));
#11087=DIRECTION('',(0.972361873768008,0.,0.233478877936245));
#11088=DIRECTION('',(-0.972361873768008,0.,-0.233478877936245));
#11089=DIRECTION('',(0.,-1.,0.));
#11090=DIRECTION('',(-0.32999290932835,0.,0.943983410761551));
#11091=DIRECTION('',(0.943983410761551,0.,0.32999290932835));
#11092=DIRECTION('',(-0.943983410761551,0.,-0.32999290932835));
#11093=DIRECTION('',(0.,-1.,0.));
#11094=DIRECTION('',(-0.476746199569749,0.,0.879040989485588));
#11095=DIRECTION('',(0.879040989485588,0.,0.476746199569749));
#11096=DIRECTION('',(-0.879040989485588,0.,-0.47674619956975));
#11097=DIRECTION('',(0.,-1.,0.));
#11098=DIRECTION('',(-0.675320730866633,0.,0.737524176187979));
#11099=DIRECTION('',(0.737524176187979,0.,0.675320730866633));
#11100=DIRECTION('',(-0.737524176187979,0.,-0.675320730866633));
#11101=DIRECTION('',(0.,-1.,0.));
#11102=DIRECTION('',(-0.846141411600476,0.,0.532958452015496));
#11103=DIRECTION('',(0.532958452015496,0.,0.846141411600476));
#11104=DIRECTION('',(-0.532958452015496,0.,-0.846141411600476));
#11105=DIRECTION('',(0.,-1.,0.));
#11106=DIRECTION('',(-0.953287048337318,0.,0.302065892600148));
#11107=DIRECTION('',(0.302065892600148,0.,0.953287048337318));
#11108=DIRECTION('',(-0.302065892600148,0.,-0.953287048337318));
#11109=DIRECTION('',(0.,-1.,0.));
#11110=DIRECTION('',(-0.995891883177641,0.,0.0905503010535691));
#11111=DIRECTION('',(0.0905503010535691,0.,0.995891883177641));
#11112=DIRECTION('',(-0.0905503010535691,0.,-0.995891883177641));
#11113=DIRECTION('',(0.,-1.,0.));
#11114=DIRECTION('',(-0.992385123308616,0.,-0.123173727051443));
#11115=DIRECTION('',(-0.123173727051443,0.,0.992385123308616));
#11116=DIRECTION('',(0.123173727051443,0.,-0.992385123308616));
#11117=DIRECTION('',(0.,-1.,0.));
#11118=DIRECTION('',(-0.921611123854832,0.,-0.388114591824417));
#11119=DIRECTION('',(-0.388114591824417,0.,0.921611123854832));
#11120=DIRECTION('',(0.388114591824417,0.,-0.921611123854832));
#11121=DIRECTION('',(0.,-1.,0.));
#11122=DIRECTION('',(-0.778027534332599,0.,-0.628230177419341));
#11123=DIRECTION('',(-0.628230177419341,0.,0.778027534332599));
#11124=DIRECTION('',(0.628230177419341,0.,-0.778027534332599));
#11125=DIRECTION('',(0.,-1.,0.));
#11126=DIRECTION('',(-0.60088762161942,0.,-0.799333513737887));
#11127=DIRECTION('',(-0.799333513737887,0.,0.60088762161942));
#11128=DIRECTION('',(0.799333513737887,0.,-0.60088762161942));
#11129=DIRECTION('',(0.,-1.,0.));
#11130=DIRECTION('',(-0.435900194834733,0.,-0.899995011176752));
#11131=DIRECTION('',(-0.899995011176752,0.,0.435900194834733));
#11132=DIRECTION('',(0.899995011176752,0.,-0.435900194834733));
#11133=DIRECTION('',(0.,-1.,0.));
#11134=DIRECTION('',(-0.286136281545536,0.,-0.958188931465655));
#11135=DIRECTION('',(-0.958188931465655,0.,0.286136281545536));
#11136=DIRECTION('',(0.958188931465655,0.,-0.286136281545536));
#11137=DIRECTION('',(0.,-1.,0.));
#11138=DIRECTION('',(-0.155696816331065,0.,-0.987804890342405));
#11139=DIRECTION('',(-0.987804890342405,0.,0.155696816331065));
#11140=DIRECTION('',(0.987804890342405,0.,-0.155696816331065));
#11141=DIRECTION('',(0.,-1.,0.));
#11142=DIRECTION('',(-0.0468491611722063,0.,-0.998901975219521));
#11143=DIRECTION('',(-0.998901975219521,0.,0.0468491611722063));
#11144=DIRECTION('',(0.998901975219521,0.,-0.0468491611722063));
#11145=DIRECTION('',(0.,-1.,0.));
#11146=DIRECTION('',(0.0608775964485573,0.,-0.998145239056244));
#11147=DIRECTION('',(-0.998145239056244,0.,-0.0608775964485573));
#11148=DIRECTION('',(0.998145239056244,0.,0.0608775964485573));
#11149=DIRECTION('',(0.,-1.,0.));
#11150=DIRECTION('',(0.209542588428258,0.,-0.977799521187644));
#11151=DIRECTION('',(-0.977799521187644,0.,-0.209542588428258));
#11152=DIRECTION('',(0.977799521187644,0.,0.209542588428258));
#11153=DIRECTION('',(0.,-1.,0.));
#11154=DIRECTION('',(0.395803135740465,0.,-0.918335384126091));
#11155=DIRECTION('',(-0.918335384126091,0.,-0.395803135740465));
#11156=DIRECTION('',(0.918335384126091,0.,0.395803135740465));
#11157=DIRECTION('',(0.,-1.,0.));
#11158=DIRECTION('',(0.605486355085341,0.,-0.795855686544657));
#11159=DIRECTION('',(-0.795855686544657,0.,-0.605486355085341));
#11160=DIRECTION('',(0.795855686544657,0.,0.605486355085341));
#11161=DIRECTION('',(0.,-1.,0.));
#11162=DIRECTION('',(0.766371573607748,0.,-0.642397549159385));
#11163=DIRECTION('',(-0.642397549159385,0.,-0.766371573607748));
#11164=DIRECTION('',(0.642397549159385,0.,0.766371573607748));
#11165=DIRECTION('',(0.,-1.,0.));
#11166=DIRECTION('',(0.865774043856732,0.,-0.500435115658325));
#11167=DIRECTION('',(-0.500435115658325,0.,-0.865774043856733));
#11168=DIRECTION('',(0.500435115658325,0.,0.865774043856733));
#11169=DIRECTION('',(0.,-1.,0.));
#11170=DIRECTION('',(0.935456058984746,0.,-0.353443010552943));
#11171=DIRECTION('',(-0.353443010552943,0.,-0.935456058984746));
#11172=DIRECTION('',(0.353443010552943,0.,0.935456058984746));
#11173=DIRECTION('',(0.,-1.,0.));
#11174=DIRECTION('',(0.976849862115329,0.,-0.21392603134089));
#11175=DIRECTION('',(-0.21392603134089,0.,-0.976849862115329));
#11176=DIRECTION('',(0.21392603134089,0.,0.976849862115329));
#11177=DIRECTION('',(0.,-1.,0.));
#11178=DIRECTION('',(-1.16128671529728E-16,0.,-1.));
#11179=DIRECTION('',(-1.,0.,1.16128671529728E-16));
#11180=DIRECTION('',(1.,0.,-1.16128671529728E-16));
#11181=DIRECTION('',(0.,-1.,0.));
#11182=DIRECTION('',(-0.997544458839608,0.,0.0700360809754082));
#11183=DIRECTION('',(0.0700360809754082,0.,0.997544458839608));
#11184=DIRECTION('',(-0.0700360809754082,0.,-0.997544458839608));
#11185=DIRECTION('',(0.,-1.,0.));
#11186=DIRECTION('',(-0.983763241089901,0.,0.17947112714945));
#11187=DIRECTION('',(0.17947112714945,0.,0.983763241089901));
#11188=DIRECTION('',(-0.17947112714945,0.,-0.983763241089901));
#11189=DIRECTION('',(0.,-1.,0.));
#11190=DIRECTION('',(-0.955115928073911,0.,0.296232280380638));
#11191=DIRECTION('',(0.296232280380638,0.,0.955115928073911));
#11192=DIRECTION('',(-0.296232280380638,0.,-0.955115928073911));
#11193=DIRECTION('',(0.,-1.,0.));
#11194=DIRECTION('',(-0.909580817733827,0.,0.415527058096896));
#11195=DIRECTION('',(0.415527058096896,0.,0.909580817733828));
#11196=DIRECTION('',(-0.415527058096896,0.,-0.909580817733828));
#11197=DIRECTION('',(0.,-1.,0.));
#11198=DIRECTION('',(-0.835408561952407,0.,0.549629452100787));
#11199=DIRECTION('',(0.549629452100787,0.,0.835408561952407));
#11200=DIRECTION('',(-0.549629452100787,0.,-0.835408561952407));
#11201=DIRECTION('',(0.,-1.,0.));
#11202=DIRECTION('',(-0.727851450458435,0.,0.685734836555321));
#11203=DIRECTION('',(0.685734836555321,0.,0.727851450458435));
#11204=DIRECTION('',(-0.685734836555321,0.,-0.727851450458435));
#11205=DIRECTION('',(0.,-1.,0.));
#11206=DIRECTION('',(-0.606304564897434,0.,0.795232528625768));
#11207=DIRECTION('',(0.795232528625768,0.,0.606304564897434));
#11208=DIRECTION('',(-0.795232528625769,0.,-0.606304564897434));
#11209=DIRECTION('',(0.,-1.,0.));
#11210=DIRECTION('',(-0.483296337429887,0.,0.875456823736532));
#11211=DIRECTION('',(0.875456823736532,0.,0.483296337429887));
#11212=DIRECTION('',(-0.875456823736532,0.,-0.483296337429887));
#11213=DIRECTION('',(0.,-1.,0.));
#11214=DIRECTION('',(-0.353096839870123,0.,0.935586779338898));
#11215=DIRECTION('',(0.935586779338898,0.,0.353096839870123));
#11216=DIRECTION('',(-0.935586779338898,0.,-0.353096839870123));
#11217=DIRECTION('',(0.,-1.,0.));
#11218=DIRECTION('',(-0.227022260341349,0.,0.973889569360667));
#11219=DIRECTION('',(0.973889569360667,0.,0.227022260341349));
#11220=DIRECTION('',(-0.973889569360667,0.,-0.227022260341349));
#11221=DIRECTION('',(0.,-1.,0.));
#11222=DIRECTION('',(-0.12228492248804,0.,0.992495036628443));
#11223=DIRECTION('',(0.992495036628443,0.,0.12228492248804));
#11224=DIRECTION('',(-0.992495036628443,0.,-0.12228492248804));
#11225=DIRECTION('',(0.,-1.,0.));
#11226=DIRECTION('',(-0.0366766768292062,0.,0.999327184347932));
#11227=DIRECTION('',(0.999327184347932,0.,0.0366766768292062));
#11228=DIRECTION('',(-0.999327184347932,0.,-0.0366766768292062));
#11229=DIRECTION('',(0.,-1.,0.));
#11230=DIRECTION('',(0.0280158762873431,0.,0.999607478301284));
#11231=DIRECTION('',(0.999607478301284,0.,-0.0280158762873431));
#11232=DIRECTION('',(-0.999607478301284,0.,0.0280158762873431));
#11233=DIRECTION('',(0.,-1.,0.));
#11234=DIRECTION('',(0.0908439460671319,0.,0.995865140198688));
#11235=DIRECTION('',(0.995865140198688,0.,-0.0908439460671319));
#11236=DIRECTION('',(-0.995865140198688,0.,0.0908439460671319));
#11237=DIRECTION('',(0.,-1.,0.));
#11238=DIRECTION('',(0.163901283981823,0.,0.986476745346341));
#11239=DIRECTION('',(0.986476745346341,0.,-0.163901283981823));
#11240=DIRECTION('',(-0.986476745346341,0.,0.163901283981823));
#11241=DIRECTION('',(0.,-1.,0.));
#11242=DIRECTION('',(0.248375078593068,0.,0.968663935704168));
#11243=DIRECTION('',(0.968663935704167,0.,-0.248375078593068));
#11244=DIRECTION('',(-0.968663935704167,0.,0.248375078593068));
#11245=DIRECTION('',(0.,-1.,0.));
#11246=DIRECTION('',(0.344739660457824,0.,0.938698336265397));
#11247=DIRECTION('',(0.938698336265397,0.,-0.344739660457824));
#11248=DIRECTION('',(-0.938698336265397,0.,0.344739660457824));
#11249=DIRECTION('',(0.,-1.,0.));
#11250=DIRECTION('',(0.451934582956899,0.,0.892051081904828));
#11251=DIRECTION('',(0.892051081904828,0.,-0.451934582956899));
#11252=DIRECTION('',(-0.892051081904828,0.,0.451934582956899));
#11253=DIRECTION('',(0.,-1.,0.));
#11254=DIRECTION('',(0.566342665519822,0.,0.824169876428339));
#11255=DIRECTION('',(0.824169876428339,0.,-0.566342665519822));
#11256=DIRECTION('',(-0.824169876428339,0.,0.566342665519822));
#11257=DIRECTION('',(0.,-1.,0.));
#11258=DIRECTION('',(0.681127049712916,0.,0.73216524238001));
#11259=DIRECTION('',(0.73216524238001,0.,-0.681127049712916));
#11260=DIRECTION('',(-0.73216524238001,0.,0.681127049712916));
#11261=DIRECTION('',(0.,-1.,0.));
#11262=DIRECTION('',(0.773137002768756,0.,0.634239051895848));
#11263=DIRECTION('',(0.634239051895848,0.,-0.773137002768756));
#11264=DIRECTION('',(-0.634239051895848,0.,0.773137002768756));
#11265=DIRECTION('',(0.,-1.,0.));
#11266=DIRECTION('',(0.839842460473847,0.,0.542830214326022));
#11267=DIRECTION('',(0.542830214326022,0.,-0.839842460473847));
#11268=DIRECTION('',(-0.542830214326022,0.,0.839842460473847));
#11269=DIRECTION('',(0.,-1.,0.));
#11270=DIRECTION('',(0.893941970561053,0.,0.448182723082251));
#11271=DIRECTION('',(0.448182723082251,0.,-0.893941970561053));
#11272=DIRECTION('',(-0.448182723082251,0.,0.893941970561053));
#11273=DIRECTION('',(0.,-1.,0.));
#11274=DIRECTION('',(0.935196699449698,0.,0.354128696010916));
#11275=DIRECTION('',(0.354128696010916,0.,-0.935196699449698));
#11276=DIRECTION('',(-0.354128696010916,0.,0.935196699449698));
#11277=DIRECTION('',(0.,-1.,0.));
#11278=DIRECTION('',(0.964574095930536,0.,0.263812079821582));
#11279=DIRECTION('',(0.263812079821582,0.,-0.964574095930536));
#11280=DIRECTION('',(-0.263812079821582,0.,0.964574095930536));
#11281=DIRECTION('',(0.,-1.,0.));
#11282=DIRECTION('',(0.983778008219521,0.,0.179390162895381));
#11283=DIRECTION('',(0.179390162895381,0.,-0.983778008219521));
#11284=DIRECTION('',(-0.179390162895381,0.,0.983778008219521));
#11285=DIRECTION('',(0.,-1.,0.));
#11286=DIRECTION('',(0.994779882520893,0.,0.102044036237888));
#11287=DIRECTION('',(0.102044036237888,0.,-0.994779882520893));
#11288=DIRECTION('',(-0.102044036237888,0.,0.994779882520892));
#11289=DIRECTION('',(0.,-1.,0.));
#11290=DIRECTION('',(0.999482476264674,0.,0.0321679909200892));
#11291=DIRECTION('',(0.0321679909200892,0.,-0.999482476264674));
#11292=DIRECTION('',(-0.0321679909200892,0.,0.999482476264674));
#11293=DIRECTION('',(0.,-1.,0.));
#11294=DIRECTION('',(1.,0.,-1.80711280054087E-16));
#11295=DIRECTION('',(-1.80711280054087E-16,0.,-1.));
#11296=DIRECTION('',(1.80711280054087E-16,0.,1.));
#11297=DIRECTION('',(0.,-1.,0.));
#11298=DIRECTION('',(0.,0.,-1.));
#11299=DIRECTION('',(0.,1.,0.));
#11300=DIRECTION('',(1.,0.,0.));
#11301=DIRECTION('',(0.,-1.,0.));
#11302=DIRECTION('',(-0.971304743794076,0.,-0.237838379331689));
#11303=DIRECTION('',(-0.237838379331689,0.,0.971304743794076));
#11304=DIRECTION('',(0.237838379331689,0.,-0.971304743794076));
#11305=DIRECTION('',(0.,-1.,0.));
#11306=DIRECTION('',(-0.991883593185142,0.,-0.127149272786484));
#11307=DIRECTION('',(-0.127149272786484,0.,0.991883593185142));
#11308=DIRECTION('',(0.127149272786484,0.,-0.991883593185142));
#11309=DIRECTION('',(0.,-1.,0.));
#11310=DIRECTION('',(0.69264047773253,0.,-0.721283001745122));
#11311=DIRECTION('',(-0.721283001745122,0.,-0.69264047773253));
#11312=DIRECTION('',(0.721283001745122,0.,0.69264047773253));
#11313=DIRECTION('',(0.,-1.,0.));
#11314=DIRECTION('',(0.603086189595985,0.,-0.7976760294246));
#11315=DIRECTION('',(-0.7976760294246,0.,-0.603086189595985));
#11316=DIRECTION('',(0.7976760294246,0.,0.603086189595985));
#11317=DIRECTION('',(0.,-1.,0.));
#11318=DIRECTION('',(0.513927632089536,0.,-0.857833543862003));
#11319=DIRECTION('',(-0.857833543862003,0.,-0.513927632089536));
#11320=DIRECTION('',(0.857833543862003,0.,0.513927632089536));
#11321=DIRECTION('',(0.,-1.,0.));
#11322=DIRECTION('',(0.428864094148271,0.,-0.903369021358593));
#11323=DIRECTION('',(-0.903369021358593,0.,-0.428864094148271));
#11324=DIRECTION('',(0.903369021358593,0.,0.428864094148271));
#11325=DIRECTION('',(0.,-1.,0.));
#11326=DIRECTION('',(0.333599443791159,0.,-0.942714915073603));
#11327=DIRECTION('',(-0.942714915073603,0.,-0.333599443791159));
#11328=DIRECTION('',(0.942714915073603,0.,0.333599443791159));
#11329=DIRECTION('',(0.,-1.,0.));
#11330=DIRECTION('',(0.228826293768509,0.,-0.973467270780157));
#11331=DIRECTION('',(-0.973467270780157,0.,-0.228826293768509));
#11332=DIRECTION('',(0.973467270780157,0.,0.228826293768509));
#11333=DIRECTION('',(0.,-1.,0.));
#11334=DIRECTION('',(0.1306849993178,0.,-0.991423941083383));
#11335=DIRECTION('',(-0.991423941083383,0.,-0.1306849993178));
#11336=DIRECTION('',(0.991423941083383,0.,0.1306849993178));
#11337=DIRECTION('',(0.,-1.,0.));
#11338=DIRECTION('',(0.0412070528957795,0.,-0.999150628680003));
#11339=DIRECTION('',(-0.999150628680003,0.,-0.0412070528957795));
#11340=DIRECTION('',(0.999150628680003,0.,0.0412070528957795));
#11341=DIRECTION('',(0.,-1.,0.));
#11342=DIRECTION('',(-0.0288264693486063,0.,-0.999584430983643));
#11343=DIRECTION('',(-0.999584430983643,0.,0.0288264693486063));
#11344=DIRECTION('',(0.999584430983643,0.,-0.0288264693486063));
#11345=DIRECTION('',(0.,-1.,0.));
#11346=DIRECTION('',(-0.0924026550434597,0.,-0.995721722842743));
#11347=DIRECTION('',(-0.995721722842743,0.,0.0924026550434597));
#11348=DIRECTION('',(0.995721722842743,0.,-0.0924026550434597));
#11349=DIRECTION('',(0.,-1.,0.));
#11350=DIRECTION('',(-0.164508427544047,0.,-0.986375677552415));
#11351=DIRECTION('',(-0.986375677552415,0.,0.164508427544047));
#11352=DIRECTION('',(0.986375677552415,0.,-0.164508427544047));
#11353=DIRECTION('',(0.,-1.,0.));
#11354=DIRECTION('',(-0.245578138880971,0.,-0.969376798620515));
#11355=DIRECTION('',(-0.969376798620515,0.,0.245578138880971));
#11356=DIRECTION('',(0.969376798620515,0.,-0.245578138880971));
#11357=DIRECTION('',(0.38611361916508,0.,-0.922451230740815));
#11358=DIRECTION('',(-0.922451230740815,0.,-0.38611361916508));
#11359=DIRECTION('',(0.922451230740815,0.,0.38611361916508));
#11360=DIRECTION('',(0.922451230740815,0.,0.38611361916508));
#11361=DIRECTION('',(0.,1.,0.));
#11362=DIRECTION('',(1.,0.,0.));
#11363=DIRECTION('',(0.978423913928002,0.,0.206607465145407));
#11364=DIRECTION('',(0.206607465145407,0.,-0.978423913928002));
#11365=DIRECTION('',(0.,-1.,0.));
#11366=DIRECTION('',(-0.206607465145407,0.,0.978423913928002));
#11367=DIRECTION('',(0.,-1.,0.));
#11368=DIRECTION('',(0.993057624930676,0.,0.117628880667313));
#11369=DIRECTION('',(0.117628880667313,0.,-0.993057624930676));
#11370=DIRECTION('',(-0.117628880667313,0.,0.993057624930676));
#11371=DIRECTION('',(0.,-1.,0.));
#11372=DIRECTION('',(0.999313586465099,0.,0.0370453223263158));
#11373=DIRECTION('',(0.0370453223263158,0.,-0.999313586465099));
#11374=DIRECTION('',(-0.0370453223263158,0.,0.999313586465099));
#11375=DIRECTION('',(0.,-1.,0.));
#11376=DIRECTION('',(1.,0.,0.));
#11377=DIRECTION('',(0.,-1.,0.));
#11378=DIRECTION('',(0.,0.,1.));
#11379=DIRECTION('',(0.,-1.,0.));
#11380=DIRECTION('',(0.,0.,-1.));
#11381=DIRECTION('',(0.,1.,0.));
#11382=DIRECTION('',(1.,0.,0.));
#11383=DIRECTION('',(0.,-1.,0.));
#11384=DIRECTION('',(-1.,0.,0.));
#11385=DIRECTION('',(0.,1.,0.));
#11386=DIRECTION('',(0.,0.,-1.));
#11387=DIRECTION('',(0.,-1.,0.));
#11388=DIRECTION('',(-0.999028700803213,0.,-0.0440642141816199));
#11389=DIRECTION('',(-0.0440642141816199,0.,0.999028700803213));
#11390=DIRECTION('',(0.0440642141816199,0.,-0.999028700803213));
#11391=DIRECTION('',(0.,-1.,0.));
#11392=DIRECTION('',(-0.987332792441902,0.,-0.158663029622142));
#11393=DIRECTION('',(-0.158663029622142,0.,0.987332792441902));
#11394=DIRECTION('',(0.158663029622142,0.,-0.987332792441902));
#11395=DIRECTION('',(0.,-1.,0.));
#11396=DIRECTION('',(-0.946498000176671,0.,-0.322709677049764));
#11397=DIRECTION('',(-0.322709677049764,0.,0.946498000176671));
#11398=DIRECTION('',(0.322709677049764,0.,-0.946498000176671));
#11399=DIRECTION('',(0.,-1.,0.));
#11400=DIRECTION('',(-0.835919858608692,0.,-0.548851519068341));
#11401=DIRECTION('',(-0.548851519068341,0.,0.835919858608692));
#11402=DIRECTION('',(0.548851519068341,0.,-0.835919858608692));
#11403=DIRECTION('',(0.,-1.,0.));
#11404=DIRECTION('',(-0.621555409291392,0.,-0.783370201871765));
#11405=DIRECTION('',(-0.783370201871765,0.,0.621555409291392));
#11406=DIRECTION('',(0.783370201871765,0.,-0.621555409291392));
#11407=DIRECTION('',(0.,-1.,0.));
#11408=DIRECTION('',(-0.393789293140372,0.,-0.919200735752537));
#11409=DIRECTION('',(-0.919200735752537,0.,0.393789293140372));
#11410=DIRECTION('',(0.919200735752537,0.,-0.393789293140372));
#11411=DIRECTION('',(0.,-1.,0.));
#11412=DIRECTION('',(-0.202367577619152,0.,-0.979309636186919));
#11413=DIRECTION('',(-0.979309636186919,0.,0.202367577619152));
#11414=DIRECTION('',(0.979309636186919,0.,-0.202367577619152));
#11415=DIRECTION('',(0.,-1.,0.));
#11416=DIRECTION('',(-0.0574996173636636,0.,-0.998345528363318));
#11417=DIRECTION('',(-0.998345528363318,0.,0.0574996173636636));
#11418=DIRECTION('',(0.998345528363318,0.,-0.0574996173636636));
#11419=DIRECTION('',(0.,-1.,0.));
#11420=DIRECTION('',(0.0743586471566517,0.,-0.997231563676678));
#11421=DIRECTION('',(-0.997231563676678,0.,-0.0743586471566517));
#11422=DIRECTION('',(0.997231563676678,0.,0.0743586471566517));
#11423=DIRECTION('',(0.,-1.,0.));
#11424=DIRECTION('',(0.249919405138652,0.,-0.968266642477754));
#11425=DIRECTION('',(-0.968266642477754,0.,-0.249919405138652));
#11426=DIRECTION('',(0.968266642477754,0.,0.249919405138652));
#11427=DIRECTION('',(0.,-1.,0.));
#11428=DIRECTION('',(0.453194209802772,0.,-0.891411806182329));
#11429=DIRECTION('',(-0.891411806182329,0.,-0.453194209802772));
#11430=DIRECTION('',(0.891411806182329,0.,0.453194209802772));
#11431=DIRECTION('',(0.,-1.,0.));
#11432=DIRECTION('',(0.656336012275498,0.,-0.754468713062574));
#11433=DIRECTION('',(-0.754468713062574,0.,-0.656336012275498));
#11434=DIRECTION('',(0.754468713062574,0.,0.656336012275498));
#11435=DIRECTION('',(0.,-1.,0.));
#11436=DIRECTION('',(0.8210080010667,0.,-0.570916685852202));
#11437=DIRECTION('',(-0.570916685852202,0.,-0.8210080010667));
#11438=DIRECTION('',(0.570916685852202,0.,0.8210080010667));
#11439=DIRECTION('',(0.,-1.,0.));
#11440=DIRECTION('',(0.926420503932135,0.,-0.376490437984989));
#11441=DIRECTION('',(-0.376490437984989,0.,-0.926420503932135));
#11442=DIRECTION('',(0.376490437984989,0.,0.926420503932135));
#11443=DIRECTION('',(0.,-1.,0.));
#11444=DIRECTION('',(0.979371859214813,0.,-0.202066230177437));
#11445=DIRECTION('',(-0.202066230177437,0.,-0.979371859214813));
#11446=DIRECTION('',(0.202066230177437,0.,0.979371859214813));
#11447=DIRECTION('',(0.,-1.,0.));
#11448=DIRECTION('',(0.998228399865635,0.,-0.059498417640252));
#11449=DIRECTION('',(-0.059498417640252,0.,-0.998228399865635));
#11450=DIRECTION('',(0.059498417640252,0.,0.998228399865635));
#11451=DIRECTION('',(0.,-1.,0.));
#11452=DIRECTION('',(1.,0.,0.));
#11453=DIRECTION('',(0.,-1.,0.));
#11454=DIRECTION('',(0.,0.,1.));
#11455=DIRECTION('',(0.,-1.,0.));
#11456=DIRECTION('',(0.,0.,-1.));
#11457=DIRECTION('',(0.,1.,0.));
#11458=DIRECTION('',(1.,0.,0.));
#11459=DIRECTION('',(0.,-1.,0.));
#11460=DIRECTION('',(-1.,0.,0.));
#11461=DIRECTION('',(0.,1.,0.));
#11462=DIRECTION('',(0.,0.,-1.));
#11463=DIRECTION('',(0.,-1.,0.));
#11464=DIRECTION('',(1.13286066203359E-16,0.,1.));
#11465=DIRECTION('',(1.,0.,-1.13286066203359E-16));
#11466=DIRECTION('',(-1.,0.,1.13286066203359E-16));
#11467=DIRECTION('',(0.,-1.,0.));
#11468=DIRECTION('',(1.,0.,0.));
#11469=DIRECTION('',(0.,-1.,0.));
#11470=DIRECTION('',(0.,0.,1.));
#11471=DIRECTION('',(0.,-1.,0.));
#11472=DIRECTION('',(-0.840158236287663,0.,0.54234134822822));
#11473=DIRECTION('',(0.54234134822822,0.,0.840158236287663));
#11474=DIRECTION('',(-0.54234134822822,0.,-0.840158236287663));
#11475=DIRECTION('',(0.,-1.,0.));
#11476=DIRECTION('',(-0.761793036480144,0.,0.647820476343842));
#11477=DIRECTION('',(0.647820476343842,0.,0.761793036480144));
#11478=DIRECTION('',(-0.647820476343842,0.,-0.761793036480144));
#11479=DIRECTION('',(0.,-1.,0.));
#11480=DIRECTION('',(-0.665379370367771,0.,0.746505387448067));
#11481=DIRECTION('',(0.746505387448067,0.,0.665379370367771));
#11482=DIRECTION('',(-0.746505387448067,0.,-0.665379370367771));
#11483=DIRECTION('',(0.,-1.,0.));
#11484=DIRECTION('',(-0.554969432964902,0.,0.831870740244309));
#11485=DIRECTION('',(0.831870740244309,0.,0.554969432964902));
#11486=DIRECTION('',(-0.831870740244309,0.,-0.554969432964902));
#11487=DIRECTION('',(0.,-1.,0.));
#11488=DIRECTION('',(-0.424323806932951,0.,0.90551052278255));
#11489=DIRECTION('',(0.905510522782551,0.,0.424323806932951));
#11490=DIRECTION('',(-0.905510522782551,0.,-0.424323806932951));
#11491=DIRECTION('',(0.,-1.,0.));
#11492=DIRECTION('',(-0.285329154542925,0.,0.958429587172589));
#11493=DIRECTION('',(0.958429587172589,0.,0.285329154542925));
#11494=DIRECTION('',(-0.958429587172589,0.,-0.285329154542925));
#11495=DIRECTION('',(0.,-1.,0.));
#11496=DIRECTION('',(-0.158801901250381,0.,0.987310465942332));
#11497=DIRECTION('',(0.987310465942332,0.,0.158801901250381));
#11498=DIRECTION('',(-0.987310465942332,0.,-0.158801901250381));
#11499=DIRECTION('',(0.,-1.,0.));
#11500=DIRECTION('',(-0.048702871693444,0.,0.998813311029049));
#11501=DIRECTION('',(0.998813311029049,0.,0.048702871693444));
#11502=DIRECTION('',(-0.998813311029049,0.,-0.0487028716934439));
#11503=DIRECTION('',(0.,-1.,0.));
#11504=DIRECTION('',(0.0378037527607579,0.,0.999285182656685));
#11505=DIRECTION('',(0.999285182656685,0.,-0.0378037527607579));
#11506=DIRECTION('',(-0.999285182656685,0.,0.0378037527607579));
#11507=DIRECTION('',(0.,-1.,0.));
#11508=DIRECTION('',(0.11800797213409,0.,0.99301264771039));
#11509=DIRECTION('',(0.99301264771039,0.,-0.11800797213409));
#11510=DIRECTION('',(-0.99301264771039,0.,0.11800797213409));
#11511=DIRECTION('',(0.,-1.,0.));
#11512=DIRECTION('',(0.203503554674263,0.,0.979074207215643));
#11513=DIRECTION('',(0.979074207215643,0.,-0.203503554674263));
#11514=DIRECTION('',(-0.979074207215643,0.,0.203503554674263));
#11515=DIRECTION('',(0.,-1.,0.));
#11516=DIRECTION('',(0.29271520588505,0.,0.956199669652564));
#11517=DIRECTION('',(0.956199669652564,0.,-0.292715205885051));
#11518=DIRECTION('',(-0.956199669652564,0.,0.29271520588505));
#11519=DIRECTION('',(0.,-1.,0.));
#11520=DIRECTION('',(0.38343762084146,0.,0.923566776645544));
#11521=DIRECTION('',(0.923566776645544,0.,-0.38343762084146));
#11522=DIRECTION('',(-0.923566776645544,0.,0.38343762084146));
#11523=DIRECTION('',(0.,-1.,0.));
#11524=DIRECTION('',(0.473012905282027,0.,0.881055498499758));
#11525=DIRECTION('',(0.881055498499758,0.,-0.473012905282027));
#11526=DIRECTION('',(-0.881055498499758,0.,0.473012905282027));
#11527=DIRECTION('',(0.,-1.,0.));
#11528=DIRECTION('',(0.558650460646452,0.,0.829403196774348));
#11529=DIRECTION('',(0.829403196774348,0.,-0.558650460646452));
#11530=DIRECTION('',(-0.829403196774348,0.,0.558650460646452));
#11531=DIRECTION('',(0.,-1.,0.));
#11532=DIRECTION('',(0.637839339050674,0.,0.770169447303254));
#11533=DIRECTION('',(0.770169447303254,0.,-0.637839339050674));
#11534=DIRECTION('',(-0.770169447303254,0.,0.637839339050674));
#11535=DIRECTION('',(0.,-1.,0.));
#11536=DIRECTION('',(0.717109018447322,0.,0.696961014448813));
#11537=DIRECTION('',(0.696961014448813,0.,-0.717109018447322));
#11538=DIRECTION('',(-0.696961014448813,0.,0.717109018447322));
#11539=DIRECTION('',(0.,-1.,0.));
#11540=DIRECTION('',(0.795780359761054,0.,0.605585352381122));
#11541=DIRECTION('',(0.605585352381122,0.,-0.795780359761054));
#11542=DIRECTION('',(-0.605585352381122,0.,0.795780359761054));
#11543=DIRECTION('',(0.,-1.,0.));
#11544=DIRECTION('',(0.862312317655035,0.,0.506376803201334));
#11545=DIRECTION('',(0.506376803201334,0.,-0.862312317655035));
#11546=DIRECTION('',(-0.506376803201334,0.,0.862312317655035));
#11547=DIRECTION('',(0.,-1.,0.));
#11548=DIRECTION('',(0.914778196230263,0.,0.40395649728864));
#11549=DIRECTION('',(0.40395649728864,0.,-0.914778196230263));
#11550=DIRECTION('',(-0.40395649728864,0.,0.914778196230263));
#11551=DIRECTION('',(0.,-1.,0.));
#11552=DIRECTION('',(0.953043864480464,0.,0.302832284236907));
#11553=DIRECTION('',(0.302832284236907,0.,-0.953043864480464));
#11554=DIRECTION('',(-0.302832284236907,0.,0.953043864480464));
#11555=DIRECTION('',(0.,1.,0.));
#11556=DIRECTION('',(1.,0.,0.));
#11557=DIRECTION('',(0.,1.,0.));
#11558=DIRECTION('',(1.,0.,0.));
#11559=DIRECTION('',(0.,1.,0.));
#11560=DIRECTION('',(1.,0.,0.));
#11561=DIRECTION('',(0.,-1.,0.));
#11562=DIRECTION('',(-1.,0.,0.));
#11563=DIRECTION('',(0.,1.,0.));
#11564=DIRECTION('',(1.,0.,0.));
#11565=DIRECTION('',(0.,1.,0.));
#11566=DIRECTION('',(1.,0.,0.));
#11567=DIRECTION('',(0.,-1.,0.));
#11568=DIRECTION('',(-1.,0.,0.));
#11569=DIRECTION('',(0.,1.,0.));
#11570=DIRECTION('',(1.,0.,0.));
#11571=DIRECTION('',(0.,1.,0.));
#11572=DIRECTION('',(1.,0.,0.));
#11573=DIRECTION('',(0.,-1.,0.));
#11574=DIRECTION('',(-1.,0.,0.));
#11575=DIRECTION('',(0.,1.,0.));
#11576=DIRECTION('',(1.,0.,0.));
#11577=DIRECTION('',(0.,1.,0.));
#11578=DIRECTION('',(1.,0.,0.));
#11579=DIRECTION('',(0.,-1.,0.));
#11580=DIRECTION('',(-1.,0.,0.));
#11581=DIRECTION('',(0.,1.,0.));
#11582=DIRECTION('',(1.,0.,0.));
#11583=DIRECTION('',(0.,1.,0.));
#11584=DIRECTION('',(1.,0.,0.));
#11585=DIRECTION('',(0.,-1.,0.));
#11586=DIRECTION('',(-1.,0.,0.));
#11587=DIRECTION('',(0.,1.,0.));
#11588=DIRECTION('',(1.,0.,0.));
#11589=DIRECTION('',(0.,1.,0.));
#11590=DIRECTION('',(1.,0.,0.));
#11591=DIRECTION('',(0.,-1.,0.));
#11592=DIRECTION('',(-1.,0.,0.));
#11593=DIRECTION('',(0.,1.,0.));
#11594=DIRECTION('',(1.,0.,0.));
#11595=DIRECTION('',(0.,1.,0.));
#11596=DIRECTION('',(1.,0.,0.));
#11597=DIRECTION('',(1.,0.,0.));
#11598=DIRECTION('',(0.,-1.,0.));
#11599=DIRECTION('',(0.,0.,-1.));
#11600=DIRECTION('',(0.,0.,-1.));
#11601=DIRECTION('',(-2.31296463463574E-16,-1.,0.));
#11602=DIRECTION('',(-1.,2.31296463463574E-16,0.));
#11603=DIRECTION('',(0.,0.,-1.));
#11604=DIRECTION('',(1.,0.,0.));
#11605=DIRECTION('',(0.,-1.,0.));
#11606=DIRECTION('',(0.,0.,-1.));
#11607=DIRECTION('',(0.,0.,-1.));
#11608=DIRECTION('',(0.,1.,0.));
#11609=DIRECTION('',(0.,0.,1.));
#11610=DIRECTION('',(0.,-1.,0.));
#11611=CARTESIAN_POINT('',(0.,0.,0.));
#11612=CARTESIAN_POINT('',(-0.00558121323585509,0.013,0.0146998918056488));
#11613=CARTESIAN_POINT('',(-0.00558121323585509,0.013,-0.0528001081943512));
#11614=CARTESIAN_POINT('',(-0.200581213235855,0.013,-0.0528001081943512));
#11615=CARTESIAN_POINT('',(0.165918786764145,0.013,-0.0528001081943512));
#11616=CARTESIAN_POINT('',(0.165918786764145,0.013,0.0146998918056488));
#11617=CARTESIAN_POINT('',(0.165918786764145,0.013,-0.0628001081943512));
#11618=CARTESIAN_POINT('',(-0.00558121323585509,0.013,-0.0628001081943512));
#11619=CARTESIAN_POINT('',(-0.205581213235855,0.013,-0.0628001081943512));
#11620=CARTESIAN_POINT('',(-0.205581213235855,0.013,-0.0578001081943512));
#11621=CARTESIAN_POINT('',(-0.210581213235855,0.013,-0.0578001081943512));
#11622=CARTESIAN_POINT('',(-0.210581213235855,0.013,0.0146998918056488));
#11623=CARTESIAN_POINT('',(-0.210581213235855,0.013,0.0871998918056488));
#11624=CARTESIAN_POINT('',(-0.205581213235855,0.013,0.0871998918056488));
#11625=CARTESIAN_POINT('',(-0.205581213235855,0.013,0.0921998918056488));
#11626=CARTESIAN_POINT('',(-0.00558121323585509,0.013,0.0921998918056488));
#11627=CARTESIAN_POINT('',(0.194418786764145,0.013,0.0921998918056488));
#11628=CARTESIAN_POINT('',(0.194418786764145,0.013,0.0871998918056488));
#11629=CARTESIAN_POINT('',(0.199418786764145,0.013,0.0871998918056488));
#11630=CARTESIAN_POINT('',(0.199418786764145,0.013,0.0146998918056488));
#11631=CARTESIAN_POINT('',(0.199418786764145,0.013,-0.0578001081943512));
#11632=CARTESIAN_POINT('',(0.194418786764145,0.013,-0.0578001081943512));
#11633=CARTESIAN_POINT('',(0.194418786764145,0.013,-0.0628001081943512));
#11634=CARTESIAN_POINT('',(-0.00558121323585509,0.013,-0.0628001081943512));
#11635=CARTESIAN_POINT('',(0.185918786764145,0.013,-0.0628001081943512));
#11636=CARTESIAN_POINT('',(0.185918786764145,0.013,-0.0528001081943512));
#11637=CARTESIAN_POINT('',(0.185918786764145,0.013,-0.0528001081943512));
#11638=CARTESIAN_POINT('',(-0.00558121323585509,0.013,-0.0528001081943512));
#11639=CARTESIAN_POINT('',(0.189418786764145,0.013,-0.0528001081943512));
#11640=CARTESIAN_POINT('',(0.189418786764145,0.013,0.0146998918056488));
#11641=CARTESIAN_POINT('',(0.189418786764145,0.013,0.0821998918056488));
#11642=CARTESIAN_POINT('',(-0.00558121323585509,0.013,0.0821998918056488));
#11643=CARTESIAN_POINT('',(-0.200581213235855,0.013,0.0821998918056488));
#11644=CARTESIAN_POINT('',(-0.200581213235855,0.013,0.0146998918056488));
#11645=CARTESIAN_POINT('',(-0.00558121323585509,0.013,-0.0528001081943512));
#11646=CARTESIAN_POINT('',(0.168418786764145,0.0110555734400964,-0.0528001081943512));
#11647=CARTESIAN_POINT('',(0.168418786764145,0.0105,-0.0528001081943512));
#11648=CARTESIAN_POINT('',(0.168418786764145,0.00911114688019273,-0.0528001081943512));
#11649=CARTESIAN_POINT('',(0.165918786764145,0.0105,-0.0528001081943512));
#11650=CARTESIAN_POINT('',(-0.200581213235855,0.013,-0.0528001081943512));
#11651=CARTESIAN_POINT('',(-0.200581213235855,0.0107578719295951,-0.0528001081943512));
#11652=CARTESIAN_POINT('',(-0.200581213235855,0.013,-0.0528001081943512));
#11653=CARTESIAN_POINT('',(-0.200581213235855,0.00741552036807106,-0.0528001081943512));
#11654=CARTESIAN_POINT('',(-0.200581213235855,0.013,-0.0528001081943512));
#11655=CARTESIAN_POINT('',(-0.200581213235855,0.005645841787517,-0.0528001081943512));
#11656=CARTESIAN_POINT('',(-0.200581213235855,0.013,-0.0528001081943512));
#11657=CARTESIAN_POINT('',(-0.200581213235855,0.003,-0.0528001081943512));
#11658=CARTESIAN_POINT('',(-0.00558121323585509,0.003,-0.0528001081943512));
#11659=CARTESIAN_POINT('',(0.189418786764145,0.003,-0.0528001081943512));
#11660=CARTESIAN_POINT('',(0.189418786764145,0.013,-0.0528001081943512));
#11661=CARTESIAN_POINT('',(0.189418786764145,0.00659994707294804,-0.0528001081943512));
#11662=CARTESIAN_POINT('',(0.189418786764145,0.013,-0.0528001081943512));
#11663=CARTESIAN_POINT('',(0.189418786764145,0.0114248488369818,-0.0528001081943512));
#11664=CARTESIAN_POINT('',(0.189418786764145,0.013,-0.0528001081943512));
#11665=CARTESIAN_POINT('',(0.185918786764145,0.0105,-0.0528001081943512));
#11666=CARTESIAN_POINT('',(0.183418786764145,0.0105,-0.0528001081943512));
#11667=CARTESIAN_POINT('',(0.183418786764145,0.0110555734400964,-0.0528001081943512));
#11668=CARTESIAN_POINT('',(0.183418786764145,0.00911114688019273,-0.0528001081943512));
#11669=CARTESIAN_POINT('',(0.175918786764145,0.00911114688019273,-0.0528001081943512));
#11670=CARTESIAN_POINT('',(-0.00558121323585509,0.,0.0146998918056488));
#11671=CARTESIAN_POINT('',(0.0028363154182589,0.,0.0508968944855078));
#11672=CARTESIAN_POINT('',(0.00192173891825908,0.,0.0512224564855077));
#11673=CARTESIAN_POINT('',(0.003750891918259,0.,0.0505713324855078));
#11674=CARTESIAN_POINT('',(0.00458052491825889,0.,0.0501734239855079));
#11675=CARTESIAN_POINT('',(0.0054101579182585,0.,0.0497755154855079));
#11676=CARTESIAN_POINT('',(0.00615484841825861,0.,0.0493052594855078));
#11677=CARTESIAN_POINT('',(0.00689953891825862,0.,0.0488350034855079));
#11678=CARTESIAN_POINT('',(0.00755928591825866,0.,0.0482924004855079));
#11679=CARTESIAN_POINT('',(0.00821903291825862,0.,0.0477497974855081));
#11680=CARTESIAN_POINT('',(0.00879794091825858,0.,0.0471493169855081));
#11681=CARTESIAN_POINT('',(0.00937684891825846,0.,0.0465488364855079));
#11682=CARTESIAN_POINT('',(0.00987851691825845,0.,0.045904947985508));
#11683=CARTESIAN_POINT('',(0.0103801849182584,0.,0.045261059485508));
#11684=CARTESIAN_POINT('',(0.0108046289182584,0.,0.0445737624855079));
#11685=CARTESIAN_POINT('',(0.0112290729182587,0.,0.043886465485508));
#11686=CARTESIAN_POINT('',(0.0115763094182587,0.,0.0431557599855081));
#11687=CARTESIAN_POINT('',(0.0119235459182584,0.,0.042425054485508));
#11688=CARTESIAN_POINT('',(0.0121935904182584,0.,0.041650940985508));
#11689=CARTESIAN_POINT('',(0.0124636349182586,0.,0.040876827485508));
#11690=CARTESIAN_POINT('',(0.0126565039182586,0.,0.0400593059855079));
#11691=CARTESIAN_POINT('',(0.0128493729182585,0.,0.039241784485508));
#11692=CARTESIAN_POINT('',(0.0129650824182585,0.,0.038380854485508));
#11693=CARTESIAN_POINT('',(0.0130807919182585,0.,0.0375199244855079));
#11694=CARTESIAN_POINT('',(0.0131193584182585,0.,0.036615586485508));
#11695=CARTESIAN_POINT('',(0.0131579249182581,0.,0.0357112484855081));
#11696=CARTESIAN_POINT('',(0.0130943624182581,0.,0.0341565729855081));
#11697=CARTESIAN_POINT('',(0.0130307999182585,0.,0.032601897485508));
#11698=CARTESIAN_POINT('',(0.0128401139182585,0.,0.031209033485508));
#11699=CARTESIAN_POINT('',(0.0126494279182588,0.,0.0298161694855079));
#11700=CARTESIAN_POINT('',(0.0123316179182588,0.,0.028585182485508));
#11701=CARTESIAN_POINT('',(0.0120138079182587,0.,0.027354195485508));
#11702=CARTESIAN_POINT('',(0.0115688734182587,0.,0.026285148985508));
#11703=CARTESIAN_POINT('',(0.0111239389182586,0.,0.0252161024855085));
#11704=CARTESIAN_POINT('',(0.0105604069182586,0.,0.0242840959855085));
#11705=CARTESIAN_POINT('',(0.00999687491825857,0.,0.0233520894855083));
#11706=CARTESIAN_POINT('',(0.00932533941825855,0.,0.0225320919855083));
#11707=CARTESIAN_POINT('',(0.00865380391825854,0.,0.0217120944855082));
#11708=CARTESIAN_POINT('',(0.00787426441825857,0.,0.0210039759855082));
#11709=CARTESIAN_POINT('',(0.00709472491825891,0.,0.0202958574855082));
#11710=CARTESIAN_POINT('',(0.00620718141825885,0.,0.0196994894855082));
#11711=CARTESIAN_POINT('',(0.00531963791825829,0.,0.0191031214855081));
#11712=CARTESIAN_POINT('',(0.00433492141825831,0.,0.0185978549855081));
#11713=CARTESIAN_POINT('',(0.00335020491825861,0.,0.0180925884855082));
#11714=CARTESIAN_POINT('',(0.00228112641825856,0.,0.0176568264855081));
#11715=CARTESIAN_POINT('',(0.00121204791825846,0.,0.0172210644855081));
#11716=CARTESIAN_POINT('',(5.84789182584422E-5,0.,0.0168548074855081));
#11717=CARTESIAN_POINT('',(-0.00109509008174119,0.,0.016488550485508));
#11718=CARTESIAN_POINT('',(-0.00233328008174119,0.,0.016191798485508));
#11719=CARTESIAN_POINT('',(-0.00357147008174163,0.,0.0158950464855079));
#11720=CARTESIAN_POINT('',(-0.00625037808174167,0.,0.0153943879855078));
#11721=CARTESIAN_POINT('',(-0.00892928608174104,0.,0.014893729485508));
#11722=CARTESIAN_POINT('',(-0.0118397045817409,0.,0.014438028985508));
#11723=CARTESIAN_POINT('',(-0.0147501230817409,0.,0.0139823284855081));
#11724=CARTESIAN_POINT('',(-0.016138400081741,0.,0.0137469419855081));
#11725=CARTESIAN_POINT('',(-0.017526677081741,0.,0.0135115554855081));
#11726=CARTESIAN_POINT('',(-0.018668393581741,0.,0.0132374119855081));
#11727=CARTESIAN_POINT('',(-0.0198101100817409,0.,0.0129632684855083));
#11728=CARTESIAN_POINT('',(-0.020705200081741,0.,0.0126503674855083));
#11729=CARTESIAN_POINT('',(-0.0216002900817419,0.,0.0123374664855077));
#11730=CARTESIAN_POINT('',(-0.0222486900817418,0.,0.0119858079855077));
#11731=CARTESIAN_POINT('',(-0.0228970900817414,0.,0.0116341494855077));
#11732=CARTESIAN_POINT('',(-0.0233564935817413,0.,0.0112134924855078));
#11733=CARTESIAN_POINT('',(-0.0238158970817413,0.,0.0107928354855081));
#11734=CARTESIAN_POINT('',(-0.0241440425817413,0.,0.0102718614855081));
#11735=CARTESIAN_POINT('',(-0.0244721880817415,0.,0.00975088748550812));
#11736=CARTESIAN_POINT('',(-0.0246690755817415,0.,0.00912953198550808));
#11737=CARTESIAN_POINT('',(-0.0248659630817415,0.,0.00850817648550798));
#11738=CARTESIAN_POINT('',(-0.0249315920817414,0.,0.00778637448550796));
#11739=CARTESIAN_POINT('',(-0.0249972210817417,0.,0.00706457248550797));
#11740=CARTESIAN_POINT('',(-0.0249104045817417,0.,0.00636510998550798));
#11741=CARTESIAN_POINT('',(-0.0248235880817414,0.,0.00566564748550785));
#11742=CARTESIAN_POINT('',(-0.0245631385817414,0.,0.00504718798550791));
#11743=CARTESIAN_POINT('',(-0.0243026890817413,0.,0.00442872848550782));
#11744=CARTESIAN_POINT('',(-0.0238686070817413,0.,0.00389114248550779));
#11745=CARTESIAN_POINT('',(-0.0234345250817415,0.,0.00335355648550784));
#11746=CARTESIAN_POINT('',(-0.0228268095817415,0.,0.00289671498550788));
#11747=CARTESIAN_POINT('',(-0.0222190940817418,0.,0.00243987348550798));
#11748=CARTESIAN_POINT('',(-0.0214647575817417,0.,0.00207452098550797));
#11749=CARTESIAN_POINT('',(-0.0207104210817415,0.,0.00170916848550791));
#11750=CARTESIAN_POINT('',(-0.0198365185817413,0.,0.00144820198550785));
#11751=CARTESIAN_POINT('',(-0.0189626160817411,0.,0.0011872354855079));
#11752=CARTESIAN_POINT('',(-0.0179692110817411,0.,0.00103065598550791));
#11753=CARTESIAN_POINT('',(-0.0169758060817414,0.,0.00087407648550793));
#11754=CARTESIAN_POINT('',(-0.0158629645817413,0.,0.000821883485507938));
#11755=CARTESIAN_POINT('',(-0.0147501230817416,0.,0.000769690485507995));
#11756=CARTESIAN_POINT('',(-0.0134837910817417,0.,0.000846924985507997));
#11757=CARTESIAN_POINT('',(-0.0122174590817409,0.,0.000924159485508183));
#11758=CARTESIAN_POINT('',(-0.0111366455817411,0.,0.00115577798550816));
#11759=CARTESIAN_POINT('',(-0.0100558320817417,0.,0.00138739648550773));
#11760=CARTESIAN_POINT('',(-0.00916053758174165,0.,0.00177326898550775));
#11761=CARTESIAN_POINT('',(-0.0082652430817417,0.,0.00215914148550825));
#11762=CARTESIAN_POINT('',(-0.00755546708174174,0.,0.00269913848550822));
#11763=CARTESIAN_POINT('',(-0.00684569108174171,0.,0.00323913548550814));
#11764=CARTESIAN_POINT('',(-0.00628604558174171,0.,0.00390678498550815));
#11765=CARTESIAN_POINT('',(-0.00572640008174148,0.,0.00457443448550815));
#11766=CARTESIAN_POINT('',(-0.00528257458174148,0.,0.00534227148550814));
#11767=CARTESIAN_POINT('',(-0.00483874908174153,0.,0.00611010848550792));
#11768=CARTESIAN_POINT('',(-0.00451080808174153,0.,0.00697806848550787));
#11769=CARTESIAN_POINT('',(-0.00418286708174178,0.,0.00784602848550813));
#11770=CARTESIAN_POINT('',(-0.00397087508174176,0.,0.00881404698550815));
#11771=CARTESIAN_POINT('',(-0.0037588830817416,0.,0.00978206548550796));
#11772=CARTESIAN_POINT('',(0.0037100884182584,0.,0.00978206548550796));
#11773=CARTESIAN_POINT('',(0.0111790599182584,0.,0.00978206548550796));
#11774=CARTESIAN_POINT('',(0.0110718314182584,0.,0.00825477848550794));
#11775=CARTESIAN_POINT('',(0.0109646029182584,0.,0.00672749148550796));
#11776=CARTESIAN_POINT('',(0.0107028619182586,0.,0.00529276948550793));
#11777=CARTESIAN_POINT('',(0.0104411209182586,0.,0.00385804748550794));
#11778=CARTESIAN_POINT('',(0.0100248669182584,0.,0.00251595598550812));
#11779=CARTESIAN_POINT('',(0.00960861291825843,0.,0.0011738644855081));
#11780=CARTESIAN_POINT('',(0.00903784641825844,0.,-7.55325144917718E-5));
#11781=CARTESIAN_POINT('',(0.00846707991825842,0.,-0.00132492951449178));
#11782=CARTESIAN_POINT('',(0.0077180079182588,0.,-0.00246348051449198));
#11783=CARTESIAN_POINT('',(0.00696893591825881,0.,-0.00360203151449198));
#11784=CARTESIAN_POINT('',(0.00601974691825827,0.,-0.00460951801449192));
#11785=CARTESIAN_POINT('',(0.00507055791825825,0.,-0.00561700451449193));
#11786=CARTESIAN_POINT('',(0.00392112241825921,0.,-0.00649336201449202));
#11787=CARTESIAN_POINT('',(0.00277168691825924,0.,-0.007369719514492));
#11788=CARTESIAN_POINT('',(0.00142187641825897,0.,-0.0081148830144919));
#11789=CARTESIAN_POINT('',(7.20659182589234E-5,0.,-0.00886004651449193));
#11790=CARTESIAN_POINT('',(-0.0015025160817414,0.,-0.009454304514492));
#11791=CARTESIAN_POINT('',(-0.00307709808174128,0.,-0.010048562514492));
#11792=CARTESIAN_POINT('',(-0.00489869358174164,0.,-0.010473192514492));
#11793=CARTESIAN_POINT('',(-0.0067202890817416,0.,-0.010897822514492));
#11794=CARTESIAN_POINT('',(-0.00878889808174121,0.,-0.011152695014492));
#11795=CARTESIAN_POINT('',(-0.0108575070817412,0.,-0.0114075675144919));
#11796=CARTESIAN_POINT('',(-0.0131731290817413,0.,-0.011492554014492));
#11797=CARTESIAN_POINT('',(-0.0154887510817412,0.,-0.011577540514492));
#11798=CARTESIAN_POINT('',(-0.0172265650817416,0.,-0.011528835014492));
#11799=CARTESIAN_POINT('',(-0.0189643790817416,0.,-0.011480129514492));
#11800=CARTESIAN_POINT('',(-0.020566146081741,0.,-0.0113340145144921));
#11801=CARTESIAN_POINT('',(-0.0221679130817411,0.,-0.0111878995144921));
#11802=CARTESIAN_POINT('',(-0.0236336260817417,0.,-0.0109443740144921));
#11803=CARTESIAN_POINT('',(-0.0250993390817417,0.,-0.010700848514492));
#11804=CARTESIAN_POINT('',(-0.026428989081741,0.,-0.0103599130144923));
#11805=CARTESIAN_POINT('',(-0.0277586390817409,0.,-0.0100189775144923));
#11806=CARTESIAN_POINT('',(-0.0289522185817412,0.,-0.00958063201449211));
#11807=CARTESIAN_POINT('',(-0.0301457980817413,0.,-0.00914228651449209));
#11808=CARTESIAN_POINT('',(-0.0312032990817417,0.,-0.0086065310144923));
#11809=CARTESIAN_POINT('',(-0.0322608000817416,0.,-0.00807077551449228));
#11810=CARTESIAN_POINT('',(-0.0331822145817413,0.,-0.0074376095144921));
#11811=CARTESIAN_POINT('',(-0.0341036290817412,0.,-0.00680444351449214));
#11812=CARTESIAN_POINT('',(-0.0348889485817416,0.,-0.00607386751449225));
#11813=CARTESIAN_POINT('',(-0.0356742680817416,0.,-0.00534329151449223));
#11814=CARTESIAN_POINT('',(-0.0363472220817417,0.,-0.00452296101449194));
#11815=CARTESIAN_POINT('',(-0.0370201760817418,0.,-0.0037026305144919));
#11816=CARTESIAN_POINT('',(-0.0376034550817416,0.,-0.00280020751449236));
#11817=CARTESIAN_POINT('',(-0.0381867340817416,0.,-0.00189778451449238));
#11818=CARTESIAN_POINT('',(-0.0386803225817416,0.,-0.000913276514492245));
#11819=CARTESIAN_POINT('',(-0.0391739110817415,0.,7.12314855077223E-5));
#11820=CARTESIAN_POINT('',(-0.0395777920817414,0.,0.00113781598550812));
#11821=CARTESIAN_POINT('',(-0.0399816730817414,0.,0.00220440048550813));
#11822=CARTESIAN_POINT('',(-0.0402958310817414,0.,0.00335305398550804));
#11823=CARTESIAN_POINT('',(-0.0406099890817414,0.,0.00450170748550802));
#11824=CARTESIAN_POINT('',(-0.0408344075817417,0.,0.00573242148550793));
#11825=CARTESIAN_POINT('',(-0.0410588260817416,0.,0.00696313548550794));
#11826=CARTESIAN_POINT('',(-0.0411934890817416,0.,0.00827590248550792));
#11827=CARTESIAN_POINT('',(-0.0413281520817416,0.,0.0095886694855079));
#11828=CARTESIAN_POINT('',(-0.0413730435817418,0.,0.010983480485508));
#11829=CARTESIAN_POINT('',(-0.0414179350817419,0.,0.012378291485508));
#11830=CARTESIAN_POINT('',(-0.0414179350817417,0.,0.0315771314855079));
#11831=CARTESIAN_POINT('',(-0.0414179350817417,0.,0.050775971485508));
#11832=CARTESIAN_POINT('',(-0.0339489630817416,0.,0.050775971485508));
#11833=CARTESIAN_POINT('',(-0.0264799910817416,0.,0.050775971485508));
#11834=CARTESIAN_POINT('',(-0.0261699320817415,0.,0.0495097259855079));
#11835=CARTESIAN_POINT('',(-0.0258598730817415,0.,0.0482434804855079));
#11836=CARTESIAN_POINT('',(-0.0256738380817415,0.,0.046792232985508));
#11837=CARTESIAN_POINT('',(-0.0254878030817415,0.,0.045340985485508));
#11838=CARTESIAN_POINT('',(-0.0247200090817416,0.,0.0460782899855081));
#11839=CARTESIAN_POINT('',(-0.0239522150817416,0.,0.0468155944855081));
#11840=CARTESIAN_POINT('',(-0.0230688595817415,0.,0.0474834589855081));
#11841=CARTESIAN_POINT('',(-0.0221855040817415,0.,0.0481513234855081));
#11842=CARTESIAN_POINT('',(-0.0211865230817419,0.,0.0487498124855082));
#11843=CARTESIAN_POINT('',(-0.0201875420817419,0.,0.0493483014855082));
#11844=CARTESIAN_POINT('',(-0.0190728695817412,0.,0.049877479485508));
#11845=CARTESIAN_POINT('',(-0.0179581970817413,0.,0.0504066574855079));
#11846=CARTESIAN_POINT('',(-0.0167388910817418,0.,0.0508381344855078));
#11847=CARTESIAN_POINT('',(-0.015519585081742,0.,0.0512696114855078));
#11848=CARTESIAN_POINT('',(-0.0142077780817418,0.,0.051577968985508));
#11849=CARTESIAN_POINT('',(-0.0128959710817418,0.,0.051886326485508));
#11850=CARTESIAN_POINT('',(-0.0114916630817415,0.,0.052071435985508));
#11851=CARTESIAN_POINT('',(-0.0100873550817415,0.,0.052256545485508));
#11852=CARTESIAN_POINT('',(-0.0085905465817408,0.,0.052318276985508));
#11853=CARTESIAN_POINT('',(-0.00709373808174074,0.,0.052380008485508));
#11854=CARTESIAN_POINT('',(-0.00583938858174082,0.,0.0523438349855079));
#11855=CARTESIAN_POINT('',(-0.00458503908174079,0.,0.0523076614855078));
#11856=CARTESIAN_POINT('',(-0.00341563308174151,0.,0.052199140985508));
#11857=CARTESIAN_POINT('',(-0.00224622708174138,0.,0.052090620485508));
#11858=CARTESIAN_POINT('',(-0.00116176408174087,0.,0.0519097529855078));
#11859=CARTESIAN_POINT('',(-7.73010817409214E-5,0.,0.0517288854855078));
#11860=CARTESIAN_POINT('',(0.000922218918259055,0.,0.0514756709855077));
#11861=CARTESIAN_POINT('',(0.0757637779182586,0.,-0.00452296101449201));
#11862=CARTESIAN_POINT('',(0.0764367319182585,0.,-0.00534329151449209));
#11863=CARTESIAN_POINT('',(0.0750908239182586,0.,-0.00370263051449199));
#11864=CARTESIAN_POINT('',(0.0745075449182585,0.,-0.00280020751449197));
#11865=CARTESIAN_POINT('',(0.0739242659182587,0.,-0.00189778451449196));
#11866=CARTESIAN_POINT('',(0.0734306774182587,0.,-0.000913276514491981));
#11867=CARTESIAN_POINT('',(0.0729370889182585,0.,7.12314855080415E-5));
#11868=CARTESIAN_POINT('',(0.0725332079182585,0.,0.00113781598550811));
#11869=CARTESIAN_POINT('',(0.0721293269182585,0.,0.00220440048550807));
#11870=CARTESIAN_POINT('',(0.0718151689182585,0.,0.00335305398550804));
#11871=CARTESIAN_POINT('',(0.0715010109182583,0.,0.00450170748550788));
#11872=CARTESIAN_POINT('',(0.0712765924182583,0.,0.00573242148550789));
#11873=CARTESIAN_POINT('',(0.0710521739182585,0.,0.00696313548550799));
#11874=CARTESIAN_POINT('',(0.0709175109182585,0.,0.00827590248550797));
#11875=CARTESIAN_POINT('',(0.0707828479182584,0.,0.00958866948550794));
#11876=CARTESIAN_POINT('',(0.0707379564182584,0.,0.0109834804855079));
#11877=CARTESIAN_POINT('',(0.0706930649182584,0.,0.0123782914855079));
#11878=CARTESIAN_POINT('',(0.0706930649182584,0.,0.0315771314855079));
#11879=CARTESIAN_POINT('',(0.0706930649182584,0.,0.050775971485508));
#11880=CARTESIAN_POINT('',(0.0781620369182584,0.,0.050775971485508));
#11881=CARTESIAN_POINT('',(0.0856310089182585,0.,0.0507759714855078));
#11882=CARTESIAN_POINT('',(0.0859410679182585,0.,0.0495097259855079));
#11883=CARTESIAN_POINT('',(0.0862511269182586,0.,0.048243480485508));
#11884=CARTESIAN_POINT('',(0.0864371619182586,0.,0.046792232985508));
#11885=CARTESIAN_POINT('',(0.0866231969182584,0.,0.0453409854855082));
#11886=CARTESIAN_POINT('',(0.0873909909182584,0.,0.0460782899855082));
#11887=CARTESIAN_POINT('',(0.0881587849182584,0.,0.046815594485508));
#11888=CARTESIAN_POINT('',(0.0890421404182583,0.,0.047483458985508));
#11889=CARTESIAN_POINT('',(0.0899254959182584,0.,0.0481513234855083));
#11890=CARTESIAN_POINT('',(0.0909244769182584,0.,0.0487498124855083));
#11891=CARTESIAN_POINT('',(0.0919234579182587,0.,0.0493483014855082));
#11892=CARTESIAN_POINT('',(0.0930381299182586,0.,0.0498774794855082));
#11893=CARTESIAN_POINT('',(0.0941528019182582,0.,0.0504066574855079));
#11894=CARTESIAN_POINT('',(0.0953721084182583,0.,0.0508381344855079));
#11895=CARTESIAN_POINT('',(0.0965914149182585,0.,0.051269611485508));
#11896=CARTESIAN_POINT('',(0.0979032219182584,0.,0.051577968985508));
#11897=CARTESIAN_POINT('',(0.0992150289182583,0.,0.051886326485508));
#11898=CARTESIAN_POINT('',(0.100619336918258,0.,0.052071435985508));
#11899=CARTESIAN_POINT('',(0.10202364491826,0.,0.052256545485508));
#11900=CARTESIAN_POINT('',(0.103520453418259,0.,0.052318276985508));
#11901=CARTESIAN_POINT('',(0.105017261918259,0.,0.0523800084855079));
#11902=CARTESIAN_POINT('',(0.106271611418259,0.,0.0523438349855079));
#11903=CARTESIAN_POINT('',(0.107525960918258,0.,0.0523076614855081));
#11904=CARTESIAN_POINT('',(0.108695366918258,0.,0.0521991409855081));
#11905=CARTESIAN_POINT('',(0.109864772918259,0.,0.0520906204855081));
#11906=CARTESIAN_POINT('',(0.110949235918259,0.,0.0519097529855081));
#11907=CARTESIAN_POINT('',(0.112033698918259,0.,0.0517288854855079));
#11908=CARTESIAN_POINT('',(0.113033218918259,0.,0.0514756709855078));
#11909=CARTESIAN_POINT('',(0.114032738918259,0.,0.051222456485508));
#11910=CARTESIAN_POINT('',(0.114947315418259,0.,0.050896894485508));
#11911=CARTESIAN_POINT('',(0.115861891918259,0.,0.0505713324855079));
#11912=CARTESIAN_POINT('',(0.116691524918259,0.,0.0501734239855079));
#11913=CARTESIAN_POINT('',(0.117521157918259,0.,0.0497755154855079));
#11914=CARTESIAN_POINT('',(0.118265848418259,0.,0.0493052594855078));
#11915=CARTESIAN_POINT('',(0.119010538918258,0.,0.0488350034855078));
#11916=CARTESIAN_POINT('',(0.119670285918258,0.,0.0482924004855078));
#11917=CARTESIAN_POINT('',(0.120330032918259,0.,0.047749797485508));
#11918=CARTESIAN_POINT('',(0.120908940918259,0.,0.047149316985508));
#11919=CARTESIAN_POINT('',(0.121487848918259,0.,0.0465488364855075));
#11920=CARTESIAN_POINT('',(0.121989516918259,0.,0.0459049479855076));
#11921=CARTESIAN_POINT('',(0.122491184918259,0.,0.0452610594855075));
#11922=CARTESIAN_POINT('',(0.122915628918259,0.,0.0445737624855076));
#11923=CARTESIAN_POINT('',(0.123340072918258,0.,0.0438864654855078));
#11924=CARTESIAN_POINT('',(0.123687309418258,0.,0.0431557599855078));
#11925=CARTESIAN_POINT('',(0.124034545918258,0.,0.0424250544855077));
#11926=CARTESIAN_POINT('',(0.124304590418258,0.,0.0416509409855077));
#11927=CARTESIAN_POINT('',(0.124574634918259,0.,0.0408768274855079));
#11928=CARTESIAN_POINT('',(0.124767503918259,0.,0.0400593059855079));
#11929=CARTESIAN_POINT('',(0.124960372918258,0.,0.0392417844855078));
#11930=CARTESIAN_POINT('',(0.125076082418258,0.,0.0383808544855078));
#11931=CARTESIAN_POINT('',(0.125191791918258,0.,0.0375199244855079));
#11932=CARTESIAN_POINT('',(0.125230358418258,0.,0.0366155864855079));
#11933=CARTESIAN_POINT('',(0.125268924918259,0.,0.0357112484855079));
#11934=CARTESIAN_POINT('',(0.125205362418259,0.,0.0341565729855079));
#11935=CARTESIAN_POINT('',(0.125141799918259,0.,0.0326018974855081));
#11936=CARTESIAN_POINT('',(0.124951113918259,0.,0.031209033485508));
#11937=CARTESIAN_POINT('',(0.124760427918258,0.,0.0298161694855079));
#11938=CARTESIAN_POINT('',(0.124442617918258,0.,0.028585182485508));
#11939=CARTESIAN_POINT('',(0.124124807918259,0.,0.0273541954855081));
#11940=CARTESIAN_POINT('',(0.123679873418259,0.,0.026285148985508));
#11941=CARTESIAN_POINT('',(0.123234938918258,0.,0.025216102485508));
#11942=CARTESIAN_POINT('',(0.122671406918258,0.,0.0242840959855079));
#11943=CARTESIAN_POINT('',(0.122107874918258,0.,0.0233520894855078));
#11944=CARTESIAN_POINT('',(0.121436339418258,0.,0.0225320919855078));
#11945=CARTESIAN_POINT('',(0.120764803918259,0.,0.021712094485508));
#11946=CARTESIAN_POINT('',(0.119985264418259,0.,0.021003975985508));
#11947=CARTESIAN_POINT('',(0.119205724918258,0.,0.0202958574855082));
#11948=CARTESIAN_POINT('',(0.118318181418258,0.,0.0196994894855082));
#11949=CARTESIAN_POINT('',(0.117430637918259,0.,0.019103121485508));
#11950=CARTESIAN_POINT('',(0.116445921418259,0.,0.0185978549855079));
#11951=CARTESIAN_POINT('',(0.115461204918259,0.,0.0180925884855082));
#11952=CARTESIAN_POINT('',(0.114392126418259,0.,0.0176568264855082));
#11953=CARTESIAN_POINT('',(0.113323047918258,0.,0.0172210644855081));
#11954=CARTESIAN_POINT('',(0.112169478918258,0.,0.0168548074855082));
#11955=CARTESIAN_POINT('',(0.111015909918259,0.,0.016488550485508));
#11956=CARTESIAN_POINT('',(0.109777719918259,0.,0.016191798485508));
#11957=CARTESIAN_POINT('',(0.108539529918259,0.,0.015895046485508));
#11958=CARTESIAN_POINT('',(0.105860621918259,0.,0.015394387985508));
#11959=CARTESIAN_POINT('',(0.103181713918259,0.,0.014893729485508));
#11960=CARTESIAN_POINT('',(0.100271295418259,0.,0.0144380289855079));
#11961=CARTESIAN_POINT('',(0.0973608769182589,0.,0.0139823284855079));
#11962=CARTESIAN_POINT('',(0.0959725999182592,0.,0.0137469419855081));
#11963=CARTESIAN_POINT('',(0.0945843229182592,0.,0.0135115554855081));
#11964=CARTESIAN_POINT('',(0.093442606418259,0.,0.0132374119855081));
#11965=CARTESIAN_POINT('',(0.092300889918259,0.,0.0129632684855081));
#11966=CARTESIAN_POINT('',(0.091405799918259,0.,0.0126503674855081));
#11967=CARTESIAN_POINT('',(0.0905107099182592,0.,0.0123374664855081));
#11968=CARTESIAN_POINT('',(0.0898623099182585,0.,0.0119858079855082));
#11969=CARTESIAN_POINT('',(0.0892139099182584,0.,0.0116341494855082));
#11970=CARTESIAN_POINT('',(0.0887545064182586,0.,0.0112134924855083));
#11971=CARTESIAN_POINT('',(0.0882951029182586,0.,0.0107928354855083));
#11972=CARTESIAN_POINT('',(0.0879669574182584,0.,0.0102718614855083));
#11973=CARTESIAN_POINT('',(0.0876388119182583,0.,0.00975088748550831));
#11974=CARTESIAN_POINT('',(0.0874419244182584,0.,0.00912953198550811));
#11975=CARTESIAN_POINT('',(0.0872450369182585,0.,0.0085081764855081));
#11976=CARTESIAN_POINT('',(0.0871794079182587,0.,0.007786374485508));
#11977=CARTESIAN_POINT('',(0.0871137789182587,0.,0.00706457248550798));
#11978=CARTESIAN_POINT('',(0.0872005954182585,0.,0.00636510998550793));
#11979=CARTESIAN_POINT('',(0.0872874119182584,0.,0.00566564748550792));
#11980=CARTESIAN_POINT('',(0.0875478614182583,0.,0.0050471879855077));
#11981=CARTESIAN_POINT('',(0.0878083109182583,0.,0.00442872848550771));
#11982=CARTESIAN_POINT('',(0.0882423929182584,0.,0.00389114248550797));
#11983=CARTESIAN_POINT('',(0.0886764749182584,0.,0.00335355648550794));
#11984=CARTESIAN_POINT('',(0.0892841904182586,0.,0.00289671498550781));
#11985=CARTESIAN_POINT('',(0.0898919059182586,0.,0.00243987348550787));
#11986=CARTESIAN_POINT('',(0.0906462424182585,0.,0.00207452098550792));
#11987=CARTESIAN_POINT('',(0.0914005789182586,0.,0.0017091684855079));
#11988=CARTESIAN_POINT('',(0.0922744814182583,0.,0.00144820198550798));
#11989=CARTESIAN_POINT('',(0.0931483839182583,0.,0.00118723548550796));
#11990=CARTESIAN_POINT('',(0.0941417889182589,0.,0.00103065598550791));
#11991=CARTESIAN_POINT('',(0.0951351939182589,0.,0.00087407648550792));
#11992=CARTESIAN_POINT('',(0.0962480354182583,0.,0.000821883485507944));
#11993=CARTESIAN_POINT('',(0.0973608769182582,0.,0.000769690485507957));
#11994=CARTESIAN_POINT('',(0.0986272089182582,0.,0.000846924985508006));
#11995=CARTESIAN_POINT('',(0.0998935409182581,0.,0.000924159485508003));
#11996=CARTESIAN_POINT('',(0.100974354418259,0.,0.00115577798550806));
#11997=CARTESIAN_POINT('',(0.102055167918259,0.,0.00138739648550809));
#11998=CARTESIAN_POINT('',(0.102950462418259,0.,0.00177326898550821));
#11999=CARTESIAN_POINT('',(0.103845756918259,0.,0.0021591414855082));
#12000=CARTESIAN_POINT('',(0.104555532918258,0.,0.00269913848550818));
#12001=CARTESIAN_POINT('',(0.105265308918258,0.,0.00323913548550822));
#12002=CARTESIAN_POINT('',(0.105824954418259,0.,0.00390678498550787));
#12003=CARTESIAN_POINT('',(0.106384599918259,0.,0.00457443448550784));
#12004=CARTESIAN_POINT('',(0.106828425418258,0.,0.00534227148550789));
#12005=CARTESIAN_POINT('',(0.107272250918258,0.,0.00611010848550794));
#12006=CARTESIAN_POINT('',(0.107600191918258,0.,0.00697806848550797));
#12007=CARTESIAN_POINT('',(0.107928132918258,0.,0.00784602848550794));
#12008=CARTESIAN_POINT('',(0.108140124918258,0.,0.00881404698550804));
#12009=CARTESIAN_POINT('',(0.108352116918258,0.,0.009782065485508));
#12010=CARTESIAN_POINT('',(0.115821088418258,0.,0.00978206548550795));
#12011=CARTESIAN_POINT('',(0.123290059918258,0.,0.00978206548550794));
#12012=CARTESIAN_POINT('',(0.123182831418258,0.,0.008254778485508));
#12013=CARTESIAN_POINT('',(0.123075602918258,0.,0.006727491485508));
#12014=CARTESIAN_POINT('',(0.122813861918258,0.,0.005292769485508));
#12015=CARTESIAN_POINT('',(0.122552120918258,0.,0.00385804748550799));
#12016=CARTESIAN_POINT('',(0.122135866918258,0.,0.00251595598550798));
#12017=CARTESIAN_POINT('',(0.121719612918258,0.,0.00117386448550794));
#12018=CARTESIAN_POINT('',(0.121148846418259,0.,-7.55325144919938E-5));
#12019=CARTESIAN_POINT('',(0.120578079918259,0.,-0.00132492951449206));
#12020=CARTESIAN_POINT('',(0.119829007918258,0.,-0.00246348051449174));
#12021=CARTESIAN_POINT('',(0.119079935918258,0.,-0.00360203151449184));
#12022=CARTESIAN_POINT('',(0.118130746918258,0.,-0.00460951801449226));
#12023=CARTESIAN_POINT('',(0.117181557918258,0.,-0.00561700451449232));
#12024=CARTESIAN_POINT('',(0.116032122418259,0.,-0.00649336201449198));
#12025=CARTESIAN_POINT('',(0.114882686918259,0.,-0.00736971951449195));
#12026=CARTESIAN_POINT('',(0.113532876418259,0.,-0.00811488301449193));
#12027=CARTESIAN_POINT('',(0.112183065918259,0.,-0.00886004651449199));
#12028=CARTESIAN_POINT('',(0.110608483918258,0.,-0.00945430451449231));
#12029=CARTESIAN_POINT('',(0.109033901918258,0.,-0.0100485625144923));
#12030=CARTESIAN_POINT('',(0.107212306418258,0.,-0.0104731925144921));
#12031=CARTESIAN_POINT('',(0.105390710918258,0.,-0.0108978225144921));
#12032=CARTESIAN_POINT('',(0.103322101918259,0.,-0.011152695014492));
#12033=CARTESIAN_POINT('',(0.101253492918259,0.,-0.011407567514492));
#12034=CARTESIAN_POINT('',(0.0989378704182588,0.,-0.011492554014492));
#12035=CARTESIAN_POINT('',(0.0966222479182588,0.,-0.0115775405144921));
#12036=CARTESIAN_POINT('',(0.0948844344182584,0.,-0.011528835014492));
#12037=CARTESIAN_POINT('',(0.0931466209182584,0.,-0.011480129514492));
#12038=CARTESIAN_POINT('',(0.091544853918259,0.,-0.0113340145144921));
#12039=CARTESIAN_POINT('',(0.089943086918259,0.,-0.0111878995144921));
#12040=CARTESIAN_POINT('',(0.0884773739182589,0.,-0.0109443740144922));
#12041=CARTESIAN_POINT('',(0.087011660918259,0.,-0.0107008485144922));
#12042=CARTESIAN_POINT('',(0.0856820109182588,0.,-0.0103599130144923));
#12043=CARTESIAN_POINT('',(0.0843523609182588,0.,-0.0100189775144923));
#12044=CARTESIAN_POINT('',(0.0831587814182585,0.,-0.00958063201449197));
#12045=CARTESIAN_POINT('',(0.0819652019182584,0.,-0.00914228651449192));
#12046=CARTESIAN_POINT('',(0.0809077009182583,0.,-0.00860653101449201));
#12047=CARTESIAN_POINT('',(0.0798501999182583,0.,-0.00807077551449198));
#12048=CARTESIAN_POINT('',(0.0789287854182583,0.,-0.00743760951449204));
#12049=CARTESIAN_POINT('',(0.0780073709182583,0.,-0.00680444351449205));
#12050=CARTESIAN_POINT('',(0.0772220514182585,0.,-0.00607386751449209));
#12051=CARTESIAN_POINT('',(-0.0648783390817416,0.,0.020401234485508));
#12052=CARTESIAN_POINT('',(-0.0648783390817416,0.,-0.00997350251449201));
#12053=CARTESIAN_POINT('',(-0.0648783390817416,0.,0.050775971485508));
#12054=CARTESIAN_POINT('',(-0.0568526395817416,0.,0.050775971485508));
#12055=CARTESIAN_POINT('',(-0.0488269400817416,0.,0.050775971485508));
#12056=CARTESIAN_POINT('',(-0.0488269400817416,0.,0.020401234485508));
#12057=CARTESIAN_POINT('',(-0.0488269400817416,0.,-0.00997350251449201));
#12058=CARTESIAN_POINT('',(-0.0568526395817416,0.,-0.00997350251449201));
#12059=CARTESIAN_POINT('',(-0.00558121323585509,0.,-0.0628001081943512));
#12060=CARTESIAN_POINT('',(-0.205581213235855,0.,-0.0628001081943512));
#12061=CARTESIAN_POINT('',(0.194418786764145,0.,-0.0628001081943512));
#12062=CARTESIAN_POINT('',(0.194418786764145,0.,-0.0578001081943512));
#12063=CARTESIAN_POINT('',(0.199418786764145,0.,-0.0578001081943512));
#12064=CARTESIAN_POINT('',(0.199418786764145,0.,0.0146998918056488));
#12065=CARTESIAN_POINT('',(0.199418786764145,0.,0.0871998918056488));
#12066=CARTESIAN_POINT('',(0.194418786764145,0.,0.0871998918056488));
#12067=CARTESIAN_POINT('',(0.194418786764145,0.,0.0921998918056488));
#12068=CARTESIAN_POINT('',(-0.00558121323585509,0.,0.0921998918056488));
#12069=CARTESIAN_POINT('',(-0.205581213235855,0.,0.0921998918056488));
#12070=CARTESIAN_POINT('',(-0.205581213235855,0.,0.0871998918056488));
#12071=CARTESIAN_POINT('',(-0.210581213235855,0.,0.0871998918056488));
#12072=CARTESIAN_POINT('',(-0.210581213235855,0.,0.0146998918056488));
#12073=CARTESIAN_POINT('',(-0.210581213235855,0.,-0.0578001081943512));
#12074=CARTESIAN_POINT('',(-0.205581213235855,0.,-0.0578001081943512));
#12075=CARTESIAN_POINT('',(-0.0568526395817416,0.,-0.032198516514492));
#12076=CARTESIAN_POINT('',(-0.0488269400817416,0.,-0.032198516514492));
#12077=CARTESIAN_POINT('',(-0.0648783390817416,0.,-0.032198516514492));
#12078=CARTESIAN_POINT('',(-0.0648783390817416,0.,-0.024726788514492));
#12079=CARTESIAN_POINT('',(-0.0648783390817416,0.,-0.017255060514492));
#12080=CARTESIAN_POINT('',(-0.0568526395817416,0.,-0.017255060514492));
#12081=CARTESIAN_POINT('',(-0.0488269400817416,0.,-0.017255060514492));
#12082=CARTESIAN_POINT('',(-0.0488269400817416,0.,-0.024726788514492));
#12083=CARTESIAN_POINT('',(0.0604454314182583,0.,0.0204012344855076));
#12084=CARTESIAN_POINT('',(0.0495782149182584,0.,0.050775971485508));
#12085=CARTESIAN_POINT('',(0.0713126479182583,0.,-0.00997350251449239));
#12086=CARTESIAN_POINT('',(0.0623609059182584,0.,-0.00997350251449203));
#12087=CARTESIAN_POINT('',(0.0534091639182585,0.,-0.00997350251449207));
#12088=CARTESIAN_POINT('',(0.0470508919182585,0.,0.0100907459855079));
#12089=CARTESIAN_POINT('',(0.0406926199182585,0.,0.030154994485508));
#12090=CARTESIAN_POINT('',(0.0342709579182586,0.,0.0100907459855079));
#12091=CARTESIAN_POINT('',(0.0278492959182584,0.,-0.00997350251449203));
#12092=CARTESIAN_POINT('',(0.0193908919182584,0.,-0.00997350251449202));
#12093=CARTESIAN_POINT('',(0.0109324879182584,0.,-0.00997350251449189));
#12094=CARTESIAN_POINT('',(0.0218603379182585,0.,0.0204012344855082));
#12095=CARTESIAN_POINT('',(0.0327881879182585,0.,0.0507759714855083));
#12096=CARTESIAN_POINT('',(0.0411832014182585,0.,0.050775971485508));
#12097=CARTESIAN_POINT('',(-0.126652790081741,0.,0.00297750248550805));
#12098=CARTESIAN_POINT('',(-0.126430768081742,0.,0.00192608048550798));
#12099=CARTESIAN_POINT('',(-0.126874812081741,0.,0.00402892448550804));
#12100=CARTESIAN_POINT('',(-0.127008031081742,0.,0.00515359848550794));
#12101=CARTESIAN_POINT('',(-0.127141250081742,0.,0.00627827248550798));
#12102=CARTESIAN_POINT('',(-0.127185658081742,0.,0.00747619748550798));
#12103=CARTESIAN_POINT('',(-0.127230066081742,0.,0.00867412248550799));
#12104=CARTESIAN_POINT('',(-0.127230066081742,0.,0.029725046985508));
#12105=CARTESIAN_POINT('',(-0.127230066081742,0.,0.050775971485508));
#12106=CARTESIAN_POINT('',(-0.119140976581742,0.,0.050775971485508));
#12107=CARTESIAN_POINT('',(-0.111051887081742,0.,0.050775971485508));
#12108=CARTESIAN_POINT('',(-0.111051887081742,0.,0.0323791499855079));
#12109=CARTESIAN_POINT('',(-0.111051887081742,0.,0.0139823284855079));
#12110=CARTESIAN_POINT('',(-0.110980573581742,0.,0.0123655009855079));
#12111=CARTESIAN_POINT('',(-0.110909260081741,0.,0.0107486734855079));
#12112=CARTESIAN_POINT('',(-0.110695319581741,0.,0.00941735848550797));
#12113=CARTESIAN_POINT('',(-0.110481379081741,0.,0.00808604348550789));
#12114=CARTESIAN_POINT('',(-0.110124811581741,0.,0.00704024148550789));
#12115=CARTESIAN_POINT('',(-0.109768244081742,0.,0.00599443948550774));
#12116=CARTESIAN_POINT('',(-0.109269049581742,0.,0.0052341489855077));
#12117=CARTESIAN_POINT('',(-0.108769855081741,0.,0.00447385848550771));
#12118=CARTESIAN_POINT('',(-0.108089276081741,0.,0.00393386148550768));
#12119=CARTESIAN_POINT('',(-0.107408697081741,0.,0.00339386448550774));
#12120=CARTESIAN_POINT('',(-0.106507976081741,0.,0.00300799198550776));
#12121=CARTESIAN_POINT('',(-0.105607255081742,0.,0.00262211948550797));
#12122=CARTESIAN_POINT('',(-0.104486392581742,0.,0.00239050098550798));
#12123=CARTESIAN_POINT('',(-0.103365530081741,0.,0.00215888248550795));
#12124=CARTESIAN_POINT('',(-0.102024526081741,0.,0.00208164748550795));
#12125=CARTESIAN_POINT('',(-0.100683522081741,0.,0.00200441248550802));
#12126=CARTESIAN_POINT('',(-0.0992216580817407,0.,0.00211341648550803));
#12127=CARTESIAN_POINT('',(-0.0977597940817413,0.,0.00222242048550799));
#12128=CARTESIAN_POINT('',(-0.0964928715817414,0.,0.00254942598550798));
#12129=CARTESIAN_POINT('',(-0.0952259490817416,0.,0.00287643148550803));
#12130=CARTESIAN_POINT('',(-0.0941539595817416,0.,0.00342143148550806));
#12131=CARTESIAN_POINT('',(-0.0930819700817414,0.,0.00396643148550793));
#12132=CARTESIAN_POINT('',(-0.0922049060817415,0.,0.00472941698550788));
#12133=CARTESIAN_POINT('',(-0.0913278420817413,0.,0.0054924024855082));
#12134=CARTESIAN_POINT('',(-0.0906456950817413,0.,0.00647336548550817));
#12135=CARTESIAN_POINT('',(-0.0899635480817415,0.,0.00745432848550826));
#12136=CARTESIAN_POINT('',(-0.0894763105817415,0.,0.00865326148550821));
#12137=CARTESIAN_POINT('',(-0.0889890730817416,0.,0.00985219448550806));
#12138=CARTESIAN_POINT('',(-0.0886967360817416,0.,0.0112690894855081));
#12139=CARTESIAN_POINT('',(-0.0884043990817416,0.,0.012685984485508));
#12140=CARTESIAN_POINT('',(-0.0883069555817416,0.,0.014320832485508));
#12141=CARTESIAN_POINT('',(-0.0882095120817416,0.,0.015955680485508));
#12142=CARTESIAN_POINT('',(-0.0882095120817416,0.,0.033365825985508));
#12143=CARTESIAN_POINT('',(-0.0882095120817416,0.,0.050775971485508));
#12144=CARTESIAN_POINT('',(-0.0801838125817415,0.,0.050775971485508));
#12145=CARTESIAN_POINT('',(-0.0721581130817416,0.,0.050775971485508));
#12146=CARTESIAN_POINT('',(-0.0721581130817416,0.,0.020401234485508));
#12147=CARTESIAN_POINT('',(-0.0721581130817416,0.,-0.00997350251449201));
#12148=CARTESIAN_POINT('',(-0.0798144980817416,0.,-0.00997350251449201));
#12149=CARTESIAN_POINT('',(-0.0874708830817416,0.,-0.00997350251449201));
#12150=CARTESIAN_POINT('',(-0.0874708830817416,0.,-0.00552794851449203));
#12151=CARTESIAN_POINT('',(-0.0874708830817416,0.,-0.00108239451449204));
#12152=CARTESIAN_POINT('',(-0.0882402165817414,0.,-0.00227419351449178));
#12153=CARTESIAN_POINT('',(-0.0890095500817414,0.,-0.00346599251449173));
#12154=CARTESIAN_POINT('',(-0.0898985140817411,0.,-0.00451135401449182));
#12155=CARTESIAN_POINT('',(-0.0907874780817411,0.,-0.00555671551449183));
#12156=CARTESIAN_POINT('',(-0.0917960735817412,0.,-0.00645570251449174));
#12157=CARTESIAN_POINT('',(-0.0928046690817412,0.,-0.00735468951449173));
#12158=CARTESIAN_POINT('',(-0.0939328955817414,0.,-0.0081073680144919));
#12159=CARTESIAN_POINT('',(-0.0950611220817415,0.,-0.00886004651449193));
#12160=CARTESIAN_POINT('',(-0.0963292735817415,0.,-0.0094543045144915));
#12161=CARTESIAN_POINT('',(-0.0975974250817414,0.,-0.0100485625144915));
#12162=CARTESIAN_POINT('',(-0.0990237705817409,0.,-0.0104731925144919));
#12163=CARTESIAN_POINT('',(-0.100450116081741,0.,-0.0108978225144919));
#12164=CARTESIAN_POINT('',(-0.102034721081741,0.,-0.011152695014492));
#12165=CARTESIAN_POINT('',(-0.103619326081742,0.,-0.011407567514492));
#12166=CARTESIAN_POINT('',(-0.105362255081742,0.,-0.011492554014492));
#12167=CARTESIAN_POINT('',(-0.107105184081742,0.,-0.011577540514492));
#12168=CARTESIAN_POINT('',(-0.108176599581741,0.,-0.011537008014492));
#12169=CARTESIAN_POINT('',(-0.109248015081741,0.,-0.011496475514492));
#12170=CARTESIAN_POINT('',(-0.110271186581741,0.,-0.0113748835144919));
#12171=CARTESIAN_POINT('',(-0.111294358081741,0.,-0.0112532915144919));
#12172=CARTESIAN_POINT('',(-0.112269292081741,0.,-0.0110506485144923));
#12173=CARTESIAN_POINT('',(-0.113244226081741,0.,-0.0108480055144923));
#12174=CARTESIAN_POINT('',(-0.114170932081741,0.,-0.010564319014492));
#12175=CARTESIAN_POINT('',(-0.115097638081741,0.,-0.010280632514492));
#12176=CARTESIAN_POINT('',(-0.115976123081742,0.,-0.00991591151449195));
#12177=CARTESIAN_POINT('',(-0.116854608081742,0.,-0.00955119051449196));
#12178=CARTESIAN_POINT('',(-0.117684880581741,0.,-0.00910544151449223));
#12179=CARTESIAN_POINT('',(-0.118515153081741,0.,-0.0086596925144922));
#12180=CARTESIAN_POINT('',(-0.119297221081741,0.,-0.00813292501449144));
#12181=CARTESIAN_POINT('',(-0.120079289081741,0.,-0.0076061575144914));
#12182=CARTESIAN_POINT('',(-0.120813161081741,0.,-0.00699837901449207));
#12183=CARTESIAN_POINT('',(-0.121547033081741,0.,-0.006390600514492));
#12184=CARTESIAN_POINT('',(-0.122212947581742,0.,-0.0057054355144921));
#12185=CARTESIAN_POINT('',(-0.122878862081742,0.,-0.00502027051449208));
#12186=CARTESIAN_POINT('',(-0.123456014081742,0.,-0.00426185351449244));
#12187=CARTESIAN_POINT('',(-0.124033166081742,0.,-0.0035034365144925));
#12188=CARTESIAN_POINT('',(-0.124521547581741,0.,-0.00267176851449205));
#12189=CARTESIAN_POINT('',(-0.125009929081741,0.,-0.00184010051449204));
#12190=CARTESIAN_POINT('',(-0.125409532081742,0.,-0.000935181014492178));
#12191=CARTESIAN_POINT('',(-0.125809135081742,0.,-3.0261514492147E-5));
#12192=CARTESIAN_POINT('',(-0.126119951581742,0.,0.000947909485507985));
#12193=CARTESIAN_POINT('',(-0.200581213235855,0.013,0.0146998918056488));
#12194=CARTESIAN_POINT('',(-0.200581213235855,0.00970190548988228,-0.028057916341811));
#12195=CARTESIAN_POINT('',(-0.200581213235855,0.0122019054898823,-0.028057916341811));
#12196=CARTESIAN_POINT('',(-0.200581213235855,0.0094819531747902,-0.0388355914228554));
#12197=CARTESIAN_POINT('',(-0.200581213235855,0.0119819531747902,-0.0388355914228554));
#12198=CARTESIAN_POINT('',(-0.200581213235855,0.00933531829806214,-0.0154473034390207));
#12199=CARTESIAN_POINT('',(-0.200581213235855,0.0118353182980621,-0.0154473034390207));
#12200=CARTESIAN_POINT('',(-0.200581213235855,0.00911536598297005,-0.00591602527582605));
#12201=CARTESIAN_POINT('',(-0.200581213235855,0.01161536598297,-0.00591602527582605));
#12202=CARTESIAN_POINT('',(-0.200581213235855,0.00860214298309928,0.0044950602850918));
#12203=CARTESIAN_POINT('',(-0.200581213235855,0.0111021429830993,0.0044950602850918));
#12204=CARTESIAN_POINT('',(-0.200581213235855,0.00911536598297005,0.0144662430784706));
#12205=CARTESIAN_POINT('',(-0.200581213235855,0.01161536598297,0.0144662430784706));
#12206=CARTESIAN_POINT('',(-0.200581213235855,0.00911536598297005,0.0251526667079929));
#12207=CARTESIAN_POINT('',(-0.200581213235855,0.01161536598297,0.0251526667079929));
#12208=CARTESIAN_POINT('',(-0.200581213235855,0.00911536598297005,0.0362257605693345));
#12209=CARTESIAN_POINT('',(-0.200581213235855,0.01161536598297,0.0362257605693345));
#12210=CARTESIAN_POINT('',(-0.200581213235855,0.00911536598297005,0.046339767267466));
#12211=CARTESIAN_POINT('',(-0.200581213235855,0.01161536598297,0.046339767267466));
#12212=CARTESIAN_POINT('',(-0.200581213235855,0.00911536598297005,0.0563665798208718));
#12213=CARTESIAN_POINT('',(-0.200581213235855,0.01161536598297,0.0563665798208718));
#12214=CARTESIAN_POINT('',(-0.200581213235855,0.00912422686815262,0.0729916291952133));
#12215=CARTESIAN_POINT('',(-0.200581213235855,0.0116242268681526,0.0729916291952133));
#12216=CARTESIAN_POINT('',(-0.200581213235855,0.00912422686815262,0.0642203986644745));
#12217=CARTESIAN_POINT('',(-0.200581213235855,0.0116242268681526,0.0642203986644745));
#12218=CARTESIAN_POINT('',(-0.200581213235855,0.003,0.0146998918056488));
#12219=CARTESIAN_POINT('',(-0.200581213235855,0.003,-0.0207342139587211));
#12220=CARTESIAN_POINT('',(-0.200581213235855,0.003,-0.0146417663653164));
#12221=CARTESIAN_POINT('',(-0.200581213235855,0.00420309202464467,-0.0229256905340548));
#12222=CARTESIAN_POINT('',(-0.200581213235855,0.003,-0.0251171671093885));
#12223=CARTESIAN_POINT('',(-0.200581213235855,0.003,0.0146998918056488));
#12224=CARTESIAN_POINT('',(-0.200581213235855,0.003,-0.0313763487741847));
#12225=CARTESIAN_POINT('',(-0.200581213235855,0.00486294943558222,-0.0330435078549157));
#12226=CARTESIAN_POINT('',(-0.200581213235855,0.003,-0.0347106669356467));
#12227=CARTESIAN_POINT('',(-0.200581213235855,0.003,0.0146998918056488));
#12228=CARTESIAN_POINT('',(-0.200581213235855,0.003,-0.0427723529467419));
#12229=CARTESIAN_POINT('',(-0.200581213235855,0.00385900214314461,-0.0451201424002647));
#12230=CARTESIAN_POINT('',(-0.200581213235855,0.003,-0.0474679318537876));
#12231=CARTESIAN_POINT('',(-0.200581213235855,0.003,0.0146998918056488));
#12232=CARTESIAN_POINT('',(-0.200581213235855,0.003,-0.0522008049676255));
#12233=CARTESIAN_POINT('',(-0.200581213235855,0.00385900214314461,-0.0545485944211483));
#12234=CARTESIAN_POINT('',(-0.200581213235855,0.00908669614883309,-0.050940761128902));
#12235=CARTESIAN_POINT('',(-0.200581213235855,0.013,0.0821998918056488));
#12236=CARTESIAN_POINT('',(-0.200581213235855,0.0114145446000143,0.0821998918056488));
#12237=CARTESIAN_POINT('',(-0.200581213235855,0.00912422686815262,0.0811976719260216));
#12238=CARTESIAN_POINT('',(-0.200581213235855,0.00683390913629095,0.0821998918056488));
#12239=CARTESIAN_POINT('',(-0.200581213235855,0.013,0.0821998918056488));
#12240=CARTESIAN_POINT('',(-0.200581213235855,0.003,0.0821998918056488));
#12241=CARTESIAN_POINT('',(-0.200581213235855,0.003,0.0146998918056488));
#12242=CARTESIAN_POINT('',(-0.200581213235855,0.003,0.0801189986338779));
#12243=CARTESIAN_POINT('',(-0.200581213235855,0.00385900214314461,0.0777712091803551));
#12244=CARTESIAN_POINT('',(-0.200581213235855,0.003,0.0754234197268323));
#12245=CARTESIAN_POINT('',(-0.200581213235855,0.003,0.0146998918056488));
#12246=CARTESIAN_POINT('',(-0.200581213235855,0.003,0.0714017478517959));
#12247=CARTESIAN_POINT('',(-0.200581213235855,0.00402226485311985,0.0691203065156937));
#12248=CARTESIAN_POINT('',(-0.200581213235855,0.003,0.0668388651795914));
#12249=CARTESIAN_POINT('',(-0.200581213235855,0.003,0.0146998918056488));
#12250=CARTESIAN_POINT('',(-0.200581213235855,0.003,0.0617092535551331));
#12251=CARTESIAN_POINT('',(-0.200581213235855,0.00341444038504904,0.0592438450357918));
#12252=CARTESIAN_POINT('',(-0.200581213235855,0.003,0.0567784365164506));
#12253=CARTESIAN_POINT('',(-0.200581213235855,0.003,0.0146998918056488));
#12254=CARTESIAN_POINT('',(-0.200581213235855,0.003,0.0527014195086724));
#12255=CARTESIAN_POINT('',(-0.200581213235855,0.00385038945542818,0.0503504967591767));
#12256=CARTESIAN_POINT('',(-0.200581213235855,0.003,0.0479995740096809));
#12257=CARTESIAN_POINT('',(-0.200581213235855,0.003,0.0146998918056488));
#12258=CARTESIAN_POINT('',(-0.200581213235855,0.003,0.0426911811261287));
#12259=CARTESIAN_POINT('',(-0.200581213235855,0.00402476889731532,0.0404108634493355));
#12260=CARTESIAN_POINT('',(-0.200581213235855,0.003,0.0381305457725424));
#12261=CARTESIAN_POINT('',(-0.200581213235855,0.003,0.0146998918056488));
#12262=CARTESIAN_POINT('',(-0.200581213235855,0.003,0.0317929778401051));
#12263=CARTESIAN_POINT('',(-0.200581213235855,0.00419914833920246,0.0295993408463005));
#12264=CARTESIAN_POINT('',(-0.200581213235855,0.003,0.0274057038524959));
#12265=CARTESIAN_POINT('',(-0.200581213235855,0.003,0.0146998918056488));
#12266=CARTESIAN_POINT('',(-0.200581213235855,0.003,0.0212425130336393));
#12267=CARTESIAN_POINT('',(-0.200581213235855,0.00402476889731532,0.0189621953568462));
#12268=CARTESIAN_POINT('',(-0.200581213235855,0.003,0.0166818776800531));
#12269=CARTESIAN_POINT('',(-0.200581213235855,0.003,0.0146998918056488));
#12270=CARTESIAN_POINT('',(-0.200581213235855,0.003,0.0118627745734526));
#12271=CARTESIAN_POINT('',(-0.200581213235855,0.00346991694251245,0.00940733610606234));
#12272=CARTESIAN_POINT('',(-0.200581213235855,0.003,0.0069518976386721));
#12273=CARTESIAN_POINT('',(-0.200581213235855,0.003,0.0146998918056488));
#12274=CARTESIAN_POINT('',(-0.200581213235855,0.003,2.59938193521796E-5));
#12275=CARTESIAN_POINT('',(-0.200581213235855,0.00361655181924051,-0.00239678637170751));
#12276=CARTESIAN_POINT('',(-0.200581213235855,0.003,-0.0048195665627672));
#12277=CARTESIAN_POINT('',(-0.200581213235855,0.003,0.0146998918056488));
#12278=CARTESIAN_POINT('',(-0.200581213235855,0.003,-0.00965426360938181));
#12279=CARTESIAN_POINT('',(-0.200581213235855,0.00317664672339505,-0.0121480149873491));
#12280=CARTESIAN_POINT('',(-0.00558121323585509,0.013,0.0821998918056488));
#12281=CARTESIAN_POINT('',(-0.00558121323585509,0.003,0.0821998918056488));
#12282=CARTESIAN_POINT('',(0.189418786764145,0.003,0.0821998918056488));
#12283=CARTESIAN_POINT('',(-0.200581213235855,0.013,0.0821998918056488));
#12284=CARTESIAN_POINT('',(0.189418786764145,0.013,0.0821998918056488));
#12285=CARTESIAN_POINT('',(0.189418786764145,0.00624553605782716,0.0821998918056488));
#12286=CARTESIAN_POINT('',(0.189418786764145,0.013,0.0821998918056488));
#12287=CARTESIAN_POINT('',(0.189418786764145,0.013,0.0146998918056488));
#12288=CARTESIAN_POINT('',(0.189418786764145,0.0095900765766946,0.055799674658853));
#12289=CARTESIAN_POINT('',(0.189418786764145,0.0070900765766946,0.055799674658853));
#12290=CARTESIAN_POINT('',(0.189418786764145,0.00937012426160252,0.0665773497398974));
#12291=CARTESIAN_POINT('',(0.189418786764145,0.00687012426160252,0.0665773497398974));
#12292=CARTESIAN_POINT('',(0.189418786764145,0.00922348938487446,0.0431890617560627));
#12293=CARTESIAN_POINT('',(0.189418786764145,0.00672348938487446,0.0431890617560627));
#12294=CARTESIAN_POINT('',(0.189418786764145,0.00900353706978237,0.033657783592868));
#12295=CARTESIAN_POINT('',(0.189418786764145,0.00650353706978237,0.033657783592868));
#12296=CARTESIAN_POINT('',(0.189418786764145,0.00849031406991159,0.0232466980319502));
#12297=CARTESIAN_POINT('',(0.189418786764145,0.00599031406991159,0.0232466980319502));
#12298=CARTESIAN_POINT('',(0.189418786764145,0.00900353706978237,0.0132755152385714));
#12299=CARTESIAN_POINT('',(0.189418786764145,0.00650353706978237,0.0132755152385714));
#12300=CARTESIAN_POINT('',(0.189418786764145,0.00900353706978237,0.00258909160904904));
#12301=CARTESIAN_POINT('',(0.189418786764145,0.00650353706978237,0.00258909160904904));
#12302=CARTESIAN_POINT('',(0.189418786764145,0.00900353706978237,-0.00848400225229244));
#12303=CARTESIAN_POINT('',(0.189418786764145,0.00650353706978237,-0.00848400225229244));
#12304=CARTESIAN_POINT('',(0.189418786764145,0.00900353706978237,-0.018598008950424));
#12305=CARTESIAN_POINT('',(0.189418786764145,0.00650353706978237,-0.018598008950424));
#12306=CARTESIAN_POINT('',(0.189418786764145,0.00900353706978237,-0.0286248215038298));
#12307=CARTESIAN_POINT('',(0.189418786764145,0.00650353706978237,-0.0286248215038298));
#12308=CARTESIAN_POINT('',(0.189418786764145,0.00901239795496494,-0.0452498708781713));
#12309=CARTESIAN_POINT('',(0.189418786764145,0.00651239795496494,-0.0452498708781713));
#12310=CARTESIAN_POINT('',(0.189418786764145,0.00901239795496494,-0.0364786403474325));
#12311=CARTESIAN_POINT('',(0.189418786764145,0.00651239795496494,-0.0364786403474325));
#12312=CARTESIAN_POINT('',(0.189418786764145,0.00897486723564541,0.078682519445944));
#12313=CARTESIAN_POINT('',(0.189418786764145,0.00647486723564541,0.078682519445944));
#12314=CARTESIAN_POINT('',(0.189418786764145,0.003,0.0146998918056488));
#12315=CARTESIAN_POINT('',(0.189418786764145,0.003,0.042388932893429));
#12316=CARTESIAN_POINT('',(0.189418786764145,0.003,0.0484181945698798));
#12317=CARTESIAN_POINT('',(0.189418786764145,0.00409126311145698,0.0506674488510968));
#12318=CARTESIAN_POINT('',(0.189418786764145,0.003,0.0529167031323139));
#12319=CARTESIAN_POINT('',(0.189418786764145,0.003,0.0146998918056488));
#12320=CARTESIAN_POINT('',(0.189418786764145,0.003,0.0590010080863522));
#12321=CARTESIAN_POINT('',(0.189418786764145,0.00475112052239454,0.0607852661719577));
#12322=CARTESIAN_POINT('',(0.189418786764145,0.003,0.0625695242575633));
#12323=CARTESIAN_POINT('',(0.189418786764145,0.003,0.0146998918056488));
#12324=CARTESIAN_POINT('',(0.189418786764145,0.003,0.0704761655760063));
#12325=CARTESIAN_POINT('',(0.189418786764145,0.00374717322995692,0.0728619007173067));
#12326=CARTESIAN_POINT('',(0.189418786764145,0.003,0.0752476358586072));
#12327=CARTESIAN_POINT('',(0.189418786764145,0.003,0.0146998918056488));
#12328=CARTESIAN_POINT('',(0.189418786764145,0.003,0.0799046175968899));
#12329=CARTESIAN_POINT('',(0.189418786764145,0.00374717322995692,0.0822903527381903));
#12330=CARTESIAN_POINT('',(0.189418786764145,0.00901239795496494,-0.0534559136089796));
#12331=CARTESIAN_POINT('',(0.189418786764145,0.003,0.0146998918056488));
#12332=CARTESIAN_POINT('',(0.189418786764145,0.003,-0.0524151860046135));
#12333=CARTESIAN_POINT('',(0.189418786764145,0.00374717322995692,-0.0500294508633131));
#12334=CARTESIAN_POINT('',(0.189418786764145,0.003,-0.0476437157220127));
#12335=CARTESIAN_POINT('',(0.189418786764145,0.003,0.0146998918056488));
#12336=CARTESIAN_POINT('',(0.189418786764145,0.003,-0.0437068751514827));
#12337=CARTESIAN_POINT('',(0.189418786764145,0.00391043593993217,-0.0413785481986517));
#12338=CARTESIAN_POINT('',(0.189418786764145,0.003,-0.0390502212458205));
#12339=CARTESIAN_POINT('',(0.189418786764145,0.003,0.0146998918056488));
#12340=CARTESIAN_POINT('',(0.189418786764145,0.003,-0.033983704396213));
#12341=CARTESIAN_POINT('',(0.189418786764145,0.00330261147186136,-0.0315020867187498));
#12342=CARTESIAN_POINT('',(0.189418786764145,0.003,-0.0290204690412866));
#12343=CARTESIAN_POINT('',(0.189418786764145,0.003,0.0146998918056488));
#12344=CARTESIAN_POINT('',(0.189418786764145,0.003,-0.0249971538845244));
#12345=CARTESIAN_POINT('',(0.189418786764145,0.0037385605422405,-0.0226087384421347));
#12346=CARTESIAN_POINT('',(0.189418786764145,0.003,-0.020220322999745));
#12347=CARTESIAN_POINT('',(0.189418786764145,0.003,0.0146998918056488));
#12348=CARTESIAN_POINT('',(0.189418786764145,0.003,-0.0149964513861588));
#12349=CARTESIAN_POINT('',(0.189418786764145,0.00391293998412764,-0.0126691051322935));
#12350=CARTESIAN_POINT('',(0.189418786764145,0.003,-0.0103417588784282));
#12351=CARTESIAN_POINT('',(0.189418786764145,0.003,0.0146998918056488));
#12352=CARTESIAN_POINT('',(0.189418786764145,0.003,-0.0041087458875715));
#12353=CARTESIAN_POINT('',(0.189418786764145,0.00408731942601477,-0.00185758252925853));
#12354=CARTESIAN_POINT('',(0.189418786764145,0.003,0.000393580829054427));
#12355=CARTESIAN_POINT('',(0.189418786764145,0.003,0.0146998918056488));
#12356=CARTESIAN_POINT('',(0.189418786764145,0.003,0.00645221670633039));
#12357=CARTESIAN_POINT('',(0.189418786764145,0.00391293998412764,0.00877956296019573));
#12358=CARTESIAN_POINT('',(0.189418786764145,0.003,0.0111069092140611));
#12359=CARTESIAN_POINT('',(0.189418786764145,0.003,0.0146998918056488));
#12360=CARTESIAN_POINT('',(0.189418786764145,0.003,0.0158602005225988));
#12361=CARTESIAN_POINT('',(0.189418786764145,0.00335808802932476,0.0183344222109796));
#12362=CARTESIAN_POINT('',(0.189418786764145,0.003,0.0208086438993605));
#12363=CARTESIAN_POINT('',(0.189418786764145,0.003,0.0146998918056488));
#12364=CARTESIAN_POINT('',(0.189418786764145,0.003,0.0276900237498752));
#12365=CARTESIAN_POINT('',(0.189418786764145,0.00350472290605282,0.0301385446887495));
#12366=CARTESIAN_POINT('',(0.189418786764145,0.003,0.0325870656276237));
#12367=CARTESIAN_POINT('',(0.189418786764145,0.003,0.0146998918056488));
#12368=CARTESIAN_POINT('',(0.189418786764145,0.003,0.0373906137153533));
#12369=CARTESIAN_POINT('',(0.189418786764145,0.00306481781020736,0.0398897733043911));
#12370=CARTESIAN_POINT('',(-0.00558121323585509,0.013,-0.0628001081943512));
#12371=CARTESIAN_POINT('',(0.165918786764145,0.0105,-0.0628001081943512));
#12372=CARTESIAN_POINT('',(0.168418786764145,0.0105,-0.0628001081943512));
#12373=CARTESIAN_POINT('',(0.168418786764145,0.0110555734400964,-0.0628001081943512));
#12374=CARTESIAN_POINT('',(0.168418786764145,0.00911114688019273,-0.0628001081943512));
#12375=CARTESIAN_POINT('',(0.175918786764145,0.00911114688019273,-0.0628001081943512));
#12376=CARTESIAN_POINT('',(0.183418786764145,0.00911114688019273,-0.0628001081943512));
#12377=CARTESIAN_POINT('',(0.183418786764145,0.0110555734400964,-0.0628001081943512));
#12378=CARTESIAN_POINT('',(0.183418786764145,0.0105,-0.0628001081943512));
#12379=CARTESIAN_POINT('',(0.185918786764145,0.0105,-0.0628001081943512));
#12380=CARTESIAN_POINT('',(0.194418786764145,0.013,-0.0628001081943512));
#12381=CARTESIAN_POINT('',(-0.205581213235855,0.013,-0.0628001081943512));
#12382=CARTESIAN_POINT('',(-0.210581213235855,0.013,0.0146998918056488));
#12383=CARTESIAN_POINT('',(-0.210581213235855,0.00420309202464467,-0.0229256905340548));
#12384=CARTESIAN_POINT('',(-0.210581213235855,0.00670309202464467,-0.0229256905340548));
#12385=CARTESIAN_POINT('',(-0.210581213235855,0.00970190548988228,-0.028057916341811));
#12386=CARTESIAN_POINT('',(-0.210581213235855,0.0122019054898823,-0.028057916341811));
#12387=CARTESIAN_POINT('',(-0.210581213235855,0.00486294943558222,-0.0330435078549157));
#12388=CARTESIAN_POINT('',(-0.210581213235855,0.00736294943558222,-0.0330435078549157));
#12389=CARTESIAN_POINT('',(-0.210581213235855,0.0094819531747902,-0.0388355914228554));
#12390=CARTESIAN_POINT('',(-0.210581213235855,0.0119819531747902,-0.0388355914228554));
#12391=CARTESIAN_POINT('',(-0.210581213235855,0.00933531829806214,-0.0154473034390207));
#12392=CARTESIAN_POINT('',(-0.210581213235855,0.0118353182980621,-0.0154473034390207));
#12393=CARTESIAN_POINT('',(-0.210581213235855,0.00317664672339505,-0.0121480149873491));
#12394=CARTESIAN_POINT('',(-0.210581213235855,0.00567664672339505,-0.0121480149873491));
#12395=CARTESIAN_POINT('',(-0.210581213235855,0.00911536598297005,-0.00591602527582605));
#12396=CARTESIAN_POINT('',(-0.210581213235855,0.01161536598297,-0.00591602527582605));
#12397=CARTESIAN_POINT('',(-0.210581213235855,0.00361655181924051,-0.00239678637170751));
#12398=CARTESIAN_POINT('',(-0.210581213235855,0.0061165518192405,-0.00239678637170751));
#12399=CARTESIAN_POINT('',(-0.210581213235855,0.00860214298309928,0.0044950602850918));
#12400=CARTESIAN_POINT('',(-0.210581213235855,0.0111021429830993,0.0044950602850918));
#12401=CARTESIAN_POINT('',(-0.210581213235855,0.00346991694251245,0.00940733610606234));
#12402=CARTESIAN_POINT('',(-0.210581213235855,0.00596991694251245,0.00940733610606234));
#12403=CARTESIAN_POINT('',(-0.210581213235855,0.00911536598297005,0.0144662430784706));
#12404=CARTESIAN_POINT('',(-0.210581213235855,0.01161536598297,0.0144662430784706));
#12405=CARTESIAN_POINT('',(-0.210581213235855,0.00402476889731532,0.0189621953568462));
#12406=CARTESIAN_POINT('',(-0.210581213235855,0.00652476889731532,0.0189621953568462));
#12407=CARTESIAN_POINT('',(-0.210581213235855,0.00419914833920246,0.0295993408463005));
#12408=CARTESIAN_POINT('',(-0.210581213235855,0.00669914833920246,0.0295993408463005));
#12409=CARTESIAN_POINT('',(-0.210581213235855,0.00911536598297005,0.0251526667079929));
#12410=CARTESIAN_POINT('',(-0.210581213235855,0.01161536598297,0.0251526667079929));
#12411=CARTESIAN_POINT('',(-0.210581213235855,0.00911536598297005,0.0362257605693345));
#12412=CARTESIAN_POINT('',(-0.210581213235855,0.01161536598297,0.0362257605693345));
#12413=CARTESIAN_POINT('',(-0.210581213235855,0.00402476889731532,0.0404108634493355));
#12414=CARTESIAN_POINT('',(-0.210581213235855,0.00652476889731532,0.0404108634493355));
#12415=CARTESIAN_POINT('',(-0.210581213235855,0.00912422686815262,0.0811976719260216));
#12416=CARTESIAN_POINT('',(-0.210581213235855,0.0116242268681526,0.0811976719260216));
#12417=CARTESIAN_POINT('',(-0.210581213235855,0.00385900214314461,-0.0545485944211483));
#12418=CARTESIAN_POINT('',(-0.210581213235855,0.00635900214314461,-0.0545485944211483));
#12419=CARTESIAN_POINT('',(-0.210581213235855,0.00385900214314461,-0.0451201424002647));
#12420=CARTESIAN_POINT('',(-0.210581213235855,0.00635900214314461,-0.0451201424002647));
#12421=CARTESIAN_POINT('',(-0.210581213235855,0.00911536598297005,0.046339767267466));
#12422=CARTESIAN_POINT('',(-0.210581213235855,0.01161536598297,0.046339767267466));
#12423=CARTESIAN_POINT('',(-0.210581213235855,0.00385038945542818,0.0503504967591767));
#12424=CARTESIAN_POINT('',(-0.210581213235855,0.00635038945542818,0.0503504967591767));
#12425=CARTESIAN_POINT('',(-0.210581213235855,0.00911536598297005,0.0563665798208718));
#12426=CARTESIAN_POINT('',(-0.210581213235855,0.01161536598297,0.0563665798208718));
#12427=CARTESIAN_POINT('',(-0.210581213235855,0.00341444038504904,0.0592438450357918));
#12428=CARTESIAN_POINT('',(-0.210581213235855,0.00591444038504904,0.0592438450357918));
#12429=CARTESIAN_POINT('',(-0.210581213235855,0.00912422686815262,0.0729916291952133));
#12430=CARTESIAN_POINT('',(-0.210581213235855,0.0116242268681526,0.0729916291952133));
#12431=CARTESIAN_POINT('',(-0.210581213235855,0.00385900214314461,0.0777712091803551));
#12432=CARTESIAN_POINT('',(-0.210581213235855,0.00635900214314461,0.0777712091803551));
#12433=CARTESIAN_POINT('',(-0.210581213235855,0.00402226485311985,0.0691203065156937));
#12434=CARTESIAN_POINT('',(-0.210581213235855,0.00652226485311985,0.0691203065156937));
#12435=CARTESIAN_POINT('',(-0.210581213235855,0.00912422686815262,0.0642203986644745));
#12436=CARTESIAN_POINT('',(-0.210581213235855,0.0116242268681526,0.0642203986644745));
#12437=CARTESIAN_POINT('',(-0.210581213235855,0.00908669614883309,-0.050940761128902));
#12438=CARTESIAN_POINT('',(-0.210581213235855,0.0115866961488331,-0.050940761128902));
#12439=CARTESIAN_POINT('',(-0.210581213235855,0.013,0.0871998918056488));
#12440=CARTESIAN_POINT('',(-0.210581213235855,0.,-0.0578001081943512));
#12441=CARTESIAN_POINT('',(-0.00558121323585509,0.013,0.0921998918056488));
#12442=CARTESIAN_POINT('',(0.194418786764145,0.013,0.0921998918056488));
#12443=CARTESIAN_POINT('',(-0.205581213235855,0.013,0.0921998918056488));
#12444=CARTESIAN_POINT('',(0.199418786764145,0.013,0.0146998918056488));
#12445=CARTESIAN_POINT('',(0.199418786764145,0.00409126311145698,0.0506674488510968));
#12446=CARTESIAN_POINT('',(0.199418786764145,0.00159126311145698,0.0506674488510968));
#12447=CARTESIAN_POINT('',(0.199418786764145,0.0095900765766946,0.055799674658853));
#12448=CARTESIAN_POINT('',(0.199418786764145,0.0070900765766946,0.055799674658853));
#12449=CARTESIAN_POINT('',(0.199418786764145,0.00475112052239454,0.0607852661719577));
#12450=CARTESIAN_POINT('',(0.199418786764145,0.00225112052239454,0.0607852661719577));
#12451=CARTESIAN_POINT('',(0.199418786764145,0.00937012426160252,0.0665773497398974));
#12452=CARTESIAN_POINT('',(0.199418786764145,0.00687012426160252,0.0665773497398974));
#12453=CARTESIAN_POINT('',(0.199418786764145,0.00922348938487446,0.0431890617560627));
#12454=CARTESIAN_POINT('',(0.199418786764145,0.00672348938487446,0.0431890617560627));
#12455=CARTESIAN_POINT('',(0.199418786764145,0.00306481781020736,0.0398897733043911));
#12456=CARTESIAN_POINT('',(0.199418786764145,0.000564817810207365,0.0398897733043911));
#12457=CARTESIAN_POINT('',(0.199418786764145,0.00900353706978237,0.033657783592868));
#12458=CARTESIAN_POINT('',(0.199418786764145,0.00650353706978237,0.033657783592868));
#12459=CARTESIAN_POINT('',(0.199418786764145,0.00350472290605282,0.0301385446887495));
#12460=CARTESIAN_POINT('',(0.199418786764145,0.00100472290605282,0.0301385446887495));
#12461=CARTESIAN_POINT('',(0.199418786764145,0.00849031406991159,0.0232466980319502));
#12462=CARTESIAN_POINT('',(0.199418786764145,0.00599031406991159,0.0232466980319502));
#12463=CARTESIAN_POINT('',(0.199418786764145,0.00335808802932476,0.0183344222109796));
#12464=CARTESIAN_POINT('',(0.199418786764145,0.000858088029324765,0.0183344222109796));
#12465=CARTESIAN_POINT('',(0.199418786764145,0.00900353706978237,0.0132755152385714));
#12466=CARTESIAN_POINT('',(0.199418786764145,0.00650353706978237,0.0132755152385714));
#12467=CARTESIAN_POINT('',(0.199418786764145,0.00391293998412764,0.00877956296019573));
#12468=CARTESIAN_POINT('',(0.199418786764145,0.00141293998412764,0.00877956296019573));
#12469=CARTESIAN_POINT('',(0.199418786764145,0.00408731942601477,-0.00185758252925853));
#12470=CARTESIAN_POINT('',(0.199418786764145,0.00158731942601477,-0.00185758252925853));
#12471=CARTESIAN_POINT('',(0.199418786764145,0.00900353706978237,0.00258909160904904));
#12472=CARTESIAN_POINT('',(0.199418786764145,0.00650353706978237,0.00258909160904904));
#12473=CARTESIAN_POINT('',(0.199418786764145,0.00900353706978237,-0.00848400225229244));
#12474=CARTESIAN_POINT('',(0.199418786764145,0.00650353706978237,-0.00848400225229244));
#12475=CARTESIAN_POINT('',(0.199418786764145,0.00391293998412764,-0.0126691051322935));
#12476=CARTESIAN_POINT('',(0.199418786764145,0.00141293998412764,-0.0126691051322935));
#12477=CARTESIAN_POINT('',(0.199418786764145,0.00901239795496494,-0.0534559136089796));
#12478=CARTESIAN_POINT('',(0.199418786764145,0.00651239795496494,-0.0534559136089796));
#12479=CARTESIAN_POINT('',(0.199418786764145,0.00374717322995692,0.0822903527381903));
#12480=CARTESIAN_POINT('',(0.199418786764145,0.00124717322995692,0.0822903527381903));
#12481=CARTESIAN_POINT('',(0.199418786764145,0.00374717322995692,0.0728619007173067));
#12482=CARTESIAN_POINT('',(0.199418786764145,0.00124717322995692,0.0728619007173067));
#12483=CARTESIAN_POINT('',(0.199418786764145,0.00900353706978237,-0.018598008950424));
#12484=CARTESIAN_POINT('',(0.199418786764145,0.00650353706978237,-0.018598008950424));
#12485=CARTESIAN_POINT('',(0.199418786764145,0.0037385605422405,-0.0226087384421347));
#12486=CARTESIAN_POINT('',(0.199418786764145,0.0012385605422405,-0.0226087384421347));
#12487=CARTESIAN_POINT('',(0.199418786764145,0.00900353706978237,-0.0286248215038298));
#12488=CARTESIAN_POINT('',(0.199418786764145,0.00650353706978237,-0.0286248215038298));
#12489=CARTESIAN_POINT('',(0.199418786764145,0.00330261147186136,-0.0315020867187498));
#12490=CARTESIAN_POINT('',(0.199418786764145,0.00080261147186136,-0.0315020867187498));
#12491=CARTESIAN_POINT('',(0.199418786764145,0.00901239795496494,-0.0452498708781713));
#12492=CARTESIAN_POINT('',(0.199418786764145,0.00651239795496494,-0.0452498708781713));
#12493=CARTESIAN_POINT('',(0.199418786764145,0.00374717322995692,-0.0500294508633131));
#12494=CARTESIAN_POINT('',(0.199418786764145,0.00124717322995692,-0.0500294508633131));
#12495=CARTESIAN_POINT('',(0.199418786764145,0.00391043593993217,-0.0413785481986517));
#12496=CARTESIAN_POINT('',(0.199418786764145,0.00141043593993217,-0.0413785481986517));
#12497=CARTESIAN_POINT('',(0.199418786764145,0.00901239795496494,-0.0364786403474325));
#12498=CARTESIAN_POINT('',(0.199418786764145,0.00651239795496494,-0.0364786403474325));
#12499=CARTESIAN_POINT('',(0.199418786764145,0.00897486723564541,0.078682519445944));
#12500=CARTESIAN_POINT('',(0.199418786764145,0.00647486723564541,0.078682519445944));
#12501=CARTESIAN_POINT('',(0.199418786764145,0.013,-0.0578001081943512));
#12502=CARTESIAN_POINT('',(0.199418786764145,0.,0.0871998918056488));
#12503=CARTESIAN_POINT('',(-0.00558121323585509,0.003,0.0146998918056488));
#12504=CARTESIAN_POINT('',(0.00285878676414494,0.003,-0.0215301081943512));
#12505=CARTESIAN_POINT('',(0.00435878676414495,0.003,-0.0215301081943512));
#12506=CARTESIAN_POINT('',(0.174810786764145,0.003,0.0351118918056488));
#12507=CARTESIAN_POINT('',(0.176310786764145,0.003,0.0351118918056488));
#12508=CARTESIAN_POINT('',(0.162308786764145,0.003,0.0751098918056488));
#12509=CARTESIAN_POINT('',(0.163808786764145,0.003,0.0751098918056488));
#12510=CARTESIAN_POINT('',(-0.0939322132358551,0.003,0.0766178918056488));
#12511=CARTESIAN_POINT('',(-0.0924322132358551,0.003,0.0766178918056488));
#12512=CARTESIAN_POINT('',(-0.195801213235855,0.003,0.0503898918056488));
#12513=CARTESIAN_POINT('',(-0.194301213235855,0.003,0.0503898918056488));
#12514=CARTESIAN_POINT('',(-0.171081213235855,0.003,-0.0237501081943512));
#12515=CARTESIAN_POINT('',(-0.169581213235855,0.003,-0.0237501081943512));
#12516=CARTESIAN_POINT('',(-0.200581213235855,0.003,0.0146998918056488));
#12517=CARTESIAN_POINT('',(-0.200581213235855,0.003,0.0146998918056488));
#12518=CARTESIAN_POINT('',(-0.200581213235855,0.003,0.0146998918056488));
#12519=CARTESIAN_POINT('',(-0.200581213235855,0.003,0.0146998918056488));
#12520=CARTESIAN_POINT('',(-0.200581213235855,0.003,0.0146998918056488));
#12521=CARTESIAN_POINT('',(-0.200581213235855,0.003,0.0146998918056488));
#12522=CARTESIAN_POINT('',(-0.200581213235855,0.003,0.0146998918056488));
#12523=CARTESIAN_POINT('',(-0.200581213235855,0.003,0.0146998918056488));
#12524=CARTESIAN_POINT('',(-0.200581213235855,0.003,0.0146998918056488));
#12525=CARTESIAN_POINT('',(-0.200581213235855,0.003,0.0146998918056488));
#12526=CARTESIAN_POINT('',(-0.200581213235855,0.003,0.0146998918056488));
#12527=CARTESIAN_POINT('',(-0.200581213235855,0.003,0.0146998918056488));
#12528=CARTESIAN_POINT('',(-0.200581213235855,0.003,0.0146998918056488));
#12529=CARTESIAN_POINT('',(-0.200581213235855,0.003,0.0146998918056488));
#12530=CARTESIAN_POINT('',(0.189418786764145,0.003,0.0146998918056488));
#12531=CARTESIAN_POINT('',(0.189418786764145,0.003,0.0146998918056488));
#12532=CARTESIAN_POINT('',(0.189418786764145,0.003,0.0146998918056488));
#12533=CARTESIAN_POINT('',(0.189418786764145,0.003,0.0146998918056488));
#12534=CARTESIAN_POINT('',(0.189418786764145,0.003,0.0146998918056488));
#12535=CARTESIAN_POINT('',(0.189418786764145,0.003,0.0146998918056488));
#12536=CARTESIAN_POINT('',(0.189418786764145,0.003,0.0146998918056488));
#12537=CARTESIAN_POINT('',(0.189418786764145,0.003,0.0146998918056488));
#12538=CARTESIAN_POINT('',(0.189418786764145,0.003,0.0146998918056488));
#12539=CARTESIAN_POINT('',(0.189418786764145,0.003,0.0146998918056488));
#12540=CARTESIAN_POINT('',(0.189418786764145,0.003,0.0146998918056488));
#12541=CARTESIAN_POINT('',(0.189418786764145,0.003,0.0146998918056488));
#12542=CARTESIAN_POINT('',(0.189418786764145,0.003,0.0146998918056488));
#12543=CARTESIAN_POINT('',(0.189418786764145,0.003,0.0146998918056488));
#12544=CARTESIAN_POINT('',(0.194418786764145,0.013,-0.0578001081943512));
#12545=CARTESIAN_POINT('',(0.194418786764145,0.013,0.0871998918056488));
#12546=CARTESIAN_POINT('',(-0.205581213235855,0.013,0.0871998918056488));
#12547=CARTESIAN_POINT('',(-0.205581213235855,0.013,-0.0578001081943512));
#12548=CARTESIAN_POINT('',(-0.200581213235855,0.00908669614883309,-0.050940761128902));
#12549=CARTESIAN_POINT('',(-0.200581213235855,0.00908669614883309,-0.050940761128902));
#12550=CARTESIAN_POINT('',(-0.200581213235855,0.0065,0.0146998918056488));
#12551=CARTESIAN_POINT('',(-0.200581213235855,0.00912422686815262,0.0642203986644745));
#12552=CARTESIAN_POINT('',(-0.200581213235855,0.00402226485311985,0.0691203065156937));
#12553=CARTESIAN_POINT('',(-0.200581213235855,0.00402226485311985,0.0691203065156937));
#12554=CARTESIAN_POINT('',(-0.200581213235855,0.0065,0.0146998918056488));
#12555=CARTESIAN_POINT('',(-0.200581213235855,0.00385900214314461,0.0777712091803551));
#12556=CARTESIAN_POINT('',(-0.200581213235855,0.00385900214314461,0.0777712091803551));
#12557=CARTESIAN_POINT('',(-0.200581213235855,0.0065,0.0146998918056488));
#12558=CARTESIAN_POINT('',(-0.200581213235855,0.00912422686815262,0.0729916291952133));
#12559=CARTESIAN_POINT('',(-0.200581213235855,0.00341444038504904,0.0592438450357918));
#12560=CARTESIAN_POINT('',(-0.200581213235855,0.00341444038504904,0.0592438450357918));
#12561=CARTESIAN_POINT('',(-0.200581213235855,0.0065,0.0146998918056488));
#12562=CARTESIAN_POINT('',(-0.200581213235855,0.00911536598297005,0.0563665798208718));
#12563=CARTESIAN_POINT('',(-0.200581213235855,0.00385038945542818,0.0503504967591767));
#12564=CARTESIAN_POINT('',(-0.200581213235855,0.00385038945542818,0.0503504967591767));
#12565=CARTESIAN_POINT('',(-0.200581213235855,0.0065,0.0146998918056488));
#12566=CARTESIAN_POINT('',(-0.200581213235855,0.00911536598297005,0.046339767267466));
#12567=CARTESIAN_POINT('',(-0.200581213235855,0.00385900214314461,-0.0451201424002647));
#12568=CARTESIAN_POINT('',(-0.200581213235855,0.00385900214314461,-0.0451201424002647));
#12569=CARTESIAN_POINT('',(-0.200581213235855,0.0065,0.0146998918056488));
#12570=CARTESIAN_POINT('',(-0.200581213235855,0.00385900214314461,-0.0545485944211483));
#12571=CARTESIAN_POINT('',(-0.200581213235855,0.00385900214314461,-0.0545485944211483));
#12572=CARTESIAN_POINT('',(-0.200581213235855,0.0065,0.0146998918056488));
#12573=CARTESIAN_POINT('',(-0.200581213235855,0.0065,0.0146998918056488));
#12574=CARTESIAN_POINT('',(-0.200581213235855,0.00912422686815262,0.0811976719260216));
#12575=CARTESIAN_POINT('',(-0.200581213235855,0.00912422686815262,0.0811976719260216));
#12576=CARTESIAN_POINT('',(-0.200581213235855,0.00402476889731532,0.0404108634493355));
#12577=CARTESIAN_POINT('',(-0.200581213235855,0.00402476889731532,0.0404108634493355));
#12578=CARTESIAN_POINT('',(-0.200581213235855,0.0065,0.0146998918056488));
#12579=CARTESIAN_POINT('',(-0.200581213235855,0.00911536598297005,0.0362257605693345));
#12580=CARTESIAN_POINT('',(-0.200581213235855,0.00911536598297005,0.0251526667079929));
#12581=CARTESIAN_POINT('',(-0.200581213235855,0.00419914833920246,0.0295993408463005));
#12582=CARTESIAN_POINT('',(-0.200581213235855,0.00419914833920246,0.0295993408463005));
#12583=CARTESIAN_POINT('',(-0.200581213235855,0.0065,0.0146998918056488));
#12584=CARTESIAN_POINT('',(-0.200581213235855,0.00402476889731532,0.0189621953568462));
#12585=CARTESIAN_POINT('',(-0.200581213235855,0.00402476889731532,0.0189621953568462));
#12586=CARTESIAN_POINT('',(-0.200581213235855,0.0065,0.0146998918056488));
#12587=CARTESIAN_POINT('',(-0.200581213235855,0.00911536598297005,0.0144662430784706));
#12588=CARTESIAN_POINT('',(-0.200581213235855,0.00346991694251245,0.00940733610606234));
#12589=CARTESIAN_POINT('',(-0.200581213235855,0.00346991694251245,0.00940733610606234));
#12590=CARTESIAN_POINT('',(-0.200581213235855,0.0065,0.0146998918056488));
#12591=CARTESIAN_POINT('',(-0.200581213235855,0.00860214298309928,0.0044950602850918));
#12592=CARTESIAN_POINT('',(-0.200581213235855,0.00361655181924051,-0.00239678637170751));
#12593=CARTESIAN_POINT('',(-0.200581213235855,0.00361655181924051,-0.00239678637170751));
#12594=CARTESIAN_POINT('',(-0.200581213235855,0.0065,0.0146998918056488));
#12595=CARTESIAN_POINT('',(-0.200581213235855,0.00911536598297005,-0.00591602527582605));
#12596=CARTESIAN_POINT('',(-0.200581213235855,0.00317664672339505,-0.0121480149873491));
#12597=CARTESIAN_POINT('',(-0.200581213235855,0.00317664672339505,-0.0121480149873491));
#12598=CARTESIAN_POINT('',(-0.200581213235855,0.0065,0.0146998918056488));
#12599=CARTESIAN_POINT('',(-0.200581213235855,0.00933531829806214,-0.0154473034390207));
#12600=CARTESIAN_POINT('',(-0.200581213235855,0.0094819531747902,-0.0388355914228554));
#12601=CARTESIAN_POINT('',(-0.200581213235855,0.00486294943558222,-0.0330435078549157));
#12602=CARTESIAN_POINT('',(-0.200581213235855,0.00486294943558222,-0.0330435078549157));
#12603=CARTESIAN_POINT('',(-0.200581213235855,0.0065,0.0146998918056488));
#12604=CARTESIAN_POINT('',(-0.200581213235855,0.00970190548988228,-0.028057916341811));
#12605=CARTESIAN_POINT('',(-0.200581213235855,0.00420309202464467,-0.0229256905340548));
#12606=CARTESIAN_POINT('',(-0.200581213235855,0.00420309202464467,-0.0229256905340548));
#12607=CARTESIAN_POINT('',(-0.200581213235855,0.0065,0.0146998918056488));
#12608=CARTESIAN_POINT('',(0.189418786764145,0.00897486723564541,0.078682519445944));
#12609=CARTESIAN_POINT('',(0.189418786764145,0.00901239795496494,-0.0364786403474325));
#12610=CARTESIAN_POINT('',(0.189418786764145,0.0065,0.0146998918056488));
#12611=CARTESIAN_POINT('',(0.189418786764145,0.00391043593993217,-0.0413785481986517));
#12612=CARTESIAN_POINT('',(0.189418786764145,0.00391043593993217,-0.0413785481986517));
#12613=CARTESIAN_POINT('',(0.189418786764145,0.0065,0.0146998918056488));
#12614=CARTESIAN_POINT('',(0.189418786764145,0.00374717322995692,-0.0500294508633131));
#12615=CARTESIAN_POINT('',(0.189418786764145,0.00374717322995692,-0.0500294508633131));
#12616=CARTESIAN_POINT('',(0.189418786764145,0.00901239795496494,-0.0452498708781713));
#12617=CARTESIAN_POINT('',(0.189418786764145,0.0065,0.0146998918056488));
#12618=CARTESIAN_POINT('',(0.189418786764145,0.00330261147186136,-0.0315020867187498));
#12619=CARTESIAN_POINT('',(0.189418786764145,0.00330261147186136,-0.0315020867187498));
#12620=CARTESIAN_POINT('',(0.189418786764145,0.00900353706978237,-0.0286248215038298));
#12621=CARTESIAN_POINT('',(0.189418786764145,0.0065,0.0146998918056488));
#12622=CARTESIAN_POINT('',(0.189418786764145,0.0037385605422405,-0.0226087384421347));
#12623=CARTESIAN_POINT('',(0.189418786764145,0.0037385605422405,-0.0226087384421347));
#12624=CARTESIAN_POINT('',(0.189418786764145,0.00900353706978237,-0.018598008950424));
#12625=CARTESIAN_POINT('',(0.189418786764145,0.0065,0.0146998918056488));
#12626=CARTESIAN_POINT('',(0.189418786764145,0.00374717322995692,0.0728619007173067));
#12627=CARTESIAN_POINT('',(0.189418786764145,0.00374717322995692,0.0728619007173067));
#12628=CARTESIAN_POINT('',(0.189418786764145,0.0065,0.0146998918056488));
#12629=CARTESIAN_POINT('',(0.189418786764145,0.00374717322995692,0.0822903527381903));
#12630=CARTESIAN_POINT('',(0.189418786764145,0.00374717322995692,0.0822903527381903));
#12631=CARTESIAN_POINT('',(0.189418786764145,0.0065,0.0146998918056488));
#12632=CARTESIAN_POINT('',(0.189418786764145,0.00901239795496494,-0.0534559136089796));
#12633=CARTESIAN_POINT('',(0.189418786764145,0.00901239795496494,-0.0534559136089796));
#12634=CARTESIAN_POINT('',(0.189418786764145,0.0065,0.0146998918056488));
#12635=CARTESIAN_POINT('',(0.189418786764145,0.00391293998412764,-0.0126691051322935));
#12636=CARTESIAN_POINT('',(0.189418786764145,0.00391293998412764,-0.0126691051322935));
#12637=CARTESIAN_POINT('',(0.189418786764145,0.00900353706978237,-0.00848400225229244));
#12638=CARTESIAN_POINT('',(0.189418786764145,0.00900353706978237,0.00258909160904904));
#12639=CARTESIAN_POINT('',(0.189418786764145,0.0065,0.0146998918056488));
#12640=CARTESIAN_POINT('',(0.189418786764145,0.00408731942601477,-0.00185758252925853));
#12641=CARTESIAN_POINT('',(0.189418786764145,0.00408731942601477,-0.00185758252925853));
#12642=CARTESIAN_POINT('',(0.189418786764145,0.0065,0.0146998918056488));
#12643=CARTESIAN_POINT('',(0.189418786764145,0.00391293998412764,0.00877956296019573));
#12644=CARTESIAN_POINT('',(0.189418786764145,0.00391293998412764,0.00877956296019573));
#12645=CARTESIAN_POINT('',(0.189418786764145,0.00900353706978237,0.0132755152385714));
#12646=CARTESIAN_POINT('',(0.189418786764145,0.0065,0.0146998918056488));
#12647=CARTESIAN_POINT('',(0.189418786764145,0.00335808802932476,0.0183344222109796));
#12648=CARTESIAN_POINT('',(0.189418786764145,0.00335808802932476,0.0183344222109796));
#12649=CARTESIAN_POINT('',(0.189418786764145,0.00849031406991159,0.0232466980319502));
#12650=CARTESIAN_POINT('',(0.189418786764145,0.0065,0.0146998918056488));
#12651=CARTESIAN_POINT('',(0.189418786764145,0.00350472290605282,0.0301385446887495));
#12652=CARTESIAN_POINT('',(0.189418786764145,0.00350472290605282,0.0301385446887495));
#12653=CARTESIAN_POINT('',(0.189418786764145,0.00900353706978237,0.033657783592868));
#12654=CARTESIAN_POINT('',(0.189418786764145,0.0065,0.0146998918056488));
#12655=CARTESIAN_POINT('',(0.189418786764145,0.00306481781020736,0.0398897733043911));
#12656=CARTESIAN_POINT('',(0.189418786764145,0.00306481781020736,0.0398897733043911));
#12657=CARTESIAN_POINT('',(0.189418786764145,0.00922348938487446,0.0431890617560627));
#12658=CARTESIAN_POINT('',(0.189418786764145,0.00937012426160252,0.0665773497398974));
#12659=CARTESIAN_POINT('',(0.189418786764145,0.0065,0.0146998918056488));
#12660=CARTESIAN_POINT('',(0.189418786764145,0.00475112052239454,0.0607852661719577));
#12661=CARTESIAN_POINT('',(0.189418786764145,0.00475112052239454,0.0607852661719577));
#12662=CARTESIAN_POINT('',(0.189418786764145,0.0095900765766946,0.055799674658853));
#12663=CARTESIAN_POINT('',(0.189418786764145,0.0065,0.0146998918056488));
#12664=CARTESIAN_POINT('',(0.189418786764145,0.00409126311145698,0.0506674488510968));
#12665=CARTESIAN_POINT('',(0.189418786764145,0.00409126311145698,0.0506674488510968));
#12666=CARTESIAN_POINT('',(-0.0648783390817416,0.0007,0.020401234485508));
#12667=CARTESIAN_POINT('',(-0.0648783390817416,0.0007,-0.00997350251449201));
#12668=CARTESIAN_POINT('',(-0.0648783390817416,0.0007,-0.00997350251449201));
#12669=CARTESIAN_POINT('',(-0.0648783390817416,0.0007,0.020401234485508));
#12670=CARTESIAN_POINT('',(-0.0648783390817416,0.0007,0.050775971485508));
#12671=CARTESIAN_POINT('',(-0.0648783390817416,0.0007,0.050775971485508));
#12672=CARTESIAN_POINT('',(-0.0568526395817416,0.0007,0.050775971485508));
#12673=CARTESIAN_POINT('',(-0.0568526395817416,0.0007,0.050775971485508));
#12674=CARTESIAN_POINT('',(-0.0488269400817416,0.0007,0.050775971485508));
#12675=CARTESIAN_POINT('',(-0.0488269400817416,0.0007,0.050775971485508));
#12676=CARTESIAN_POINT('',(-0.0488269400817416,0.0007,0.020401234485508));
#12677=CARTESIAN_POINT('',(-0.0488269400817416,0.0007,0.020401234485508));
#12678=CARTESIAN_POINT('',(-0.0488269400817416,0.0007,-0.00997350251449201));
#12679=CARTESIAN_POINT('',(-0.0488269400817416,0.0007,-0.00997350251449201));
#12680=CARTESIAN_POINT('',(-0.0568526395817416,0.0007,-0.00997350251449201));
#12681=CARTESIAN_POINT('',(-0.0568526395817416,0.0007,-0.00997350251449201));
#12682=CARTESIAN_POINT('',(-0.00558121323585506,0.0007,0.0146998918056488));
#12683=CARTESIAN_POINT('',(-0.0568526395817416,0.0007,-0.032198516514492));
#12684=CARTESIAN_POINT('',(-0.0488269400817416,0.0007,-0.032198516514492));
#12685=CARTESIAN_POINT('',(-0.0488269400817416,0.0007,-0.032198516514492));
#12686=CARTESIAN_POINT('',(-0.0568526395817416,0.0007,-0.032198516514492));
#12687=CARTESIAN_POINT('',(-0.0648783390817416,0.0007,-0.032198516514492));
#12688=CARTESIAN_POINT('',(-0.0648783390817416,0.0007,-0.032198516514492));
#12689=CARTESIAN_POINT('',(-0.0648783390817416,0.0007,-0.024726788514492));
#12690=CARTESIAN_POINT('',(-0.0648783390817416,0.0007,-0.024726788514492));
#12691=CARTESIAN_POINT('',(-0.0648783390817416,0.0007,-0.017255060514492));
#12692=CARTESIAN_POINT('',(-0.0648783390817416,0.0007,-0.017255060514492));
#12693=CARTESIAN_POINT('',(-0.0568526395817416,0.0007,-0.017255060514492));
#12694=CARTESIAN_POINT('',(-0.0568526395817416,0.0007,-0.017255060514492));
#12695=CARTESIAN_POINT('',(-0.0488269400817416,0.0007,-0.017255060514492));
#12696=CARTESIAN_POINT('',(-0.0488269400817416,0.0007,-0.017255060514492));
#12697=CARTESIAN_POINT('',(-0.0488269400817416,0.0007,-0.024726788514492));
#12698=CARTESIAN_POINT('',(-0.0488269400817416,0.0007,-0.024726788514492));
#12699=CARTESIAN_POINT('',(-0.00558121323585506,0.0007,0.0146998918056488));
#12700=CARTESIAN_POINT('',(0.108913752918258,0.0007,0.0363888799855078));
#12701=CARTESIAN_POINT('',(0.108913752918258,0.,0.0363888799855078));
#12702=CARTESIAN_POINT('',(0.109096018918259,0.,0.0356991094855079));
#12703=CARTESIAN_POINT('',(0.108731486918258,0.,0.0370786504855079));
#12704=CARTESIAN_POINT('',(0.109096018918259,0.0007,0.0356991094855079));
#12705=CARTESIAN_POINT('',(0.109096018918259,0.0007,0.0356991094855079));
#12706=CARTESIAN_POINT('',(0.108913752918258,0.0007,0.0363888799855078));
#12707=CARTESIAN_POINT('',(0.108731486918258,0.0007,0.0370786504855079));
#12708=CARTESIAN_POINT('',(0.108731486918258,0.0007,0.0370786504855079));
#12709=CARTESIAN_POINT('',(0.108427700418259,0.0007,0.037662258485508));
#12710=CARTESIAN_POINT('',(0.108427700418259,0.,0.037662258485508));
#12711=CARTESIAN_POINT('',(0.108123913918259,0.,0.0382458664855079));
#12712=CARTESIAN_POINT('',(0.108427700418259,0.0007,0.037662258485508));
#12713=CARTESIAN_POINT('',(0.108123913918259,0.0007,0.0382458664855079));
#12714=CARTESIAN_POINT('',(0.108123913918259,0.0007,0.0382458664855079));
#12715=CARTESIAN_POINT('',(0.107698599418259,0.0007,0.0387233269855079));
#12716=CARTESIAN_POINT('',(0.107698599418259,0.,0.0387233269855079));
#12717=CARTESIAN_POINT('',(0.107273284918259,0.,0.0392007874855079));
#12718=CARTESIAN_POINT('',(0.107698599418259,0.0007,0.0387233269855079));
#12719=CARTESIAN_POINT('',(0.107273284918259,0.0007,0.0392007874855079));
#12720=CARTESIAN_POINT('',(0.107273284918259,0.0007,0.0392007874855079));
#12721=CARTESIAN_POINT('',(0.106726433418259,0.0007,0.0395721179855079));
#12722=CARTESIAN_POINT('',(0.106726433418259,0.,0.0395721179855079));
#12723=CARTESIAN_POINT('',(0.106179581918259,0.,0.0399434484855083));
#12724=CARTESIAN_POINT('',(0.106726433418259,0.0007,0.0395721179855079));
#12725=CARTESIAN_POINT('',(0.106179581918259,0.0007,0.0399434484855083));
#12726=CARTESIAN_POINT('',(0.106179581918259,0.0007,0.0399434484855083));
#12727=CARTESIAN_POINT('',(0.105511185918259,0.0007,0.0402086644855082));
#12728=CARTESIAN_POINT('',(0.105511185918259,0.,0.0402086644855082));
#12729=CARTESIAN_POINT('',(0.104842789918258,0.,0.0404738804855083));
#12730=CARTESIAN_POINT('',(0.105511185918259,0.0007,0.0402086644855082));
#12731=CARTESIAN_POINT('',(0.104842789918258,0.0007,0.0404738804855083));
#12732=CARTESIAN_POINT('',(0.104842789918258,0.0007,0.0404738804855083));
#12733=CARTESIAN_POINT('',(0.104052840918258,0.0007,0.0406329984855083));
#12734=CARTESIAN_POINT('',(0.104052840918258,0.,0.0406329984855083));
#12735=CARTESIAN_POINT('',(0.103262891918258,0.,0.040792116485508));
#12736=CARTESIAN_POINT('',(0.104052840918258,0.0007,0.0406329984855083));
#12737=CARTESIAN_POINT('',(0.103262891918258,0.0007,0.040792116485508));
#12738=CARTESIAN_POINT('',(0.103262891918258,0.0007,0.040792116485508));
#12739=CARTESIAN_POINT('',(0.102351382418258,0.0007,0.040845151985508));
#12740=CARTESIAN_POINT('',(0.102351382418258,0.,0.040845151985508));
#12741=CARTESIAN_POINT('',(0.101439872918258,0.,0.040898187485508));
#12742=CARTESIAN_POINT('',(0.102351382418258,0.0007,0.040845151985508));
#12743=CARTESIAN_POINT('',(0.101439872918258,0.0007,0.040898187485508));
#12744=CARTESIAN_POINT('',(0.101439872918258,0.0007,0.040898187485508));
#12745=CARTESIAN_POINT('',(0.0999603974182584,0.0007,0.040774680485508));
#12746=CARTESIAN_POINT('',(0.0999603974182584,0.,0.040774680485508));
#12747=CARTESIAN_POINT('',(0.0984809219182583,0.,0.0406511734855078));
#12748=CARTESIAN_POINT('',(0.0999603974182584,0.0007,0.040774680485508));
#12749=CARTESIAN_POINT('',(0.0984809219182583,0.0007,0.0406511734855078));
#12750=CARTESIAN_POINT('',(0.0984809219182583,0.0007,0.0406511734855078));
#12751=CARTESIAN_POINT('',(0.0971286994182582,0.0007,0.0402806534855078));
#12752=CARTESIAN_POINT('',(0.0971286994182582,0.,0.0402806534855078));
#12753=CARTESIAN_POINT('',(0.0957764769182586,0.,0.0399101334855078));
#12754=CARTESIAN_POINT('',(0.0971286994182582,0.0007,0.0402806534855078));
#12755=CARTESIAN_POINT('',(0.0957764769182586,0.0007,0.0399101334855078));
#12756=CARTESIAN_POINT('',(0.0957764769182586,0.0007,0.0399101334855078));
#12757=CARTESIAN_POINT('',(0.0945516369182586,0.0007,0.0392925994855079));
#12758=CARTESIAN_POINT('',(0.0945516369182586,0.,0.0392925994855079));
#12759=CARTESIAN_POINT('',(0.0933267969182589,0.,0.0386750654855082));
#12760=CARTESIAN_POINT('',(0.0945516369182586,0.0007,0.0392925994855079));
#12761=CARTESIAN_POINT('',(0.0933267969182589,0.0007,0.0386750654855082));
#12762=CARTESIAN_POINT('',(0.0933267969182589,0.0007,0.0386750654855082));
#12763=CARTESIAN_POINT('',(0.092229468918259,0.0007,0.0378105184855083));
#12764=CARTESIAN_POINT('',(0.092229468918259,0.,0.0378105184855083));
#12765=CARTESIAN_POINT('',(0.0911321409182587,0.,0.0369459714855081));
#12766=CARTESIAN_POINT('',(0.092229468918259,0.0007,0.0378105184855083));
#12767=CARTESIAN_POINT('',(0.0911321409182587,0.0007,0.0369459714855081));
#12768=CARTESIAN_POINT('',(0.0911321409182587,0.0007,0.0369459714855081));
#12769=CARTESIAN_POINT('',(0.0902228934182586,0.0007,0.0359155429855081));
#12770=CARTESIAN_POINT('',(0.0902228934182586,0.,0.0359155429855081));
#12771=CARTESIAN_POINT('',(0.0893136459182589,0.,0.0348851144855079));
#12772=CARTESIAN_POINT('',(0.0902228934182586,0.0007,0.0359155429855081));
#12773=CARTESIAN_POINT('',(0.0893136459182589,0.0007,0.0348851144855079));
#12774=CARTESIAN_POINT('',(0.0893136459182589,0.0007,0.0348851144855079));
#12775=CARTESIAN_POINT('',(0.088655029418259,0.0007,0.0337699359855079));
#12776=CARTESIAN_POINT('',(0.088655029418259,0.,0.0337699359855079));
#12777=CARTESIAN_POINT('',(0.0879964129182585,0.,0.0326547574855081));
#12778=CARTESIAN_POINT('',(0.088655029418259,0.0007,0.0337699359855079));
#12779=CARTESIAN_POINT('',(0.0879964129182585,0.0007,0.0326547574855081));
#12780=CARTESIAN_POINT('',(0.0879964129182585,0.0007,0.0326547574855081));
#12781=CARTESIAN_POINT('',(0.0875884274182585,0.0007,0.0314548299855082));
#12782=CARTESIAN_POINT('',(0.0875884274182585,0.,0.0314548299855082));
#12783=CARTESIAN_POINT('',(0.0871804419182587,0.,0.030254902485508));
#12784=CARTESIAN_POINT('',(0.0875884274182585,0.0007,0.0314548299855082));
#12785=CARTESIAN_POINT('',(0.0871804419182587,0.0007,0.030254902485508));
#12786=CARTESIAN_POINT('',(0.0871804419182587,0.0007,0.030254902485508));
#12787=CARTESIAN_POINT('',(0.0870230869182587,0.0007,0.028970225485508));
#12788=CARTESIAN_POINT('',(0.0870230869182587,0.,0.028970225485508));
#12789=CARTESIAN_POINT('',(0.0868657319182584,0.,0.027685548485508));
#12790=CARTESIAN_POINT('',(0.0870230869182587,0.0007,0.028970225485508));
#12791=CARTESIAN_POINT('',(0.0868657319182584,0.0007,0.027685548485508));
#12792=CARTESIAN_POINT('',(0.0868657319182584,0.0007,0.027685548485508));
#12793=CARTESIAN_POINT('',(0.0868050979182584,0.0007,0.024353450485508));
#12794=CARTESIAN_POINT('',(0.0868050979182584,0.,0.024353450485508));
#12795=CARTESIAN_POINT('',(0.0867444639182589,0.,0.0210213524855082));
#12796=CARTESIAN_POINT('',(0.0868050979182584,0.0007,0.024353450485508));
#12797=CARTESIAN_POINT('',(0.0867444639182589,0.0007,0.0210213524855082));
#12798=CARTESIAN_POINT('',(0.0867444639182589,0.0007,0.0210213524855082));
#12799=CARTESIAN_POINT('',(0.0874387484182589,0.0007,0.0215032459855081));
#12800=CARTESIAN_POINT('',(0.0874387484182589,0.,0.0215032459855081));
#12801=CARTESIAN_POINT('',(0.0881330329182589,0.,0.0219851394855081));
#12802=CARTESIAN_POINT('',(0.0874387484182589,0.0007,0.0215032459855081));
#12803=CARTESIAN_POINT('',(0.0881330329182589,0.0007,0.0219851394855081));
#12804=CARTESIAN_POINT('',(0.0881330329182589,0.0007,0.0219851394855081));
#12805=CARTESIAN_POINT('',(0.0892289074182587,0.0007,0.022443843485508));
#12806=CARTESIAN_POINT('',(0.0892289074182587,0.,0.022443843485508));
#12807=CARTESIAN_POINT('',(0.0903247819182586,0.,0.022902547485508));
#12808=CARTESIAN_POINT('',(0.0892289074182587,0.0007,0.022443843485508));
#12809=CARTESIAN_POINT('',(0.0903247819182586,0.0007,0.022902547485508));
#12810=CARTESIAN_POINT('',(0.0903247819182586,0.0007,0.022902547485508));
#12811=CARTESIAN_POINT('',(0.0918223119182593,0.0007,0.0233381264855078));
#12812=CARTESIAN_POINT('',(0.0918223119182593,0.,0.0233381264855078));
#12813=CARTESIAN_POINT('',(0.0933198419182593,0.,0.0237737054855079));
#12814=CARTESIAN_POINT('',(0.0918223119182593,0.0007,0.0233381264855078));
#12815=CARTESIAN_POINT('',(0.0933198419182593,0.0007,0.0237737054855079));
#12816=CARTESIAN_POINT('',(0.0933198419182593,0.0007,0.0237737054855079));
#12817=CARTESIAN_POINT('',(0.0952190924182582,0.0007,0.024186223485508));
#12818=CARTESIAN_POINT('',(0.0952190924182582,0.,0.024186223485508));
#12819=CARTESIAN_POINT('',(0.0971183429182581,0.,0.024598741485508));
#12820=CARTESIAN_POINT('',(0.0952190924182582,0.0007,0.024186223485508));
#12821=CARTESIAN_POINT('',(0.0971183429182581,0.0007,0.024598741485508));
#12822=CARTESIAN_POINT('',(0.0971183429182581,0.0007,0.024598741485508));
#12823=CARTESIAN_POINT('',(0.0986871219182585,0.0007,0.024936586985508));
#12824=CARTESIAN_POINT('',(0.0986871219182585,0.,0.024936586985508));
#12825=CARTESIAN_POINT('',(0.100255900918259,0.,0.025274432485508));
#12826=CARTESIAN_POINT('',(0.0986871219182585,0.0007,0.024936586985508));
#12827=CARTESIAN_POINT('',(0.100255900918259,0.0007,0.025274432485508));
#12828=CARTESIAN_POINT('',(0.100255900918259,0.0007,0.025274432485508));
#12829=CARTESIAN_POINT('',(0.101566103918258,0.0007,0.025669961985508));
#12830=CARTESIAN_POINT('',(0.101566103918258,0.,0.025669961985508));
#12831=CARTESIAN_POINT('',(0.102876306918258,0.,0.0260654914855081));
#12832=CARTESIAN_POINT('',(0.101566103918258,0.0007,0.025669961985508));
#12833=CARTESIAN_POINT('',(0.102876306918258,0.0007,0.0260654914855081));
#12834=CARTESIAN_POINT('',(0.102876306918258,0.0007,0.0260654914855081));
#12835=CARTESIAN_POINT('',(0.103927997918258,0.0007,0.0265187694855078));
#12836=CARTESIAN_POINT('',(0.103927997918258,0.,0.0265187694855078));
#12837=CARTESIAN_POINT('',(0.104979688918258,0.,0.0269720474855078));
#12838=CARTESIAN_POINT('',(0.103927997918258,0.0007,0.0265187694855078));
#12839=CARTESIAN_POINT('',(0.104979688918258,0.0007,0.0269720474855078));
#12840=CARTESIAN_POINT('',(0.104979688918258,0.0007,0.0269720474855078));
#12841=CARTESIAN_POINT('',(0.105772933418259,0.0007,0.0274831384855082));
#12842=CARTESIAN_POINT('',(0.105772933418259,0.,0.0274831384855082));
#12843=CARTESIAN_POINT('',(0.106566177918259,0.,0.0279942294855083));
#12844=CARTESIAN_POINT('',(0.105772933418259,0.0007,0.0274831384855082));
#12845=CARTESIAN_POINT('',(0.106566177918259,0.0007,0.0279942294855083));
#12846=CARTESIAN_POINT('',(0.106566177918259,0.0007,0.0279942294855083));
#12847=CARTESIAN_POINT('',(0.107146257418258,0.0007,0.0285905974855078));
#12848=CARTESIAN_POINT('',(0.107146257418258,0.,0.0285905974855078));
#12849=CARTESIAN_POINT('',(0.107726336918258,0.,0.0291869654855078));
#12850=CARTESIAN_POINT('',(0.107146257418258,0.0007,0.0285905974855078));
#12851=CARTESIAN_POINT('',(0.107726336918258,0.0007,0.0291869654855078));
#12852=CARTESIAN_POINT('',(0.107726336918258,0.0007,0.0291869654855078));
#12853=CARTESIAN_POINT('',(0.108140598918259,0.0007,0.0298950839855081));
#12854=CARTESIAN_POINT('',(0.108140598918259,0.,0.0298950839855081));
#12855=CARTESIAN_POINT('',(0.108554860918259,0.,0.0306032024855081));
#12856=CARTESIAN_POINT('',(0.108140598918259,0.0007,0.0298950839855081));
#12857=CARTESIAN_POINT('',(0.108554860918259,0.0007,0.0306032024855081));
#12858=CARTESIAN_POINT('',(0.108554860918259,0.0007,0.0306032024855081));
#12859=CARTESIAN_POINT('',(0.108803370918259,0.0007,0.031423199985508));
#12860=CARTESIAN_POINT('',(0.108803370918259,0.,0.031423199985508));
#12861=CARTESIAN_POINT('',(0.109051880918259,0.,0.0322431974855081));
#12862=CARTESIAN_POINT('',(0.108803370918259,0.0007,0.031423199985508));
#12863=CARTESIAN_POINT('',(0.109051880918259,0.0007,0.0322431974855081));
#12864=CARTESIAN_POINT('',(0.109051880918259,0.0007,0.0322431974855081));
#12865=CARTESIAN_POINT('',(0.109134703418258,0.0007,0.033175204485508));
#12866=CARTESIAN_POINT('',(0.109134703418258,0.,0.033175204485508));
#12867=CARTESIAN_POINT('',(0.109217525918258,0.,0.0341072114855079));
#12868=CARTESIAN_POINT('',(0.109134703418258,0.0007,0.033175204485508));
#12869=CARTESIAN_POINT('',(0.109217525918258,0.0007,0.0341072114855079));
#12870=CARTESIAN_POINT('',(0.109217525918258,0.0007,0.0341072114855079));
#12871=CARTESIAN_POINT('',(0.0757637779182586,0.0007,-0.00452296101449201));
#12872=CARTESIAN_POINT('',(0.0764367319182585,0.0007,-0.00534329151449209));
#12873=CARTESIAN_POINT('',(0.0764367319182585,0.0007,-0.00534329151449209));
#12874=CARTESIAN_POINT('',(0.0757637779182586,0.0007,-0.00452296101449201));
#12875=CARTESIAN_POINT('',(0.0750908239182586,0.0007,-0.00370263051449199));
#12876=CARTESIAN_POINT('',(0.0750908239182586,0.0007,-0.00370263051449199));
#12877=CARTESIAN_POINT('',(0.0745075449182585,0.0007,-0.00280020751449197));
#12878=CARTESIAN_POINT('',(0.0745075449182585,0.0007,-0.00280020751449197));
#12879=CARTESIAN_POINT('',(0.0739242659182587,0.0007,-0.00189778451449196));
#12880=CARTESIAN_POINT('',(0.0739242659182587,0.0007,-0.00189778451449196));
#12881=CARTESIAN_POINT('',(0.0734306774182587,0.0007,-0.000913276514491981));
#12882=CARTESIAN_POINT('',(0.0734306774182587,0.0007,-0.000913276514491981));
#12883=CARTESIAN_POINT('',(0.0729370889182585,0.0007,7.12314855080415E-5));
#12884=CARTESIAN_POINT('',(0.0729370889182585,0.0007,7.12314855080415E-5));
#12885=CARTESIAN_POINT('',(0.0725332079182585,0.0007,0.00113781598550811));
#12886=CARTESIAN_POINT('',(0.0725332079182585,0.0007,0.00113781598550811));
#12887=CARTESIAN_POINT('',(0.0721293269182585,0.0007,0.00220440048550807));
#12888=CARTESIAN_POINT('',(0.0721293269182585,0.0007,0.00220440048550807));
#12889=CARTESIAN_POINT('',(0.0718151689182585,0.0007,0.00335305398550804));
#12890=CARTESIAN_POINT('',(0.0718151689182585,0.0007,0.00335305398550804));
#12891=CARTESIAN_POINT('',(0.0715010109182583,0.0007,0.00450170748550788));
#12892=CARTESIAN_POINT('',(0.0715010109182583,0.0007,0.00450170748550788));
#12893=CARTESIAN_POINT('',(0.0712765924182583,0.0007,0.00573242148550789));
#12894=CARTESIAN_POINT('',(0.0712765924182583,0.0007,0.00573242148550789));
#12895=CARTESIAN_POINT('',(0.0710521739182585,0.0007,0.00696313548550799));
#12896=CARTESIAN_POINT('',(0.0710521739182585,0.0007,0.00696313548550799));
#12897=CARTESIAN_POINT('',(0.0709175109182585,0.0007,0.00827590248550797));
#12898=CARTESIAN_POINT('',(0.0709175109182585,0.0007,0.00827590248550797));
#12899=CARTESIAN_POINT('',(0.0707828479182584,0.0007,0.00958866948550794));
#12900=CARTESIAN_POINT('',(0.0707828479182584,0.0007,0.00958866948550794));
#12901=CARTESIAN_POINT('',(0.0707379564182584,0.0007,0.0109834804855079));
#12902=CARTESIAN_POINT('',(0.0707379564182584,0.0007,0.0109834804855079));
#12903=CARTESIAN_POINT('',(0.0706930649182584,0.0007,0.0123782914855079));
#12904=CARTESIAN_POINT('',(0.0706930649182584,0.0007,0.0123782914855079));
#12905=CARTESIAN_POINT('',(0.0706930649182584,0.0007,0.0315771314855079));
#12906=CARTESIAN_POINT('',(0.0706930649182584,0.0007,0.0315771314855079));
#12907=CARTESIAN_POINT('',(0.0706930649182584,0.0007,0.050775971485508));
#12908=CARTESIAN_POINT('',(0.0706930649182584,0.0007,0.050775971485508));
#12909=CARTESIAN_POINT('',(0.0781620369182584,0.0007,0.050775971485508));
#12910=CARTESIAN_POINT('',(0.0781620369182584,0.0007,0.050775971485508));
#12911=CARTESIAN_POINT('',(0.0856310089182585,0.0007,0.0507759714855078));
#12912=CARTESIAN_POINT('',(0.0856310089182585,0.0007,0.0507759714855078));
#12913=CARTESIAN_POINT('',(0.0859410679182585,0.0007,0.0495097259855079));
#12914=CARTESIAN_POINT('',(0.0859410679182585,0.0007,0.0495097259855079));
#12915=CARTESIAN_POINT('',(0.0862511269182586,0.0007,0.048243480485508));
#12916=CARTESIAN_POINT('',(0.0862511269182586,0.0007,0.048243480485508));
#12917=CARTESIAN_POINT('',(0.0864371619182586,0.0007,0.046792232985508));
#12918=CARTESIAN_POINT('',(0.0864371619182586,0.0007,0.046792232985508));
#12919=CARTESIAN_POINT('',(0.0866231969182584,0.0007,0.0453409854855082));
#12920=CARTESIAN_POINT('',(0.0866231969182584,0.0007,0.0453409854855082));
#12921=CARTESIAN_POINT('',(0.0873909909182584,0.0007,0.0460782899855082));
#12922=CARTESIAN_POINT('',(0.0873909909182584,0.0007,0.0460782899855082));
#12923=CARTESIAN_POINT('',(0.0881587849182584,0.0007,0.046815594485508));
#12924=CARTESIAN_POINT('',(0.0881587849182584,0.0007,0.046815594485508));
#12925=CARTESIAN_POINT('',(0.0890421404182583,0.0007,0.047483458985508));
#12926=CARTESIAN_POINT('',(0.0890421404182583,0.0007,0.047483458985508));
#12927=CARTESIAN_POINT('',(0.0899254959182584,0.0007,0.0481513234855083));
#12928=CARTESIAN_POINT('',(0.0899254959182584,0.0007,0.0481513234855083));
#12929=CARTESIAN_POINT('',(0.0909244769182584,0.0007,0.0487498124855083));
#12930=CARTESIAN_POINT('',(0.0909244769182584,0.0007,0.0487498124855083));
#12931=CARTESIAN_POINT('',(0.0919234579182587,0.0007,0.0493483014855082));
#12932=CARTESIAN_POINT('',(0.0919234579182587,0.0007,0.0493483014855082));
#12933=CARTESIAN_POINT('',(0.0930381299182586,0.0007,0.0498774794855082));
#12934=CARTESIAN_POINT('',(0.0930381299182586,0.0007,0.0498774794855082));
#12935=CARTESIAN_POINT('',(0.0941528019182582,0.0007,0.0504066574855079));
#12936=CARTESIAN_POINT('',(0.0941528019182582,0.0007,0.0504066574855079));
#12937=CARTESIAN_POINT('',(0.0953721084182583,0.0007,0.0508381344855079));
#12938=CARTESIAN_POINT('',(0.0953721084182583,0.0007,0.0508381344855079));
#12939=CARTESIAN_POINT('',(0.0965914149182585,0.0007,0.051269611485508));
#12940=CARTESIAN_POINT('',(0.0965914149182585,0.0007,0.051269611485508));
#12941=CARTESIAN_POINT('',(0.0979032219182584,0.0007,0.051577968985508));
#12942=CARTESIAN_POINT('',(0.0979032219182584,0.0007,0.051577968985508));
#12943=CARTESIAN_POINT('',(0.0992150289182583,0.0007,0.051886326485508));
#12944=CARTESIAN_POINT('',(0.0992150289182583,0.0007,0.051886326485508));
#12945=CARTESIAN_POINT('',(0.100619336918258,0.0007,0.052071435985508));
#12946=CARTESIAN_POINT('',(0.100619336918258,0.0007,0.052071435985508));
#12947=CARTESIAN_POINT('',(0.10202364491826,0.0007,0.052256545485508));
#12948=CARTESIAN_POINT('',(0.10202364491826,0.0007,0.052256545485508));
#12949=CARTESIAN_POINT('',(0.103520453418259,0.0007,0.052318276985508));
#12950=CARTESIAN_POINT('',(0.103520453418259,0.0007,0.052318276985508));
#12951=CARTESIAN_POINT('',(0.105017261918259,0.0007,0.0523800084855079));
#12952=CARTESIAN_POINT('',(0.105017261918259,0.0007,0.0523800084855079));
#12953=CARTESIAN_POINT('',(0.106271611418259,0.0007,0.0523438349855079));
#12954=CARTESIAN_POINT('',(0.106271611418259,0.0007,0.0523438349855079));
#12955=CARTESIAN_POINT('',(0.107525960918258,0.0007,0.0523076614855081));
#12956=CARTESIAN_POINT('',(0.107525960918258,0.0007,0.0523076614855081));
#12957=CARTESIAN_POINT('',(0.108695366918258,0.0007,0.0521991409855081));
#12958=CARTESIAN_POINT('',(0.108695366918258,0.0007,0.0521991409855081));
#12959=CARTESIAN_POINT('',(0.109864772918259,0.0007,0.0520906204855081));
#12960=CARTESIAN_POINT('',(0.109864772918259,0.0007,0.0520906204855081));
#12961=CARTESIAN_POINT('',(0.110949235918259,0.0007,0.0519097529855081));
#12962=CARTESIAN_POINT('',(0.110949235918259,0.0007,0.0519097529855081));
#12963=CARTESIAN_POINT('',(0.112033698918259,0.0007,0.0517288854855079));
#12964=CARTESIAN_POINT('',(0.112033698918259,0.0007,0.0517288854855079));
#12965=CARTESIAN_POINT('',(0.113033218918259,0.0007,0.0514756709855078));
#12966=CARTESIAN_POINT('',(0.113033218918259,0.0007,0.0514756709855078));
#12967=CARTESIAN_POINT('',(0.114032738918259,0.0007,0.051222456485508));
#12968=CARTESIAN_POINT('',(0.114032738918259,0.0007,0.051222456485508));
#12969=CARTESIAN_POINT('',(0.114947315418259,0.0007,0.050896894485508));
#12970=CARTESIAN_POINT('',(0.114947315418259,0.0007,0.050896894485508));
#12971=CARTESIAN_POINT('',(0.115861891918259,0.0007,0.0505713324855079));
#12972=CARTESIAN_POINT('',(0.115861891918259,0.0007,0.0505713324855079));
#12973=CARTESIAN_POINT('',(0.116691524918259,0.0007,0.0501734239855079));
#12974=CARTESIAN_POINT('',(0.116691524918259,0.0007,0.0501734239855079));
#12975=CARTESIAN_POINT('',(0.117521157918259,0.0007,0.0497755154855079));
#12976=CARTESIAN_POINT('',(0.117521157918259,0.0007,0.0497755154855079));
#12977=CARTESIAN_POINT('',(0.118265848418259,0.0007,0.0493052594855078));
#12978=CARTESIAN_POINT('',(0.118265848418259,0.0007,0.0493052594855078));
#12979=CARTESIAN_POINT('',(0.119010538918258,0.0007,0.0488350034855078));
#12980=CARTESIAN_POINT('',(0.119010538918258,0.0007,0.0488350034855078));
#12981=CARTESIAN_POINT('',(0.119670285918258,0.0007,0.0482924004855078));
#12982=CARTESIAN_POINT('',(0.119670285918258,0.0007,0.0482924004855078));
#12983=CARTESIAN_POINT('',(0.120330032918259,0.0007,0.047749797485508));
#12984=CARTESIAN_POINT('',(0.120330032918259,0.0007,0.047749797485508));
#12985=CARTESIAN_POINT('',(0.120908940918259,0.0007,0.047149316985508));
#12986=CARTESIAN_POINT('',(0.120908940918259,0.0007,0.047149316985508));
#12987=CARTESIAN_POINT('',(0.121487848918259,0.0007,0.0465488364855075));
#12988=CARTESIAN_POINT('',(0.121487848918259,0.0007,0.0465488364855075));
#12989=CARTESIAN_POINT('',(0.121989516918259,0.0007,0.0459049479855076));
#12990=CARTESIAN_POINT('',(0.121989516918259,0.0007,0.0459049479855076));
#12991=CARTESIAN_POINT('',(0.122491184918259,0.0007,0.0452610594855075));
#12992=CARTESIAN_POINT('',(0.122491184918259,0.0007,0.0452610594855075));
#12993=CARTESIAN_POINT('',(0.122915628918259,0.0007,0.0445737624855076));
#12994=CARTESIAN_POINT('',(0.122915628918259,0.0007,0.0445737624855076));
#12995=CARTESIAN_POINT('',(0.123340072918258,0.0007,0.0438864654855078));
#12996=CARTESIAN_POINT('',(0.123340072918258,0.0007,0.0438864654855078));
#12997=CARTESIAN_POINT('',(0.123687309418258,0.0007,0.0431557599855078));
#12998=CARTESIAN_POINT('',(0.123687309418258,0.0007,0.0431557599855078));
#12999=CARTESIAN_POINT('',(0.124034545918258,0.0007,0.0424250544855077));
#13000=CARTESIAN_POINT('',(0.124034545918258,0.0007,0.0424250544855077));
#13001=CARTESIAN_POINT('',(0.124304590418258,0.0007,0.0416509409855077));
#13002=CARTESIAN_POINT('',(0.124304590418258,0.0007,0.0416509409855077));
#13003=CARTESIAN_POINT('',(0.124574634918259,0.0007,0.0408768274855079));
#13004=CARTESIAN_POINT('',(0.124574634918259,0.0007,0.0408768274855079));
#13005=CARTESIAN_POINT('',(0.124767503918259,0.0007,0.0400593059855079));
#13006=CARTESIAN_POINT('',(0.124767503918259,0.0007,0.0400593059855079));
#13007=CARTESIAN_POINT('',(0.124960372918258,0.0007,0.0392417844855078));
#13008=CARTESIAN_POINT('',(0.124960372918258,0.0007,0.0392417844855078));
#13009=CARTESIAN_POINT('',(0.125076082418258,0.0007,0.0383808544855078));
#13010=CARTESIAN_POINT('',(0.125076082418258,0.0007,0.0383808544855078));
#13011=CARTESIAN_POINT('',(0.125191791918258,0.0007,0.0375199244855079));
#13012=CARTESIAN_POINT('',(0.125191791918258,0.0007,0.0375199244855079));
#13013=CARTESIAN_POINT('',(0.125230358418258,0.0007,0.0366155864855079));
#13014=CARTESIAN_POINT('',(0.125230358418258,0.0007,0.0366155864855079));
#13015=CARTESIAN_POINT('',(0.125268924918259,0.0007,0.0357112484855079));
#13016=CARTESIAN_POINT('',(0.125268924918259,0.0007,0.0357112484855079));
#13017=CARTESIAN_POINT('',(0.125205362418259,0.0007,0.0341565729855079));
#13018=CARTESIAN_POINT('',(0.125205362418259,0.0007,0.0341565729855079));
#13019=CARTESIAN_POINT('',(0.125141799918259,0.0007,0.0326018974855081));
#13020=CARTESIAN_POINT('',(0.125141799918259,0.0007,0.0326018974855081));
#13021=CARTESIAN_POINT('',(0.124951113918259,0.0007,0.031209033485508));
#13022=CARTESIAN_POINT('',(0.124951113918259,0.0007,0.031209033485508));
#13023=CARTESIAN_POINT('',(0.124760427918258,0.0007,0.0298161694855079));
#13024=CARTESIAN_POINT('',(0.124760427918258,0.0007,0.0298161694855079));
#13025=CARTESIAN_POINT('',(0.124442617918258,0.0007,0.028585182485508));
#13026=CARTESIAN_POINT('',(0.124442617918258,0.0007,0.028585182485508));
#13027=CARTESIAN_POINT('',(0.124124807918259,0.0007,0.0273541954855081));
#13028=CARTESIAN_POINT('',(0.124124807918259,0.0007,0.0273541954855081));
#13029=CARTESIAN_POINT('',(0.123679873418259,0.0007,0.026285148985508));
#13030=CARTESIAN_POINT('',(0.123679873418259,0.0007,0.026285148985508));
#13031=CARTESIAN_POINT('',(0.123234938918258,0.0007,0.025216102485508));
#13032=CARTESIAN_POINT('',(0.123234938918258,0.0007,0.025216102485508));
#13033=CARTESIAN_POINT('',(0.122671406918258,0.0007,0.0242840959855079));
#13034=CARTESIAN_POINT('',(0.122671406918258,0.0007,0.0242840959855079));
#13035=CARTESIAN_POINT('',(0.122107874918258,0.0007,0.0233520894855078));
#13036=CARTESIAN_POINT('',(0.122107874918258,0.0007,0.0233520894855078));
#13037=CARTESIAN_POINT('',(0.121436339418258,0.0007,0.0225320919855078));
#13038=CARTESIAN_POINT('',(0.121436339418258,0.0007,0.0225320919855078));
#13039=CARTESIAN_POINT('',(0.120764803918259,0.0007,0.021712094485508));
#13040=CARTESIAN_POINT('',(0.120764803918259,0.0007,0.021712094485508));
#13041=CARTESIAN_POINT('',(0.119985264418259,0.0007,0.021003975985508));
#13042=CARTESIAN_POINT('',(0.119985264418259,0.0007,0.021003975985508));
#13043=CARTESIAN_POINT('',(0.119205724918258,0.0007,0.0202958574855082));
#13044=CARTESIAN_POINT('',(0.119205724918258,0.0007,0.0202958574855082));
#13045=CARTESIAN_POINT('',(0.118318181418258,0.0007,0.0196994894855082));
#13046=CARTESIAN_POINT('',(0.118318181418258,0.0007,0.0196994894855082));
#13047=CARTESIAN_POINT('',(0.117430637918259,0.0007,0.019103121485508));
#13048=CARTESIAN_POINT('',(0.117430637918259,0.0007,0.019103121485508));
#13049=CARTESIAN_POINT('',(0.116445921418259,0.0007,0.0185978549855079));
#13050=CARTESIAN_POINT('',(0.116445921418259,0.0007,0.0185978549855079));
#13051=CARTESIAN_POINT('',(0.115461204918259,0.0007,0.0180925884855082));
#13052=CARTESIAN_POINT('',(0.115461204918259,0.0007,0.0180925884855082));
#13053=CARTESIAN_POINT('',(0.114392126418259,0.0007,0.0176568264855082));
#13054=CARTESIAN_POINT('',(0.114392126418259,0.0007,0.0176568264855082));
#13055=CARTESIAN_POINT('',(0.113323047918258,0.0007,0.0172210644855081));
#13056=CARTESIAN_POINT('',(0.113323047918258,0.0007,0.0172210644855081));
#13057=CARTESIAN_POINT('',(0.112169478918258,0.0007,0.0168548074855082));
#13058=CARTESIAN_POINT('',(0.112169478918258,0.0007,0.0168548074855082));
#13059=CARTESIAN_POINT('',(0.111015909918259,0.0007,0.016488550485508));
#13060=CARTESIAN_POINT('',(0.111015909918259,0.0007,0.016488550485508));
#13061=CARTESIAN_POINT('',(0.109777719918259,0.0007,0.016191798485508));
#13062=CARTESIAN_POINT('',(0.109777719918259,0.0007,0.016191798485508));
#13063=CARTESIAN_POINT('',(0.108539529918259,0.0007,0.015895046485508));
#13064=CARTESIAN_POINT('',(0.108539529918259,0.0007,0.015895046485508));
#13065=CARTESIAN_POINT('',(0.105860621918259,0.0007,0.015394387985508));
#13066=CARTESIAN_POINT('',(0.105860621918259,0.0007,0.015394387985508));
#13067=CARTESIAN_POINT('',(0.103181713918259,0.0007,0.014893729485508));
#13068=CARTESIAN_POINT('',(0.103181713918259,0.0007,0.014893729485508));
#13069=CARTESIAN_POINT('',(0.100271295418259,0.0007,0.0144380289855079));
#13070=CARTESIAN_POINT('',(0.100271295418259,0.0007,0.0144380289855079));
#13071=CARTESIAN_POINT('',(0.0973608769182589,0.0007,0.0139823284855079));
#13072=CARTESIAN_POINT('',(0.0973608769182589,0.0007,0.0139823284855079));
#13073=CARTESIAN_POINT('',(0.0959725999182592,0.0007,0.0137469419855081));
#13074=CARTESIAN_POINT('',(0.0959725999182592,0.0007,0.0137469419855081));
#13075=CARTESIAN_POINT('',(0.0945843229182592,0.0007,0.0135115554855081));
#13076=CARTESIAN_POINT('',(0.0945843229182592,0.0007,0.0135115554855081));
#13077=CARTESIAN_POINT('',(0.093442606418259,0.0007,0.0132374119855081));
#13078=CARTESIAN_POINT('',(0.093442606418259,0.0007,0.0132374119855081));
#13079=CARTESIAN_POINT('',(0.092300889918259,0.0007,0.0129632684855081));
#13080=CARTESIAN_POINT('',(0.092300889918259,0.0007,0.0129632684855081));
#13081=CARTESIAN_POINT('',(0.091405799918259,0.0007,0.0126503674855081));
#13082=CARTESIAN_POINT('',(0.091405799918259,0.0007,0.0126503674855081));
#13083=CARTESIAN_POINT('',(0.0905107099182592,0.0007,0.0123374664855081));
#13084=CARTESIAN_POINT('',(0.0905107099182592,0.0007,0.0123374664855081));
#13085=CARTESIAN_POINT('',(0.0898623099182585,0.0007,0.0119858079855082));
#13086=CARTESIAN_POINT('',(0.0898623099182585,0.0007,0.0119858079855082));
#13087=CARTESIAN_POINT('',(0.0892139099182584,0.0007,0.0116341494855082));
#13088=CARTESIAN_POINT('',(0.0892139099182584,0.0007,0.0116341494855082));
#13089=CARTESIAN_POINT('',(0.0887545064182586,0.0007,0.0112134924855083));
#13090=CARTESIAN_POINT('',(0.0887545064182586,0.0007,0.0112134924855083));
#13091=CARTESIAN_POINT('',(0.0882951029182586,0.0007,0.0107928354855083));
#13092=CARTESIAN_POINT('',(0.0882951029182586,0.0007,0.0107928354855083));
#13093=CARTESIAN_POINT('',(0.0879669574182584,0.0007,0.0102718614855083));
#13094=CARTESIAN_POINT('',(0.0879669574182584,0.0007,0.0102718614855083));
#13095=CARTESIAN_POINT('',(0.0876388119182583,0.0007,0.00975088748550831));
#13096=CARTESIAN_POINT('',(0.0876388119182583,0.0007,0.00975088748550831));
#13097=CARTESIAN_POINT('',(0.0874419244182584,0.0007,0.00912953198550811));
#13098=CARTESIAN_POINT('',(0.0874419244182584,0.0007,0.00912953198550811));
#13099=CARTESIAN_POINT('',(0.0872450369182585,0.0007,0.0085081764855081));
#13100=CARTESIAN_POINT('',(0.0872450369182585,0.0007,0.0085081764855081));
#13101=CARTESIAN_POINT('',(0.0871794079182587,0.0007,0.007786374485508));
#13102=CARTESIAN_POINT('',(0.0871794079182587,0.0007,0.007786374485508));
#13103=CARTESIAN_POINT('',(0.0871137789182587,0.0007,0.00706457248550798));
#13104=CARTESIAN_POINT('',(0.0871137789182587,0.0007,0.00706457248550798));
#13105=CARTESIAN_POINT('',(0.0872005954182585,0.0007,0.00636510998550793));
#13106=CARTESIAN_POINT('',(0.0872005954182585,0.0007,0.00636510998550793));
#13107=CARTESIAN_POINT('',(0.0872874119182584,0.0007,0.00566564748550792));
#13108=CARTESIAN_POINT('',(0.0872874119182584,0.0007,0.00566564748550792));
#13109=CARTESIAN_POINT('',(0.0875478614182583,0.0007,0.0050471879855077));
#13110=CARTESIAN_POINT('',(0.0875478614182583,0.0007,0.0050471879855077));
#13111=CARTESIAN_POINT('',(0.0878083109182583,0.0007,0.00442872848550771));
#13112=CARTESIAN_POINT('',(0.0878083109182583,0.0007,0.00442872848550771));
#13113=CARTESIAN_POINT('',(0.0882423929182584,0.0007,0.00389114248550797));
#13114=CARTESIAN_POINT('',(0.0882423929182584,0.0007,0.00389114248550797));
#13115=CARTESIAN_POINT('',(0.0886764749182584,0.0007,0.00335355648550794));
#13116=CARTESIAN_POINT('',(0.0886764749182584,0.0007,0.00335355648550794));
#13117=CARTESIAN_POINT('',(0.0892841904182586,0.0007,0.00289671498550781));
#13118=CARTESIAN_POINT('',(0.0892841904182586,0.0007,0.00289671498550781));
#13119=CARTESIAN_POINT('',(0.0898919059182586,0.0007,0.00243987348550787));
#13120=CARTESIAN_POINT('',(0.0898919059182586,0.0007,0.00243987348550787));
#13121=CARTESIAN_POINT('',(0.0906462424182585,0.0007,0.00207452098550792));
#13122=CARTESIAN_POINT('',(0.0906462424182585,0.0007,0.00207452098550792));
#13123=CARTESIAN_POINT('',(0.0914005789182586,0.0007,0.0017091684855079));
#13124=CARTESIAN_POINT('',(0.0914005789182586,0.0007,0.0017091684855079));
#13125=CARTESIAN_POINT('',(0.0922744814182583,0.0007,0.00144820198550798));
#13126=CARTESIAN_POINT('',(0.0922744814182583,0.0007,0.00144820198550798));
#13127=CARTESIAN_POINT('',(0.0931483839182583,0.0007,0.00118723548550796));
#13128=CARTESIAN_POINT('',(0.0931483839182583,0.0007,0.00118723548550796));
#13129=CARTESIAN_POINT('',(0.0941417889182589,0.0007,0.00103065598550791));
#13130=CARTESIAN_POINT('',(0.0941417889182589,0.0007,0.00103065598550791));
#13131=CARTESIAN_POINT('',(0.0951351939182589,0.0007,0.00087407648550792));
#13132=CARTESIAN_POINT('',(0.0951351939182589,0.0007,0.00087407648550792));
#13133=CARTESIAN_POINT('',(0.0962480354182583,0.0007,0.000821883485507944));
#13134=CARTESIAN_POINT('',(0.0962480354182583,0.0007,0.000821883485507944));
#13135=CARTESIAN_POINT('',(0.0973608769182582,0.0007,0.000769690485507957));
#13136=CARTESIAN_POINT('',(0.0973608769182582,0.0007,0.000769690485507957));
#13137=CARTESIAN_POINT('',(0.0986272089182582,0.0007,0.000846924985508006));
#13138=CARTESIAN_POINT('',(0.0986272089182582,0.0007,0.000846924985508006));
#13139=CARTESIAN_POINT('',(0.0998935409182581,0.0007,0.000924159485508003));
#13140=CARTESIAN_POINT('',(0.0998935409182581,0.0007,0.000924159485508003));
#13141=CARTESIAN_POINT('',(0.100974354418259,0.0007,0.00115577798550806));
#13142=CARTESIAN_POINT('',(0.100974354418259,0.0007,0.00115577798550806));
#13143=CARTESIAN_POINT('',(0.102055167918259,0.0007,0.00138739648550809));
#13144=CARTESIAN_POINT('',(0.102055167918259,0.0007,0.00138739648550809));
#13145=CARTESIAN_POINT('',(0.102950462418259,0.0007,0.00177326898550821));
#13146=CARTESIAN_POINT('',(0.102950462418259,0.0007,0.00177326898550821));
#13147=CARTESIAN_POINT('',(0.103845756918259,0.0007,0.0021591414855082));
#13148=CARTESIAN_POINT('',(0.103845756918259,0.0007,0.0021591414855082));
#13149=CARTESIAN_POINT('',(0.104555532918258,0.0007,0.00269913848550818));
#13150=CARTESIAN_POINT('',(0.104555532918258,0.0007,0.00269913848550818));
#13151=CARTESIAN_POINT('',(0.105265308918258,0.0007,0.00323913548550822));
#13152=CARTESIAN_POINT('',(0.105265308918258,0.0007,0.00323913548550822));
#13153=CARTESIAN_POINT('',(0.105824954418259,0.0007,0.00390678498550787));
#13154=CARTESIAN_POINT('',(0.105824954418259,0.0007,0.00390678498550787));
#13155=CARTESIAN_POINT('',(0.106384599918259,0.0007,0.00457443448550784));
#13156=CARTESIAN_POINT('',(0.106384599918259,0.0007,0.00457443448550784));
#13157=CARTESIAN_POINT('',(0.106828425418258,0.0007,0.00534227148550789));
#13158=CARTESIAN_POINT('',(0.106828425418258,0.0007,0.00534227148550789));
#13159=CARTESIAN_POINT('',(0.107272250918258,0.0007,0.00611010848550794));
#13160=CARTESIAN_POINT('',(0.107272250918258,0.0007,0.00611010848550794));
#13161=CARTESIAN_POINT('',(0.107600191918258,0.0007,0.00697806848550797));
#13162=CARTESIAN_POINT('',(0.107600191918258,0.0007,0.00697806848550797));
#13163=CARTESIAN_POINT('',(0.107928132918258,0.0007,0.00784602848550794));
#13164=CARTESIAN_POINT('',(0.107928132918258,0.0007,0.00784602848550794));
#13165=CARTESIAN_POINT('',(0.108140124918258,0.0007,0.00881404698550804));
#13166=CARTESIAN_POINT('',(0.108140124918258,0.0007,0.00881404698550804));
#13167=CARTESIAN_POINT('',(0.108352116918258,0.0007,0.009782065485508));
#13168=CARTESIAN_POINT('',(0.108352116918258,0.0007,0.009782065485508));
#13169=CARTESIAN_POINT('',(0.115821088418258,0.0007,0.00978206548550795));
#13170=CARTESIAN_POINT('',(0.115821088418258,0.0007,0.00978206548550795));
#13171=CARTESIAN_POINT('',(0.123290059918258,0.0007,0.00978206548550794));
#13172=CARTESIAN_POINT('',(0.123290059918258,0.0007,0.00978206548550794));
#13173=CARTESIAN_POINT('',(0.123182831418258,0.0007,0.008254778485508));
#13174=CARTESIAN_POINT('',(0.123182831418258,0.0007,0.008254778485508));
#13175=CARTESIAN_POINT('',(0.123075602918258,0.0007,0.006727491485508));
#13176=CARTESIAN_POINT('',(0.123075602918258,0.0007,0.006727491485508));
#13177=CARTESIAN_POINT('',(0.122813861918258,0.0007,0.005292769485508));
#13178=CARTESIAN_POINT('',(0.122813861918258,0.0007,0.005292769485508));
#13179=CARTESIAN_POINT('',(0.122552120918258,0.0007,0.00385804748550799));
#13180=CARTESIAN_POINT('',(0.122552120918258,0.0007,0.00385804748550799));
#13181=CARTESIAN_POINT('',(0.122135866918258,0.0007,0.00251595598550798));
#13182=CARTESIAN_POINT('',(0.122135866918258,0.0007,0.00251595598550798));
#13183=CARTESIAN_POINT('',(0.121719612918258,0.0007,0.00117386448550794));
#13184=CARTESIAN_POINT('',(0.121719612918258,0.0007,0.00117386448550794));
#13185=CARTESIAN_POINT('',(0.121148846418259,0.0007,-7.55325144919938E-5));
#13186=CARTESIAN_POINT('',(0.121148846418259,0.0007,-7.55325144919938E-5));
#13187=CARTESIAN_POINT('',(0.120578079918259,0.0007,-0.00132492951449206));
#13188=CARTESIAN_POINT('',(0.120578079918259,0.0007,-0.00132492951449206));
#13189=CARTESIAN_POINT('',(0.119829007918258,0.0007,-0.00246348051449174));
#13190=CARTESIAN_POINT('',(0.119829007918258,0.0007,-0.00246348051449174));
#13191=CARTESIAN_POINT('',(0.119079935918258,0.0007,-0.00360203151449184));
#13192=CARTESIAN_POINT('',(0.119079935918258,0.0007,-0.00360203151449184));
#13193=CARTESIAN_POINT('',(0.118130746918258,0.0007,-0.00460951801449226));
#13194=CARTESIAN_POINT('',(0.118130746918258,0.0007,-0.00460951801449226));
#13195=CARTESIAN_POINT('',(0.117181557918258,0.0007,-0.00561700451449232));
#13196=CARTESIAN_POINT('',(0.117181557918258,0.0007,-0.00561700451449232));
#13197=CARTESIAN_POINT('',(0.116032122418259,0.0007,-0.00649336201449198));
#13198=CARTESIAN_POINT('',(0.116032122418259,0.0007,-0.00649336201449198));
#13199=CARTESIAN_POINT('',(0.114882686918259,0.0007,-0.00736971951449195));
#13200=CARTESIAN_POINT('',(0.114882686918259,0.0007,-0.00736971951449195));
#13201=CARTESIAN_POINT('',(0.113532876418259,0.0007,-0.00811488301449193));
#13202=CARTESIAN_POINT('',(0.113532876418259,0.0007,-0.00811488301449193));
#13203=CARTESIAN_POINT('',(0.112183065918259,0.0007,-0.00886004651449199));
#13204=CARTESIAN_POINT('',(0.112183065918259,0.0007,-0.00886004651449199));
#13205=CARTESIAN_POINT('',(0.110608483918258,0.0007,-0.00945430451449231));
#13206=CARTESIAN_POINT('',(0.110608483918258,0.0007,-0.00945430451449231));
#13207=CARTESIAN_POINT('',(0.109033901918258,0.0007,-0.0100485625144923));
#13208=CARTESIAN_POINT('',(0.109033901918258,0.0007,-0.0100485625144923));
#13209=CARTESIAN_POINT('',(0.107212306418258,0.0007,-0.0104731925144921));
#13210=CARTESIAN_POINT('',(0.107212306418258,0.0007,-0.0104731925144921));
#13211=CARTESIAN_POINT('',(0.105390710918258,0.0007,-0.0108978225144921));
#13212=CARTESIAN_POINT('',(0.105390710918258,0.0007,-0.0108978225144921));
#13213=CARTESIAN_POINT('',(0.103322101918259,0.0007,-0.011152695014492));
#13214=CARTESIAN_POINT('',(0.103322101918259,0.0007,-0.011152695014492));
#13215=CARTESIAN_POINT('',(0.101253492918259,0.0007,-0.011407567514492));
#13216=CARTESIAN_POINT('',(0.101253492918259,0.0007,-0.011407567514492));
#13217=CARTESIAN_POINT('',(0.0989378704182588,0.0007,-0.011492554014492));
#13218=CARTESIAN_POINT('',(0.0989378704182588,0.0007,-0.011492554014492));
#13219=CARTESIAN_POINT('',(0.0966222479182588,0.0007,-0.0115775405144921));
#13220=CARTESIAN_POINT('',(0.0966222479182588,0.0007,-0.0115775405144921));
#13221=CARTESIAN_POINT('',(0.0948844344182584,0.0007,-0.011528835014492));
#13222=CARTESIAN_POINT('',(0.0948844344182584,0.0007,-0.011528835014492));
#13223=CARTESIAN_POINT('',(0.0931466209182584,0.0007,-0.011480129514492));
#13224=CARTESIAN_POINT('',(0.0931466209182584,0.0007,-0.011480129514492));
#13225=CARTESIAN_POINT('',(0.091544853918259,0.0007,-0.0113340145144921));
#13226=CARTESIAN_POINT('',(0.091544853918259,0.0007,-0.0113340145144921));
#13227=CARTESIAN_POINT('',(0.089943086918259,0.0007,-0.0111878995144921));
#13228=CARTESIAN_POINT('',(0.089943086918259,0.0007,-0.0111878995144921));
#13229=CARTESIAN_POINT('',(0.0884773739182589,0.0007,-0.0109443740144922));
#13230=CARTESIAN_POINT('',(0.0884773739182589,0.0007,-0.0109443740144922));
#13231=CARTESIAN_POINT('',(0.087011660918259,0.0007,-0.0107008485144922));
#13232=CARTESIAN_POINT('',(0.087011660918259,0.0007,-0.0107008485144922));
#13233=CARTESIAN_POINT('',(0.0856820109182588,0.0007,-0.0103599130144923));
#13234=CARTESIAN_POINT('',(0.0856820109182588,0.0007,-0.0103599130144923));
#13235=CARTESIAN_POINT('',(0.0843523609182588,0.0007,-0.0100189775144923));
#13236=CARTESIAN_POINT('',(0.0843523609182588,0.0007,-0.0100189775144923));
#13237=CARTESIAN_POINT('',(0.0831587814182585,0.0007,-0.00958063201449197));
#13238=CARTESIAN_POINT('',(0.0831587814182585,0.0007,-0.00958063201449197));
#13239=CARTESIAN_POINT('',(0.0819652019182584,0.0007,-0.00914228651449192));
#13240=CARTESIAN_POINT('',(0.0819652019182584,0.0007,-0.00914228651449192));
#13241=CARTESIAN_POINT('',(0.0809077009182583,0.0007,-0.00860653101449201));
#13242=CARTESIAN_POINT('',(0.0809077009182583,0.0007,-0.00860653101449201));
#13243=CARTESIAN_POINT('',(0.0798501999182583,0.0007,-0.00807077551449198));
#13244=CARTESIAN_POINT('',(0.0798501999182583,0.0007,-0.00807077551449198));
#13245=CARTESIAN_POINT('',(0.0789287854182583,0.0007,-0.00743760951449204));
#13246=CARTESIAN_POINT('',(0.0789287854182583,0.0007,-0.00743760951449204));
#13247=CARTESIAN_POINT('',(0.0780073709182583,0.0007,-0.00680444351449205));
#13248=CARTESIAN_POINT('',(0.0780073709182583,0.0007,-0.00680444351449205));
#13249=CARTESIAN_POINT('',(0.0772220514182585,0.0007,-0.00607386751449209));
#13250=CARTESIAN_POINT('',(0.0772220514182585,0.0007,-0.00607386751449209));
#13251=CARTESIAN_POINT('',(0.109156772418259,0.0007,0.0349031604855079));
#13252=CARTESIAN_POINT('',(0.109156772418259,0.,0.0349031604855079));
#13253=CARTESIAN_POINT('',(0.109156772418259,0.0007,0.0349031604855079));
#13254=CARTESIAN_POINT('',(-0.00558121323585506,0.0007,0.0146998918056488));
#13255=CARTESIAN_POINT('',(0.0604454314182583,0.0007,0.0204012344855076));
#13256=CARTESIAN_POINT('',(0.0495782149182584,0.0007,0.050775971485508));
#13257=CARTESIAN_POINT('',(0.0495782149182584,0.0007,0.050775971485508));
#13258=CARTESIAN_POINT('',(0.0604454314182583,0.0007,0.0204012344855076));
#13259=CARTESIAN_POINT('',(0.0713126479182583,0.0007,-0.00997350251449239));
#13260=CARTESIAN_POINT('',(0.0713126479182583,0.0007,-0.00997350251449239));
#13261=CARTESIAN_POINT('',(0.0623609059182584,0.0007,-0.00997350251449203));
#13262=CARTESIAN_POINT('',(0.0623609059182584,0.0007,-0.00997350251449203));
#13263=CARTESIAN_POINT('',(0.0534091639182585,0.0007,-0.00997350251449207));
#13264=CARTESIAN_POINT('',(0.0534091639182585,0.0007,-0.00997350251449207));
#13265=CARTESIAN_POINT('',(0.0470508919182585,0.0007,0.0100907459855079));
#13266=CARTESIAN_POINT('',(0.0470508919182585,0.0007,0.0100907459855079));
#13267=CARTESIAN_POINT('',(0.0406926199182585,0.0007,0.030154994485508));
#13268=CARTESIAN_POINT('',(0.0406926199182585,0.0007,0.030154994485508));
#13269=CARTESIAN_POINT('',(0.0342709579182586,0.0007,0.0100907459855079));
#13270=CARTESIAN_POINT('',(0.0342709579182586,0.0007,0.0100907459855079));
#13271=CARTESIAN_POINT('',(0.0278492959182584,0.0007,-0.00997350251449203));
#13272=CARTESIAN_POINT('',(0.0278492959182584,0.0007,-0.00997350251449203));
#13273=CARTESIAN_POINT('',(0.0193908919182584,0.0007,-0.00997350251449202));
#13274=CARTESIAN_POINT('',(0.0193908919182584,0.0007,-0.00997350251449202));
#13275=CARTESIAN_POINT('',(0.0109324879182584,0.0007,-0.00997350251449189));
#13276=CARTESIAN_POINT('',(0.0109324879182584,0.0007,-0.00997350251449189));
#13277=CARTESIAN_POINT('',(0.0218603379182585,0.0007,0.0204012344855082));
#13278=CARTESIAN_POINT('',(0.0218603379182585,0.0007,0.0204012344855082));
#13279=CARTESIAN_POINT('',(0.0327881879182585,0.0007,0.0507759714855083));
#13280=CARTESIAN_POINT('',(0.0327881879182585,0.0007,0.0507759714855083));
#13281=CARTESIAN_POINT('',(0.0411832014182585,0.0007,0.050775971485508));
#13282=CARTESIAN_POINT('',(0.0411832014182585,0.0007,0.050775971485508));
#13283=CARTESIAN_POINT('',(-0.00558121323585506,0.0007,0.0146998918056488));
#13284=CARTESIAN_POINT('',(-0.0202886880817412,0.0007,0.023338126485508));
#13285=CARTESIAN_POINT('',(-0.0202886880817412,0.,0.023338126485508));
#13286=CARTESIAN_POINT('',(-0.0217862180817414,0.,0.0229025474855078));
#13287=CARTESIAN_POINT('',(-0.0187911580817412,0.,0.023773705485508));
#13288=CARTESIAN_POINT('',(-0.0217862180817414,0.0007,0.0229025474855078));
#13289=CARTESIAN_POINT('',(-0.0217862180817414,0.0007,0.0229025474855078));
#13290=CARTESIAN_POINT('',(-0.0202886880817412,0.0007,0.023338126485508));
#13291=CARTESIAN_POINT('',(-0.0187911580817412,0.0007,0.023773705485508));
#13292=CARTESIAN_POINT('',(-0.0187911580817412,0.0007,0.023773705485508));
#13293=CARTESIAN_POINT('',(-0.0168919075817416,0.0007,0.024186223485508));
#13294=CARTESIAN_POINT('',(-0.0168919075817416,0.,0.024186223485508));
#13295=CARTESIAN_POINT('',(-0.0149926570817416,0.,0.0245987414855081));
#13296=CARTESIAN_POINT('',(-0.0168919075817416,0.0007,0.024186223485508));
#13297=CARTESIAN_POINT('',(-0.0149926570817416,0.0007,0.0245987414855081));
#13298=CARTESIAN_POINT('',(-0.0149926570817416,0.0007,0.0245987414855081));
#13299=CARTESIAN_POINT('',(-0.0134238780817416,0.0007,0.0249365869855081));
#13300=CARTESIAN_POINT('',(-0.0134238780817416,0.,0.0249365869855081));
#13301=CARTESIAN_POINT('',(-0.0118550990817412,0.,0.0252744324855082));
#13302=CARTESIAN_POINT('',(-0.0134238780817416,0.0007,0.0249365869855081));
#13303=CARTESIAN_POINT('',(-0.0118550990817412,0.0007,0.0252744324855082));
#13304=CARTESIAN_POINT('',(-0.0118550990817412,0.0007,0.0252744324855082));
#13305=CARTESIAN_POINT('',(-0.0105448960817412,0.0007,0.0256699619855082));
#13306=CARTESIAN_POINT('',(-0.0105448960817412,0.,0.0256699619855082));
#13307=CARTESIAN_POINT('',(-0.00923469308174085,0.,0.0260654914855082));
#13308=CARTESIAN_POINT('',(-0.0105448960817412,0.0007,0.0256699619855082));
#13309=CARTESIAN_POINT('',(-0.00923469308174085,0.0007,0.0260654914855082));
#13310=CARTESIAN_POINT('',(-0.00923469308174085,0.0007,0.0260654914855082));
#13311=CARTESIAN_POINT('',(-0.00818300208174078,0.0007,0.0265187694855081));
#13312=CARTESIAN_POINT('',(-0.00818300208174078,0.,0.0265187694855081));
#13313=CARTESIAN_POINT('',(-0.00713131108174109,0.,0.0269720474855082));
#13314=CARTESIAN_POINT('',(-0.00818300208174078,0.0007,0.0265187694855081));
#13315=CARTESIAN_POINT('',(-0.00713131108174109,0.0007,0.0269720474855082));
#13316=CARTESIAN_POINT('',(-0.00713131108174109,0.0007,0.0269720474855082));
#13317=CARTESIAN_POINT('',(-0.00633806658174116,0.0007,0.0274831384855081));
#13318=CARTESIAN_POINT('',(-0.00633806658174116,0.,0.0274831384855081));
#13319=CARTESIAN_POINT('',(-0.00554482208174129,0.,0.0279942294855078));
#13320=CARTESIAN_POINT('',(-0.00633806658174116,0.0007,0.0274831384855081));
#13321=CARTESIAN_POINT('',(-0.00554482208174129,0.0007,0.0279942294855078));
#13322=CARTESIAN_POINT('',(-0.00554482208174129,0.0007,0.0279942294855078));
#13323=CARTESIAN_POINT('',(-0.00496474258174129,0.0007,0.0285905974855077));
#13324=CARTESIAN_POINT('',(-0.00496474258174129,0.,0.0285905974855077));
#13325=CARTESIAN_POINT('',(-0.00438466308174168,0.,0.0291869654855083));
#13326=CARTESIAN_POINT('',(-0.00496474258174129,0.0007,0.0285905974855077));
#13327=CARTESIAN_POINT('',(-0.00438466308174168,0.0007,0.0291869654855083));
#13328=CARTESIAN_POINT('',(-0.00438466308174168,0.0007,0.0291869654855083));
#13329=CARTESIAN_POINT('',(-0.00397040108174168,0.0007,0.0298950839855083));
#13330=CARTESIAN_POINT('',(-0.00397040108174168,0.,0.0298950839855083));
#13331=CARTESIAN_POINT('',(-0.00355613908174178,0.,0.0306032024855083));
#13332=CARTESIAN_POINT('',(-0.00397040108174168,0.0007,0.0298950839855083));
#13333=CARTESIAN_POINT('',(-0.00355613908174178,0.0007,0.0306032024855083));
#13334=CARTESIAN_POINT('',(-0.00355613908174178,0.0007,0.0306032024855083));
#13335=CARTESIAN_POINT('',(-0.00330762908174182,0.0007,0.0314231999855082));
#13336=CARTESIAN_POINT('',(-0.00330762908174182,0.,0.0314231999855082));
#13337=CARTESIAN_POINT('',(-0.00305911908174179,0.,0.0322431974855081));
#13338=CARTESIAN_POINT('',(-0.00330762908174182,0.0007,0.0314231999855082));
#13339=CARTESIAN_POINT('',(-0.00305911908174179,0.0007,0.0322431974855081));
#13340=CARTESIAN_POINT('',(-0.00305911908174179,0.0007,0.0322431974855081));
#13341=CARTESIAN_POINT('',(-0.00297629658174177,0.0007,0.0331752044855081));
#13342=CARTESIAN_POINT('',(-0.00297629658174177,0.,0.0331752044855081));
#13343=CARTESIAN_POINT('',(-0.00289347408174128,0.,0.0341072114855079));
#13344=CARTESIAN_POINT('',(-0.00297629658174177,0.0007,0.0331752044855081));
#13345=CARTESIAN_POINT('',(-0.00289347408174128,0.0007,0.0341072114855079));
#13346=CARTESIAN_POINT('',(-0.00289347408174128,0.0007,0.0341072114855079));
#13347=CARTESIAN_POINT('',(-0.00295422758174128,0.0007,0.0349031604855079));
#13348=CARTESIAN_POINT('',(-0.00295422758174128,0.,0.0349031604855079));
#13349=CARTESIAN_POINT('',(-0.0030149810817417,0.,0.0356991094855079));
#13350=CARTESIAN_POINT('',(-0.00295422758174128,0.0007,0.0349031604855079));
#13351=CARTESIAN_POINT('',(-0.0030149810817417,0.0007,0.0356991094855079));
#13352=CARTESIAN_POINT('',(-0.0030149810817417,0.0007,0.0356991094855079));
#13353=CARTESIAN_POINT('',(-0.00319724708174169,0.0007,0.0363888799855078));
#13354=CARTESIAN_POINT('',(-0.00319724708174169,0.,0.0363888799855078));
#13355=CARTESIAN_POINT('',(-0.00337951308174136,0.,0.037078650485508));
#13356=CARTESIAN_POINT('',(-0.00319724708174169,0.0007,0.0363888799855078));
#13357=CARTESIAN_POINT('',(-0.00337951308174136,0.0007,0.037078650485508));
#13358=CARTESIAN_POINT('',(-0.00337951308174136,0.0007,0.037078650485508));
#13359=CARTESIAN_POINT('',(-0.00368329958174138,0.0007,0.037662258485508));
#13360=CARTESIAN_POINT('',(-0.00368329958174138,0.,0.037662258485508));
#13361=CARTESIAN_POINT('',(-0.00398708608174133,0.,0.0382458664855082));
#13362=CARTESIAN_POINT('',(-0.00368329958174138,0.0007,0.037662258485508));
#13363=CARTESIAN_POINT('',(-0.00398708608174133,0.0007,0.0382458664855082));
#13364=CARTESIAN_POINT('',(-0.00398708608174133,0.0007,0.0382458664855082));
#13365=CARTESIAN_POINT('',(-0.00441240058174134,0.0007,0.0387233269855081));
#13366=CARTESIAN_POINT('',(-0.00441240058174134,0.,0.0387233269855081));
#13367=CARTESIAN_POINT('',(-0.0048377150817413,0.,0.0392007874855077));
#13368=CARTESIAN_POINT('',(-0.00441240058174134,0.0007,0.0387233269855081));
#13369=CARTESIAN_POINT('',(-0.0048377150817413,0.0007,0.0392007874855077));
#13370=CARTESIAN_POINT('',(-0.0048377150817413,0.0007,0.0392007874855077));
#13371=CARTESIAN_POINT('',(-0.0053845665817413,0.0007,0.0395721179855077));
#13372=CARTESIAN_POINT('',(-0.0053845665817413,0.,0.0395721179855077));
#13373=CARTESIAN_POINT('',(-0.00593141808174141,0.,0.0399434484855079));
#13374=CARTESIAN_POINT('',(-0.0053845665817413,0.0007,0.0395721179855077));
#13375=CARTESIAN_POINT('',(-0.00593141808174141,0.0007,0.0399434484855079));
#13376=CARTESIAN_POINT('',(-0.00593141808174141,0.0007,0.0399434484855079));
#13377=CARTESIAN_POINT('',(-0.00659981408174129,0.0007,0.0402086644855079));
#13378=CARTESIAN_POINT('',(-0.00659981408174129,0.,0.0402086644855079));
#13379=CARTESIAN_POINT('',(-0.00726821008174128,0.,0.040473880485508));
#13380=CARTESIAN_POINT('',(-0.00659981408174129,0.0007,0.0402086644855079));
#13381=CARTESIAN_POINT('',(-0.00726821008174128,0.0007,0.040473880485508));
#13382=CARTESIAN_POINT('',(-0.00726821008174128,0.0007,0.040473880485508));
#13383=CARTESIAN_POINT('',(-0.00805815908174126,0.0007,0.0406329984855079));
#13384=CARTESIAN_POINT('',(-0.00805815908174126,0.,0.0406329984855079));
#13385=CARTESIAN_POINT('',(-0.00884810808174141,0.,0.0407921164855081));
#13386=CARTESIAN_POINT('',(-0.00805815908174126,0.0007,0.0406329984855079));
#13387=CARTESIAN_POINT('',(-0.00884810808174141,0.0007,0.0407921164855081));
#13388=CARTESIAN_POINT('',(-0.00884810808174141,0.0007,0.0407921164855081));
#13389=CARTESIAN_POINT('',(-0.00975961758174135,0.0007,0.0408451519855081));
#13390=CARTESIAN_POINT('',(-0.00975961758174135,0.,0.0408451519855081));
#13391=CARTESIAN_POINT('',(-0.0106711270817413,0.,0.0408981874855081));
#13392=CARTESIAN_POINT('',(-0.00975961758174135,0.0007,0.0408451519855081));
#13393=CARTESIAN_POINT('',(-0.0106711270817413,0.0007,0.0408981874855081));
#13394=CARTESIAN_POINT('',(-0.0106711270817413,0.0007,0.0408981874855081));
#13395=CARTESIAN_POINT('',(-0.0121506025817412,0.0007,0.0407746804855081));
#13396=CARTESIAN_POINT('',(-0.0121506025817412,0.,0.0407746804855081));
#13397=CARTESIAN_POINT('',(-0.013630078081741,0.,0.040651173485508));
#13398=CARTESIAN_POINT('',(-0.0121506025817412,0.0007,0.0407746804855081));
#13399=CARTESIAN_POINT('',(-0.013630078081741,0.0007,0.040651173485508));
#13400=CARTESIAN_POINT('',(-0.013630078081741,0.0007,0.040651173485508));
#13401=CARTESIAN_POINT('',(-0.0149823005817415,0.0007,0.0402806534855081));
#13402=CARTESIAN_POINT('',(-0.0149823005817415,0.,0.0402806534855081));
#13403=CARTESIAN_POINT('',(-0.0163345230817416,0.,0.0399101334855081));
#13404=CARTESIAN_POINT('',(-0.0149823005817415,0.0007,0.0402806534855081));
#13405=CARTESIAN_POINT('',(-0.0163345230817416,0.0007,0.0399101334855081));
#13406=CARTESIAN_POINT('',(-0.0163345230817416,0.0007,0.0399101334855081));
#13407=CARTESIAN_POINT('',(-0.0175593630817418,0.0007,0.039292599485508));
#13408=CARTESIAN_POINT('',(-0.0175593630817418,0.,0.039292599485508));
#13409=CARTESIAN_POINT('',(-0.0187842030817418,0.,0.038675065485508));
#13410=CARTESIAN_POINT('',(-0.0175593630817418,0.0007,0.039292599485508));
#13411=CARTESIAN_POINT('',(-0.0187842030817418,0.0007,0.038675065485508));
#13412=CARTESIAN_POINT('',(-0.0187842030817418,0.0007,0.038675065485508));
#13413=CARTESIAN_POINT('',(-0.0198815310817412,0.0007,0.0378105184855081));
#13414=CARTESIAN_POINT('',(-0.0198815310817412,0.,0.0378105184855081));
#13415=CARTESIAN_POINT('',(-0.0209788590817412,0.,0.0369459714855081));
#13416=CARTESIAN_POINT('',(-0.0198815310817412,0.0007,0.0378105184855081));
#13417=CARTESIAN_POINT('',(-0.0209788590817412,0.0007,0.0369459714855081));
#13418=CARTESIAN_POINT('',(-0.0209788590817412,0.0007,0.0369459714855081));
#13419=CARTESIAN_POINT('',(-0.0218881065817416,0.0007,0.0359155429855077));
#13420=CARTESIAN_POINT('',(-0.0218881065817416,0.,0.0359155429855077));
#13421=CARTESIAN_POINT('',(-0.0227973540817416,0.,0.0348851144855077));
#13422=CARTESIAN_POINT('',(-0.0218881065817416,0.0007,0.0359155429855077));
#13423=CARTESIAN_POINT('',(-0.0227973540817416,0.0007,0.0348851144855077));
#13424=CARTESIAN_POINT('',(-0.0227973540817416,0.0007,0.0348851144855077));
#13425=CARTESIAN_POINT('',(-0.0234559705817417,0.0007,0.0337699359855083));
#13426=CARTESIAN_POINT('',(-0.0234559705817417,0.,0.0337699359855083));
#13427=CARTESIAN_POINT('',(-0.0241145870817417,0.,0.0326547574855083));
#13428=CARTESIAN_POINT('',(-0.0234559705817417,0.0007,0.0337699359855083));
#13429=CARTESIAN_POINT('',(-0.0241145870817417,0.0007,0.0326547574855083));
#13430=CARTESIAN_POINT('',(-0.0241145870817417,0.0007,0.0326547574855083));
#13431=CARTESIAN_POINT('',(-0.0245225725817417,0.0007,0.0314548299855083));
#13432=CARTESIAN_POINT('',(-0.0245225725817417,0.,0.0314548299855083));
#13433=CARTESIAN_POINT('',(-0.0249305580817417,0.,0.0302549024855082));
#13434=CARTESIAN_POINT('',(-0.0245225725817417,0.0007,0.0314548299855083));
#13435=CARTESIAN_POINT('',(-0.0249305580817417,0.0007,0.0302549024855082));
#13436=CARTESIAN_POINT('',(-0.0249305580817417,0.0007,0.0302549024855082));
#13437=CARTESIAN_POINT('',(-0.0250879130817418,0.0007,0.028970225485508));
#13438=CARTESIAN_POINT('',(-0.0250879130817418,0.,0.028970225485508));
#13439=CARTESIAN_POINT('',(-0.0252452680817419,0.,0.027685548485508));
#13440=CARTESIAN_POINT('',(-0.0250879130817418,0.0007,0.028970225485508));
#13441=CARTESIAN_POINT('',(-0.0252452680817419,0.0007,0.027685548485508));
#13442=CARTESIAN_POINT('',(-0.0252452680817419,0.0007,0.027685548485508));
#13443=CARTESIAN_POINT('',(-0.0253059020817416,0.0007,0.024353450485508));
#13444=CARTESIAN_POINT('',(-0.0253059020817416,0.,0.024353450485508));
#13445=CARTESIAN_POINT('',(-0.0253665360817416,0.,0.021021352485508));
#13446=CARTESIAN_POINT('',(-0.0253059020817416,0.0007,0.024353450485508));
#13447=CARTESIAN_POINT('',(-0.0253665360817416,0.0007,0.021021352485508));
#13448=CARTESIAN_POINT('',(-0.0253665360817416,0.0007,0.021021352485508));
#13449=CARTESIAN_POINT('',(-0.0246722515817414,0.0007,0.0215032459855075));
#13450=CARTESIAN_POINT('',(-0.0246722515817414,0.,0.0215032459855075));
#13451=CARTESIAN_POINT('',(-0.0239779670817415,0.,0.0219851394855075));
#13452=CARTESIAN_POINT('',(-0.0246722515817414,0.0007,0.0215032459855075));
#13453=CARTESIAN_POINT('',(-0.0239779670817415,0.0007,0.0219851394855075));
#13454=CARTESIAN_POINT('',(-0.0239779670817415,0.0007,0.0219851394855075));
#13455=CARTESIAN_POINT('',(0.0028363154182589,0.0007,0.0508968944855078));
#13456=CARTESIAN_POINT('',(0.00192173891825908,0.0007,0.0512224564855077));
#13457=CARTESIAN_POINT('',(0.00192173891825908,0.0007,0.0512224564855077));
#13458=CARTESIAN_POINT('',(0.0028363154182589,0.0007,0.0508968944855078));
#13459=CARTESIAN_POINT('',(0.003750891918259,0.0007,0.0505713324855078));
#13460=CARTESIAN_POINT('',(0.003750891918259,0.0007,0.0505713324855078));
#13461=CARTESIAN_POINT('',(0.00458052491825889,0.0007,0.0501734239855079));
#13462=CARTESIAN_POINT('',(0.00458052491825889,0.0007,0.0501734239855079));
#13463=CARTESIAN_POINT('',(0.0054101579182585,0.0007,0.0497755154855079));
#13464=CARTESIAN_POINT('',(0.0054101579182585,0.0007,0.0497755154855079));
#13465=CARTESIAN_POINT('',(0.00615484841825861,0.0007,0.0493052594855078));
#13466=CARTESIAN_POINT('',(0.00615484841825861,0.0007,0.0493052594855078));
#13467=CARTESIAN_POINT('',(0.00689953891825862,0.0007,0.0488350034855079));
#13468=CARTESIAN_POINT('',(0.00689953891825862,0.0007,0.0488350034855079));
#13469=CARTESIAN_POINT('',(0.00755928591825866,0.0007,0.0482924004855079));
#13470=CARTESIAN_POINT('',(0.00755928591825866,0.0007,0.0482924004855079));
#13471=CARTESIAN_POINT('',(0.00821903291825862,0.0007,0.0477497974855081));
#13472=CARTESIAN_POINT('',(0.00821903291825862,0.0007,0.0477497974855081));
#13473=CARTESIAN_POINT('',(0.00879794091825858,0.0007,0.0471493169855081));
#13474=CARTESIAN_POINT('',(0.00879794091825858,0.0007,0.0471493169855081));
#13475=CARTESIAN_POINT('',(0.00937684891825846,0.0007,0.0465488364855079));
#13476=CARTESIAN_POINT('',(0.00937684891825846,0.0007,0.0465488364855079));
#13477=CARTESIAN_POINT('',(0.00987851691825845,0.0007,0.045904947985508));
#13478=CARTESIAN_POINT('',(0.00987851691825845,0.0007,0.045904947985508));
#13479=CARTESIAN_POINT('',(0.0103801849182584,0.0007,0.045261059485508));
#13480=CARTESIAN_POINT('',(0.0103801849182584,0.0007,0.045261059485508));
#13481=CARTESIAN_POINT('',(0.0108046289182584,0.0007,0.0445737624855079));
#13482=CARTESIAN_POINT('',(0.0108046289182584,0.0007,0.0445737624855079));
#13483=CARTESIAN_POINT('',(0.0112290729182587,0.0007,0.043886465485508));
#13484=CARTESIAN_POINT('',(0.0112290729182587,0.0007,0.043886465485508));
#13485=CARTESIAN_POINT('',(0.0115763094182587,0.0007,0.0431557599855081));
#13486=CARTESIAN_POINT('',(0.0115763094182587,0.0007,0.0431557599855081));
#13487=CARTESIAN_POINT('',(0.0119235459182584,0.0007,0.042425054485508));
#13488=CARTESIAN_POINT('',(0.0119235459182584,0.0007,0.042425054485508));
#13489=CARTESIAN_POINT('',(0.0121935904182584,0.0007,0.041650940985508));
#13490=CARTESIAN_POINT('',(0.0121935904182584,0.0007,0.041650940985508));
#13491=CARTESIAN_POINT('',(0.0124636349182586,0.0007,0.040876827485508));
#13492=CARTESIAN_POINT('',(0.0124636349182586,0.0007,0.040876827485508));
#13493=CARTESIAN_POINT('',(0.0126565039182586,0.0007,0.0400593059855079));
#13494=CARTESIAN_POINT('',(0.0126565039182586,0.0007,0.0400593059855079));
#13495=CARTESIAN_POINT('',(0.0128493729182585,0.0007,0.039241784485508));
#13496=CARTESIAN_POINT('',(0.0128493729182585,0.0007,0.039241784485508));
#13497=CARTESIAN_POINT('',(0.0129650824182585,0.0007,0.038380854485508));
#13498=CARTESIAN_POINT('',(0.0129650824182585,0.0007,0.038380854485508));
#13499=CARTESIAN_POINT('',(0.0130807919182585,0.0007,0.0375199244855079));
#13500=CARTESIAN_POINT('',(0.0130807919182585,0.0007,0.0375199244855079));
#13501=CARTESIAN_POINT('',(0.0131193584182585,0.0007,0.036615586485508));
#13502=CARTESIAN_POINT('',(0.0131193584182585,0.0007,0.036615586485508));
#13503=CARTESIAN_POINT('',(0.0131579249182581,0.0007,0.0357112484855081));
#13504=CARTESIAN_POINT('',(0.0131579249182581,0.0007,0.0357112484855081));
#13505=CARTESIAN_POINT('',(0.0130943624182581,0.0007,0.0341565729855081));
#13506=CARTESIAN_POINT('',(0.0130943624182581,0.0007,0.0341565729855081));
#13507=CARTESIAN_POINT('',(0.0130307999182585,0.0007,0.032601897485508));
#13508=CARTESIAN_POINT('',(0.0130307999182585,0.0007,0.032601897485508));
#13509=CARTESIAN_POINT('',(0.0128401139182585,0.0007,0.031209033485508));
#13510=CARTESIAN_POINT('',(0.0128401139182585,0.0007,0.031209033485508));
#13511=CARTESIAN_POINT('',(0.0126494279182588,0.0007,0.0298161694855079));
#13512=CARTESIAN_POINT('',(0.0126494279182588,0.0007,0.0298161694855079));
#13513=CARTESIAN_POINT('',(0.0123316179182588,0.0007,0.028585182485508));
#13514=CARTESIAN_POINT('',(0.0123316179182588,0.0007,0.028585182485508));
#13515=CARTESIAN_POINT('',(0.0120138079182587,0.0007,0.027354195485508));
#13516=CARTESIAN_POINT('',(0.0120138079182587,0.0007,0.027354195485508));
#13517=CARTESIAN_POINT('',(0.0115688734182587,0.0007,0.026285148985508));
#13518=CARTESIAN_POINT('',(0.0115688734182587,0.0007,0.026285148985508));
#13519=CARTESIAN_POINT('',(0.0111239389182586,0.0007,0.0252161024855085));
#13520=CARTESIAN_POINT('',(0.0111239389182586,0.0007,0.0252161024855085));
#13521=CARTESIAN_POINT('',(0.0105604069182586,0.0007,0.0242840959855085));
#13522=CARTESIAN_POINT('',(0.0105604069182586,0.0007,0.0242840959855085));
#13523=CARTESIAN_POINT('',(0.00999687491825857,0.0007,0.0233520894855083));
#13524=CARTESIAN_POINT('',(0.00999687491825857,0.0007,0.0233520894855083));
#13525=CARTESIAN_POINT('',(0.00932533941825855,0.0007,0.0225320919855083));
#13526=CARTESIAN_POINT('',(0.00932533941825855,0.0007,0.0225320919855083));
#13527=CARTESIAN_POINT('',(0.00865380391825854,0.0007,0.0217120944855082));
#13528=CARTESIAN_POINT('',(0.00865380391825854,0.0007,0.0217120944855082));
#13529=CARTESIAN_POINT('',(0.00787426441825857,0.0007,0.0210039759855082));
#13530=CARTESIAN_POINT('',(0.00787426441825857,0.0007,0.0210039759855082));
#13531=CARTESIAN_POINT('',(0.00709472491825891,0.0007,0.0202958574855082));
#13532=CARTESIAN_POINT('',(0.00709472491825891,0.0007,0.0202958574855082));
#13533=CARTESIAN_POINT('',(0.00620718141825885,0.0007,0.0196994894855082));
#13534=CARTESIAN_POINT('',(0.00620718141825885,0.0007,0.0196994894855082));
#13535=CARTESIAN_POINT('',(0.00531963791825829,0.0007,0.0191031214855081));
#13536=CARTESIAN_POINT('',(0.00531963791825829,0.0007,0.0191031214855081));
#13537=CARTESIAN_POINT('',(0.00433492141825831,0.0007,0.0185978549855081));
#13538=CARTESIAN_POINT('',(0.00433492141825831,0.0007,0.0185978549855081));
#13539=CARTESIAN_POINT('',(0.00335020491825861,0.0007,0.0180925884855082));
#13540=CARTESIAN_POINT('',(0.00335020491825861,0.0007,0.0180925884855082));
#13541=CARTESIAN_POINT('',(0.00228112641825856,0.0007,0.0176568264855081));
#13542=CARTESIAN_POINT('',(0.00228112641825856,0.0007,0.0176568264855081));
#13543=CARTESIAN_POINT('',(0.00121204791825846,0.0007,0.0172210644855081));
#13544=CARTESIAN_POINT('',(0.00121204791825846,0.0007,0.0172210644855081));
#13545=CARTESIAN_POINT('',(5.84789182584422E-5,0.0007,0.0168548074855081));
#13546=CARTESIAN_POINT('',(5.84789182584422E-5,0.0007,0.0168548074855081));
#13547=CARTESIAN_POINT('',(-0.00109509008174119,0.0007,0.016488550485508));
#13548=CARTESIAN_POINT('',(-0.00109509008174119,0.0007,0.016488550485508));
#13549=CARTESIAN_POINT('',(-0.00233328008174119,0.0007,0.016191798485508));
#13550=CARTESIAN_POINT('',(-0.00233328008174119,0.0007,0.016191798485508));
#13551=CARTESIAN_POINT('',(-0.00357147008174163,0.0007,0.0158950464855079));
#13552=CARTESIAN_POINT('',(-0.00357147008174163,0.0007,0.0158950464855079));
#13553=CARTESIAN_POINT('',(-0.00625037808174167,0.0007,0.0153943879855078));
#13554=CARTESIAN_POINT('',(-0.00625037808174167,0.0007,0.0153943879855078));
#13555=CARTESIAN_POINT('',(-0.00892928608174104,0.0007,0.014893729485508));
#13556=CARTESIAN_POINT('',(-0.00892928608174104,0.0007,0.014893729485508));
#13557=CARTESIAN_POINT('',(-0.0118397045817409,0.0007,0.014438028985508));
#13558=CARTESIAN_POINT('',(-0.0118397045817409,0.0007,0.014438028985508));
#13559=CARTESIAN_POINT('',(-0.0147501230817409,0.0007,0.0139823284855081));
#13560=CARTESIAN_POINT('',(-0.0147501230817409,0.0007,0.0139823284855081));
#13561=CARTESIAN_POINT('',(-0.016138400081741,0.0007,0.0137469419855081));
#13562=CARTESIAN_POINT('',(-0.016138400081741,0.0007,0.0137469419855081));
#13563=CARTESIAN_POINT('',(-0.017526677081741,0.0007,0.0135115554855081));
#13564=CARTESIAN_POINT('',(-0.017526677081741,0.0007,0.0135115554855081));
#13565=CARTESIAN_POINT('',(-0.018668393581741,0.0007,0.0132374119855081));
#13566=CARTESIAN_POINT('',(-0.018668393581741,0.0007,0.0132374119855081));
#13567=CARTESIAN_POINT('',(-0.0198101100817409,0.0007,0.0129632684855083));
#13568=CARTESIAN_POINT('',(-0.0198101100817409,0.0007,0.0129632684855083));
#13569=CARTESIAN_POINT('',(-0.020705200081741,0.0007,0.0126503674855083));
#13570=CARTESIAN_POINT('',(-0.020705200081741,0.0007,0.0126503674855083));
#13571=CARTESIAN_POINT('',(-0.0216002900817419,0.0007,0.0123374664855077));
#13572=CARTESIAN_POINT('',(-0.0216002900817419,0.0007,0.0123374664855077));
#13573=CARTESIAN_POINT('',(-0.0222486900817418,0.0007,0.0119858079855077));
#13574=CARTESIAN_POINT('',(-0.0222486900817418,0.0007,0.0119858079855077));
#13575=CARTESIAN_POINT('',(-0.0228970900817414,0.0007,0.0116341494855077));
#13576=CARTESIAN_POINT('',(-0.0228970900817414,0.0007,0.0116341494855077));
#13577=CARTESIAN_POINT('',(-0.0233564935817413,0.0007,0.0112134924855078));
#13578=CARTESIAN_POINT('',(-0.0233564935817413,0.0007,0.0112134924855078));
#13579=CARTESIAN_POINT('',(-0.0238158970817413,0.0007,0.0107928354855081));
#13580=CARTESIAN_POINT('',(-0.0238158970817413,0.0007,0.0107928354855081));
#13581=CARTESIAN_POINT('',(-0.0241440425817413,0.0007,0.0102718614855081));
#13582=CARTESIAN_POINT('',(-0.0241440425817413,0.0007,0.0102718614855081));
#13583=CARTESIAN_POINT('',(-0.0244721880817415,0.0007,0.00975088748550812));
#13584=CARTESIAN_POINT('',(-0.0244721880817415,0.0007,0.00975088748550812));
#13585=CARTESIAN_POINT('',(-0.0246690755817415,0.0007,0.00912953198550808));
#13586=CARTESIAN_POINT('',(-0.0246690755817415,0.0007,0.00912953198550808));
#13587=CARTESIAN_POINT('',(-0.0248659630817415,0.0007,0.00850817648550798));
#13588=CARTESIAN_POINT('',(-0.0248659630817415,0.0007,0.00850817648550798));
#13589=CARTESIAN_POINT('',(-0.0249315920817414,0.0007,0.00778637448550796));
#13590=CARTESIAN_POINT('',(-0.0249315920817414,0.0007,0.00778637448550796));
#13591=CARTESIAN_POINT('',(-0.0249972210817417,0.0007,0.00706457248550797));
#13592=CARTESIAN_POINT('',(-0.0249972210817417,0.0007,0.00706457248550797));
#13593=CARTESIAN_POINT('',(-0.0249104045817417,0.0007,0.00636510998550798));
#13594=CARTESIAN_POINT('',(-0.0249104045817417,0.0007,0.00636510998550798));
#13595=CARTESIAN_POINT('',(-0.0248235880817414,0.0007,0.00566564748550785));
#13596=CARTESIAN_POINT('',(-0.0248235880817414,0.0007,0.00566564748550785));
#13597=CARTESIAN_POINT('',(-0.0245631385817414,0.0007,0.00504718798550791));
#13598=CARTESIAN_POINT('',(-0.0245631385817414,0.0007,0.00504718798550791));
#13599=CARTESIAN_POINT('',(-0.0243026890817413,0.0007,0.00442872848550782));
#13600=CARTESIAN_POINT('',(-0.0243026890817413,0.0007,0.00442872848550782));
#13601=CARTESIAN_POINT('',(-0.0238686070817413,0.0007,0.00389114248550779));
#13602=CARTESIAN_POINT('',(-0.0238686070817413,0.0007,0.00389114248550779));
#13603=CARTESIAN_POINT('',(-0.0234345250817415,0.0007,0.00335355648550784));
#13604=CARTESIAN_POINT('',(-0.0234345250817415,0.0007,0.00335355648550784));
#13605=CARTESIAN_POINT('',(-0.0228268095817415,0.0007,0.00289671498550788));
#13606=CARTESIAN_POINT('',(-0.0228268095817415,0.0007,0.00289671498550788));
#13607=CARTESIAN_POINT('',(-0.0222190940817418,0.0007,0.00243987348550798));
#13608=CARTESIAN_POINT('',(-0.0222190940817418,0.0007,0.00243987348550798));
#13609=CARTESIAN_POINT('',(-0.0214647575817417,0.0007,0.00207452098550797));
#13610=CARTESIAN_POINT('',(-0.0214647575817417,0.0007,0.00207452098550797));
#13611=CARTESIAN_POINT('',(-0.0207104210817415,0.0007,0.00170916848550791));
#13612=CARTESIAN_POINT('',(-0.0207104210817415,0.0007,0.00170916848550791));
#13613=CARTESIAN_POINT('',(-0.0198365185817413,0.0007,0.00144820198550785));
#13614=CARTESIAN_POINT('',(-0.0198365185817413,0.0007,0.00144820198550785));
#13615=CARTESIAN_POINT('',(-0.0189626160817411,0.0007,0.0011872354855079));
#13616=CARTESIAN_POINT('',(-0.0189626160817411,0.0007,0.0011872354855079));
#13617=CARTESIAN_POINT('',(-0.0179692110817411,0.0007,0.00103065598550791));
#13618=CARTESIAN_POINT('',(-0.0179692110817411,0.0007,0.00103065598550791));
#13619=CARTESIAN_POINT('',(-0.0169758060817414,0.0007,0.00087407648550793));
#13620=CARTESIAN_POINT('',(-0.0169758060817414,0.0007,0.00087407648550793));
#13621=CARTESIAN_POINT('',(-0.0158629645817413,0.0007,0.000821883485507938));
#13622=CARTESIAN_POINT('',(-0.0158629645817413,0.0007,0.000821883485507938));
#13623=CARTESIAN_POINT('',(-0.0147501230817416,0.0007,0.000769690485507995));
#13624=CARTESIAN_POINT('',(-0.0147501230817416,0.0007,0.000769690485507995));
#13625=CARTESIAN_POINT('',(-0.0134837910817417,0.0007,0.000846924985507997));
#13626=CARTESIAN_POINT('',(-0.0134837910817417,0.0007,0.000846924985507997));
#13627=CARTESIAN_POINT('',(-0.0122174590817409,0.0007,0.000924159485508183));
#13628=CARTESIAN_POINT('',(-0.0122174590817409,0.0007,0.000924159485508183));
#13629=CARTESIAN_POINT('',(-0.0111366455817411,0.0007,0.00115577798550816));
#13630=CARTESIAN_POINT('',(-0.0111366455817411,0.0007,0.00115577798550816));
#13631=CARTESIAN_POINT('',(-0.0100558320817417,0.0007,0.00138739648550773));
#13632=CARTESIAN_POINT('',(-0.0100558320817417,0.0007,0.00138739648550773));
#13633=CARTESIAN_POINT('',(-0.00916053758174165,0.0007,0.00177326898550775));
#13634=CARTESIAN_POINT('',(-0.00916053758174165,0.0007,0.00177326898550775));
#13635=CARTESIAN_POINT('',(-0.0082652430817417,0.0007,0.00215914148550825));
#13636=CARTESIAN_POINT('',(-0.0082652430817417,0.0007,0.00215914148550825));
#13637=CARTESIAN_POINT('',(-0.00755546708174174,0.0007,0.00269913848550822));
#13638=CARTESIAN_POINT('',(-0.00755546708174174,0.0007,0.00269913848550822));
#13639=CARTESIAN_POINT('',(-0.00684569108174171,0.0007,0.00323913548550814));
#13640=CARTESIAN_POINT('',(-0.00684569108174171,0.0007,0.00323913548550814));
#13641=CARTESIAN_POINT('',(-0.00628604558174171,0.0007,0.00390678498550815));
#13642=CARTESIAN_POINT('',(-0.00628604558174171,0.0007,0.00390678498550815));
#13643=CARTESIAN_POINT('',(-0.00572640008174148,0.0007,0.00457443448550815));
#13644=CARTESIAN_POINT('',(-0.00572640008174148,0.0007,0.00457443448550815));
#13645=CARTESIAN_POINT('',(-0.00528257458174148,0.0007,0.00534227148550814));
#13646=CARTESIAN_POINT('',(-0.00528257458174148,0.0007,0.00534227148550814));
#13647=CARTESIAN_POINT('',(-0.00483874908174153,0.0007,0.00611010848550792));
#13648=CARTESIAN_POINT('',(-0.00483874908174153,0.0007,0.00611010848550792));
#13649=CARTESIAN_POINT('',(-0.00451080808174153,0.0007,0.00697806848550787));
#13650=CARTESIAN_POINT('',(-0.00451080808174153,0.0007,0.00697806848550787));
#13651=CARTESIAN_POINT('',(-0.00418286708174178,0.0007,0.00784602848550813));
#13652=CARTESIAN_POINT('',(-0.00418286708174178,0.0007,0.00784602848550813));
#13653=CARTESIAN_POINT('',(-0.00397087508174176,0.0007,0.00881404698550815));
#13654=CARTESIAN_POINT('',(-0.00397087508174176,0.0007,0.00881404698550815));
#13655=CARTESIAN_POINT('',(-0.0037588830817416,0.0007,0.00978206548550796));
#13656=CARTESIAN_POINT('',(-0.0037588830817416,0.0007,0.00978206548550796));
#13657=CARTESIAN_POINT('',(0.0037100884182584,0.0007,0.00978206548550796));
#13658=CARTESIAN_POINT('',(0.0037100884182584,0.0007,0.00978206548550796));
#13659=CARTESIAN_POINT('',(0.0111790599182584,0.0007,0.00978206548550796));
#13660=CARTESIAN_POINT('',(0.0111790599182584,0.0007,0.00978206548550796));
#13661=CARTESIAN_POINT('',(0.0110718314182584,0.0007,0.00825477848550794));
#13662=CARTESIAN_POINT('',(0.0110718314182584,0.0007,0.00825477848550794));
#13663=CARTESIAN_POINT('',(0.0109646029182584,0.0007,0.00672749148550796));
#13664=CARTESIAN_POINT('',(0.0109646029182584,0.0007,0.00672749148550796));
#13665=CARTESIAN_POINT('',(0.0107028619182586,0.0007,0.00529276948550793));
#13666=CARTESIAN_POINT('',(0.0107028619182586,0.0007,0.00529276948550793));
#13667=CARTESIAN_POINT('',(0.0104411209182586,0.0007,0.00385804748550794));
#13668=CARTESIAN_POINT('',(0.0104411209182586,0.0007,0.00385804748550794));
#13669=CARTESIAN_POINT('',(0.0100248669182584,0.0007,0.00251595598550812));
#13670=CARTESIAN_POINT('',(0.0100248669182584,0.0007,0.00251595598550812));
#13671=CARTESIAN_POINT('',(0.00960861291825843,0.0007,0.0011738644855081));
#13672=CARTESIAN_POINT('',(0.00960861291825843,0.0007,0.0011738644855081));
#13673=CARTESIAN_POINT('',(0.00903784641825844,0.0007,-7.55325144917718E-5));
#13674=CARTESIAN_POINT('',(0.00903784641825844,0.0007,-7.55325144917718E-5));
#13675=CARTESIAN_POINT('',(0.00846707991825842,0.0007,-0.00132492951449178));
#13676=CARTESIAN_POINT('',(0.00846707991825842,0.0007,-0.00132492951449178));
#13677=CARTESIAN_POINT('',(0.0077180079182588,0.0007,-0.00246348051449198));
#13678=CARTESIAN_POINT('',(0.0077180079182588,0.0007,-0.00246348051449198));
#13679=CARTESIAN_POINT('',(0.00696893591825881,0.0007,-0.00360203151449198));
#13680=CARTESIAN_POINT('',(0.00696893591825881,0.0007,-0.00360203151449198));
#13681=CARTESIAN_POINT('',(0.00601974691825827,0.0007,-0.00460951801449192));
#13682=CARTESIAN_POINT('',(0.00601974691825827,0.0007,-0.00460951801449192));
#13683=CARTESIAN_POINT('',(0.00507055791825825,0.0007,-0.00561700451449193));
#13684=CARTESIAN_POINT('',(0.00507055791825825,0.0007,-0.00561700451449193));
#13685=CARTESIAN_POINT('',(0.00392112241825921,0.0007,-0.00649336201449202));
#13686=CARTESIAN_POINT('',(0.00392112241825921,0.0007,-0.00649336201449202));
#13687=CARTESIAN_POINT('',(0.00277168691825924,0.0007,-0.007369719514492));
#13688=CARTESIAN_POINT('',(0.00277168691825924,0.0007,-0.007369719514492));
#13689=CARTESIAN_POINT('',(0.00142187641825897,0.0007,-0.0081148830144919));
#13690=CARTESIAN_POINT('',(0.00142187641825897,0.0007,-0.0081148830144919));
#13691=CARTESIAN_POINT('',(7.20659182589234E-5,0.0007,-0.00886004651449193));
#13692=CARTESIAN_POINT('',(7.20659182589234E-5,0.0007,-0.00886004651449193));
#13693=CARTESIAN_POINT('',(-0.0015025160817414,0.0007,-0.009454304514492));
#13694=CARTESIAN_POINT('',(-0.0015025160817414,0.0007,-0.009454304514492));
#13695=CARTESIAN_POINT('',(-0.00307709808174128,0.0007,-0.010048562514492));
#13696=CARTESIAN_POINT('',(-0.00307709808174128,0.0007,-0.010048562514492));
#13697=CARTESIAN_POINT('',(-0.00489869358174164,0.0007,-0.010473192514492));
#13698=CARTESIAN_POINT('',(-0.00489869358174164,0.0007,-0.010473192514492));
#13699=CARTESIAN_POINT('',(-0.0067202890817416,0.0007,-0.010897822514492));
#13700=CARTESIAN_POINT('',(-0.0067202890817416,0.0007,-0.010897822514492));
#13701=CARTESIAN_POINT('',(-0.00878889808174121,0.0007,-0.011152695014492));
#13702=CARTESIAN_POINT('',(-0.00878889808174121,0.0007,-0.011152695014492));
#13703=CARTESIAN_POINT('',(-0.0108575070817412,0.0007,-0.0114075675144919));
#13704=CARTESIAN_POINT('',(-0.0108575070817412,0.0007,-0.0114075675144919));
#13705=CARTESIAN_POINT('',(-0.0131731290817413,0.0007,-0.011492554014492));
#13706=CARTESIAN_POINT('',(-0.0131731290817413,0.0007,-0.011492554014492));
#13707=CARTESIAN_POINT('',(-0.0154887510817412,0.0007,-0.011577540514492));
#13708=CARTESIAN_POINT('',(-0.0154887510817412,0.0007,-0.011577540514492));
#13709=CARTESIAN_POINT('',(-0.0172265650817416,0.0007,-0.011528835014492));
#13710=CARTESIAN_POINT('',(-0.0172265650817416,0.0007,-0.011528835014492));
#13711=CARTESIAN_POINT('',(-0.0189643790817416,0.0007,-0.011480129514492));
#13712=CARTESIAN_POINT('',(-0.0189643790817416,0.0007,-0.011480129514492));
#13713=CARTESIAN_POINT('',(-0.020566146081741,0.0007,-0.0113340145144921));
#13714=CARTESIAN_POINT('',(-0.020566146081741,0.0007,-0.0113340145144921));
#13715=CARTESIAN_POINT('',(-0.0221679130817411,0.0007,-0.0111878995144921));
#13716=CARTESIAN_POINT('',(-0.0221679130817411,0.0007,-0.0111878995144921));
#13717=CARTESIAN_POINT('',(-0.0236336260817417,0.0007,-0.0109443740144921));
#13718=CARTESIAN_POINT('',(-0.0236336260817417,0.0007,-0.0109443740144921));
#13719=CARTESIAN_POINT('',(-0.0250993390817417,0.0007,-0.010700848514492));
#13720=CARTESIAN_POINT('',(-0.0250993390817417,0.0007,-0.010700848514492));
#13721=CARTESIAN_POINT('',(-0.026428989081741,0.0007,-0.0103599130144923));
#13722=CARTESIAN_POINT('',(-0.026428989081741,0.0007,-0.0103599130144923));
#13723=CARTESIAN_POINT('',(-0.0277586390817409,0.0007,-0.0100189775144923));
#13724=CARTESIAN_POINT('',(-0.0277586390817409,0.0007,-0.0100189775144923));
#13725=CARTESIAN_POINT('',(-0.0289522185817412,0.0007,-0.00958063201449211));
#13726=CARTESIAN_POINT('',(-0.0289522185817412,0.0007,-0.00958063201449211));
#13727=CARTESIAN_POINT('',(-0.0301457980817413,0.0007,-0.00914228651449209));
#13728=CARTESIAN_POINT('',(-0.0301457980817413,0.0007,-0.00914228651449209));
#13729=CARTESIAN_POINT('',(-0.0312032990817417,0.0007,-0.0086065310144923));
#13730=CARTESIAN_POINT('',(-0.0312032990817417,0.0007,-0.0086065310144923));
#13731=CARTESIAN_POINT('',(-0.0322608000817416,0.0007,-0.00807077551449228));
#13732=CARTESIAN_POINT('',(-0.0322608000817416,0.0007,-0.00807077551449228));
#13733=CARTESIAN_POINT('',(-0.0331822145817413,0.0007,-0.0074376095144921));
#13734=CARTESIAN_POINT('',(-0.0331822145817413,0.0007,-0.0074376095144921));
#13735=CARTESIAN_POINT('',(-0.0341036290817412,0.0007,-0.00680444351449214));
#13736=CARTESIAN_POINT('',(-0.0341036290817412,0.0007,-0.00680444351449214));
#13737=CARTESIAN_POINT('',(-0.0348889485817416,0.0007,-0.00607386751449225));
#13738=CARTESIAN_POINT('',(-0.0348889485817416,0.0007,-0.00607386751449225));
#13739=CARTESIAN_POINT('',(-0.0356742680817416,0.0007,-0.00534329151449223));
#13740=CARTESIAN_POINT('',(-0.0356742680817416,0.0007,-0.00534329151449223));
#13741=CARTESIAN_POINT('',(-0.0363472220817417,0.0007,-0.00452296101449194));
#13742=CARTESIAN_POINT('',(-0.0363472220817417,0.0007,-0.00452296101449194));
#13743=CARTESIAN_POINT('',(-0.0370201760817418,0.0007,-0.0037026305144919));
#13744=CARTESIAN_POINT('',(-0.0370201760817418,0.0007,-0.0037026305144919));
#13745=CARTESIAN_POINT('',(-0.0376034550817416,0.0007,-0.00280020751449236));
#13746=CARTESIAN_POINT('',(-0.0376034550817416,0.0007,-0.00280020751449236));
#13747=CARTESIAN_POINT('',(-0.0381867340817416,0.0007,-0.00189778451449238));
#13748=CARTESIAN_POINT('',(-0.0381867340817416,0.0007,-0.00189778451449238));
#13749=CARTESIAN_POINT('',(-0.0386803225817416,0.0007,-0.000913276514492245));
#13750=CARTESIAN_POINT('',(-0.0386803225817416,0.0007,-0.000913276514492245));
#13751=CARTESIAN_POINT('',(-0.0391739110817415,0.0007,7.12314855077223E-5));
#13752=CARTESIAN_POINT('',(-0.0391739110817415,0.0007,7.12314855077223E-5));
#13753=CARTESIAN_POINT('',(-0.0395777920817414,0.0007,0.00113781598550812));
#13754=CARTESIAN_POINT('',(-0.0395777920817414,0.0007,0.00113781598550812));
#13755=CARTESIAN_POINT('',(-0.0399816730817414,0.0007,0.00220440048550813));
#13756=CARTESIAN_POINT('',(-0.0399816730817414,0.0007,0.00220440048550813));
#13757=CARTESIAN_POINT('',(-0.0402958310817414,0.0007,0.00335305398550804));
#13758=CARTESIAN_POINT('',(-0.0402958310817414,0.0007,0.00335305398550804));
#13759=CARTESIAN_POINT('',(-0.0406099890817414,0.0007,0.00450170748550802));
#13760=CARTESIAN_POINT('',(-0.0406099890817414,0.0007,0.00450170748550802));
#13761=CARTESIAN_POINT('',(-0.0408344075817417,0.0007,0.00573242148550793));
#13762=CARTESIAN_POINT('',(-0.0408344075817417,0.0007,0.00573242148550793));
#13763=CARTESIAN_POINT('',(-0.0410588260817416,0.0007,0.00696313548550794));
#13764=CARTESIAN_POINT('',(-0.0410588260817416,0.0007,0.00696313548550794));
#13765=CARTESIAN_POINT('',(-0.0411934890817416,0.0007,0.00827590248550792));
#13766=CARTESIAN_POINT('',(-0.0411934890817416,0.0007,0.00827590248550792));
#13767=CARTESIAN_POINT('',(-0.0413281520817416,0.0007,0.0095886694855079));
#13768=CARTESIAN_POINT('',(-0.0413281520817416,0.0007,0.0095886694855079));
#13769=CARTESIAN_POINT('',(-0.0413730435817418,0.0007,0.010983480485508));
#13770=CARTESIAN_POINT('',(-0.0413730435817418,0.0007,0.010983480485508));
#13771=CARTESIAN_POINT('',(-0.0414179350817419,0.0007,0.012378291485508));
#13772=CARTESIAN_POINT('',(-0.0414179350817419,0.0007,0.012378291485508));
#13773=CARTESIAN_POINT('',(-0.0414179350817417,0.0007,0.0315771314855079));
#13774=CARTESIAN_POINT('',(-0.0414179350817417,0.0007,0.0315771314855079));
#13775=CARTESIAN_POINT('',(-0.0414179350817417,0.0007,0.050775971485508));
#13776=CARTESIAN_POINT('',(-0.0414179350817417,0.0007,0.050775971485508));
#13777=CARTESIAN_POINT('',(-0.0339489630817416,0.0007,0.050775971485508));
#13778=CARTESIAN_POINT('',(-0.0339489630817416,0.0007,0.050775971485508));
#13779=CARTESIAN_POINT('',(-0.0264799910817416,0.0007,0.050775971485508));
#13780=CARTESIAN_POINT('',(-0.0264799910817416,0.0007,0.050775971485508));
#13781=CARTESIAN_POINT('',(-0.0261699320817415,0.0007,0.0495097259855079));
#13782=CARTESIAN_POINT('',(-0.0261699320817415,0.0007,0.0495097259855079));
#13783=CARTESIAN_POINT('',(-0.0258598730817415,0.0007,0.0482434804855079));
#13784=CARTESIAN_POINT('',(-0.0258598730817415,0.0007,0.0482434804855079));
#13785=CARTESIAN_POINT('',(-0.0256738380817415,0.0007,0.046792232985508));
#13786=CARTESIAN_POINT('',(-0.0256738380817415,0.0007,0.046792232985508));
#13787=CARTESIAN_POINT('',(-0.0254878030817415,0.0007,0.045340985485508));
#13788=CARTESIAN_POINT('',(-0.0254878030817415,0.0007,0.045340985485508));
#13789=CARTESIAN_POINT('',(-0.0247200090817416,0.0007,0.0460782899855081));
#13790=CARTESIAN_POINT('',(-0.0247200090817416,0.0007,0.0460782899855081));
#13791=CARTESIAN_POINT('',(-0.0239522150817416,0.0007,0.0468155944855081));
#13792=CARTESIAN_POINT('',(-0.0239522150817416,0.0007,0.0468155944855081));
#13793=CARTESIAN_POINT('',(-0.0230688595817415,0.0007,0.0474834589855081));
#13794=CARTESIAN_POINT('',(-0.0230688595817415,0.0007,0.0474834589855081));
#13795=CARTESIAN_POINT('',(-0.0221855040817415,0.0007,0.0481513234855081));
#13796=CARTESIAN_POINT('',(-0.0221855040817415,0.0007,0.0481513234855081));
#13797=CARTESIAN_POINT('',(-0.0211865230817419,0.0007,0.0487498124855082));
#13798=CARTESIAN_POINT('',(-0.0211865230817419,0.0007,0.0487498124855082));
#13799=CARTESIAN_POINT('',(-0.0201875420817419,0.0007,0.0493483014855082));
#13800=CARTESIAN_POINT('',(-0.0201875420817419,0.0007,0.0493483014855082));
#13801=CARTESIAN_POINT('',(-0.0190728695817412,0.0007,0.049877479485508));
#13802=CARTESIAN_POINT('',(-0.0190728695817412,0.0007,0.049877479485508));
#13803=CARTESIAN_POINT('',(-0.0179581970817413,0.0007,0.0504066574855079));
#13804=CARTESIAN_POINT('',(-0.0179581970817413,0.0007,0.0504066574855079));
#13805=CARTESIAN_POINT('',(-0.0167388910817418,0.0007,0.0508381344855078));
#13806=CARTESIAN_POINT('',(-0.0167388910817418,0.0007,0.0508381344855078));
#13807=CARTESIAN_POINT('',(-0.015519585081742,0.0007,0.0512696114855078));
#13808=CARTESIAN_POINT('',(-0.015519585081742,0.0007,0.0512696114855078));
#13809=CARTESIAN_POINT('',(-0.0142077780817418,0.0007,0.051577968985508));
#13810=CARTESIAN_POINT('',(-0.0142077780817418,0.0007,0.051577968985508));
#13811=CARTESIAN_POINT('',(-0.0128959710817418,0.0007,0.051886326485508));
#13812=CARTESIAN_POINT('',(-0.0128959710817418,0.0007,0.051886326485508));
#13813=CARTESIAN_POINT('',(-0.0114916630817415,0.0007,0.052071435985508));
#13814=CARTESIAN_POINT('',(-0.0114916630817415,0.0007,0.052071435985508));
#13815=CARTESIAN_POINT('',(-0.0100873550817415,0.0007,0.052256545485508));
#13816=CARTESIAN_POINT('',(-0.0100873550817415,0.0007,0.052256545485508));
#13817=CARTESIAN_POINT('',(-0.0085905465817408,0.0007,0.052318276985508));
#13818=CARTESIAN_POINT('',(-0.0085905465817408,0.0007,0.052318276985508));
#13819=CARTESIAN_POINT('',(-0.00709373808174074,0.0007,0.052380008485508));
#13820=CARTESIAN_POINT('',(-0.00709373808174074,0.0007,0.052380008485508));
#13821=CARTESIAN_POINT('',(-0.00583938858174082,0.0007,0.0523438349855079));
#13822=CARTESIAN_POINT('',(-0.00583938858174082,0.0007,0.0523438349855079));
#13823=CARTESIAN_POINT('',(-0.00458503908174079,0.0007,0.0523076614855078));
#13824=CARTESIAN_POINT('',(-0.00458503908174079,0.0007,0.0523076614855078));
#13825=CARTESIAN_POINT('',(-0.00341563308174151,0.0007,0.052199140985508));
#13826=CARTESIAN_POINT('',(-0.00341563308174151,0.0007,0.052199140985508));
#13827=CARTESIAN_POINT('',(-0.00224622708174138,0.0007,0.052090620485508));
#13828=CARTESIAN_POINT('',(-0.00224622708174138,0.0007,0.052090620485508));
#13829=CARTESIAN_POINT('',(-0.00116176408174087,0.0007,0.0519097529855078));
#13830=CARTESIAN_POINT('',(-0.00116176408174087,0.0007,0.0519097529855078));
#13831=CARTESIAN_POINT('',(-7.73010817409214E-5,0.0007,0.0517288854855078));
#13832=CARTESIAN_POINT('',(-7.73010817409214E-5,0.0007,0.0517288854855078));
#13833=CARTESIAN_POINT('',(0.000922218918259055,0.0007,0.0514756709855077));
#13834=CARTESIAN_POINT('',(0.000922218918259055,0.0007,0.0514756709855077));
#13835=CARTESIAN_POINT('',(-0.0228820925817414,0.0007,0.0224438434855078));
#13836=CARTESIAN_POINT('',(-0.0228820925817414,0.,0.0224438434855078));
#13837=CARTESIAN_POINT('',(-0.0228820925817414,0.0007,0.0224438434855078));
#13838=CARTESIAN_POINT('',(-0.00558121323585506,0.0007,0.0146998918056488));
#13839=CARTESIAN_POINT('',(-0.126652790081741,0.0007,0.00297750248550805));
#13840=CARTESIAN_POINT('',(-0.126430768081742,0.0007,0.00192608048550798));
#13841=CARTESIAN_POINT('',(-0.126430768081742,0.0007,0.00192608048550798));
#13842=CARTESIAN_POINT('',(-0.126652790081741,0.0007,0.00297750248550805));
#13843=CARTESIAN_POINT('',(-0.126874812081741,0.0007,0.00402892448550804));
#13844=CARTESIAN_POINT('',(-0.126874812081741,0.0007,0.00402892448550804));
#13845=CARTESIAN_POINT('',(-0.127008031081742,0.0007,0.00515359848550794));
#13846=CARTESIAN_POINT('',(-0.127008031081742,0.0007,0.00515359848550794));
#13847=CARTESIAN_POINT('',(-0.127141250081742,0.0007,0.00627827248550798));
#13848=CARTESIAN_POINT('',(-0.127141250081742,0.0007,0.00627827248550798));
#13849=CARTESIAN_POINT('',(-0.127185658081742,0.0007,0.00747619748550798));
#13850=CARTESIAN_POINT('',(-0.127185658081742,0.0007,0.00747619748550798));
#13851=CARTESIAN_POINT('',(-0.127230066081742,0.0007,0.00867412248550799));
#13852=CARTESIAN_POINT('',(-0.127230066081742,0.0007,0.00867412248550799));
#13853=CARTESIAN_POINT('',(-0.127230066081742,0.0007,0.029725046985508));
#13854=CARTESIAN_POINT('',(-0.127230066081742,0.0007,0.029725046985508));
#13855=CARTESIAN_POINT('',(-0.127230066081742,0.0007,0.050775971485508));
#13856=CARTESIAN_POINT('',(-0.127230066081742,0.0007,0.050775971485508));
#13857=CARTESIAN_POINT('',(-0.119140976581742,0.0007,0.050775971485508));
#13858=CARTESIAN_POINT('',(-0.119140976581742,0.0007,0.050775971485508));
#13859=CARTESIAN_POINT('',(-0.111051887081742,0.0007,0.050775971485508));
#13860=CARTESIAN_POINT('',(-0.111051887081742,0.0007,0.050775971485508));
#13861=CARTESIAN_POINT('',(-0.111051887081742,0.0007,0.0323791499855079));
#13862=CARTESIAN_POINT('',(-0.111051887081742,0.0007,0.0323791499855079));
#13863=CARTESIAN_POINT('',(-0.111051887081742,0.0007,0.0139823284855079));
#13864=CARTESIAN_POINT('',(-0.111051887081742,0.0007,0.0139823284855079));
#13865=CARTESIAN_POINT('',(-0.110980573581742,0.0007,0.0123655009855079));
#13866=CARTESIAN_POINT('',(-0.110980573581742,0.0007,0.0123655009855079));
#13867=CARTESIAN_POINT('',(-0.110909260081741,0.0007,0.0107486734855079));
#13868=CARTESIAN_POINT('',(-0.110909260081741,0.0007,0.0107486734855079));
#13869=CARTESIAN_POINT('',(-0.110695319581741,0.0007,0.00941735848550797));
#13870=CARTESIAN_POINT('',(-0.110695319581741,0.0007,0.00941735848550797));
#13871=CARTESIAN_POINT('',(-0.110481379081741,0.0007,0.00808604348550789));
#13872=CARTESIAN_POINT('',(-0.110481379081741,0.0007,0.00808604348550789));
#13873=CARTESIAN_POINT('',(-0.110124811581741,0.0007,0.00704024148550789));
#13874=CARTESIAN_POINT('',(-0.110124811581741,0.0007,0.00704024148550789));
#13875=CARTESIAN_POINT('',(-0.109768244081742,0.0007,0.00599443948550774));
#13876=CARTESIAN_POINT('',(-0.109768244081742,0.0007,0.00599443948550774));
#13877=CARTESIAN_POINT('',(-0.109269049581742,0.0007,0.0052341489855077));
#13878=CARTESIAN_POINT('',(-0.109269049581742,0.0007,0.0052341489855077));
#13879=CARTESIAN_POINT('',(-0.108769855081741,0.0007,0.00447385848550771));
#13880=CARTESIAN_POINT('',(-0.108769855081741,0.0007,0.00447385848550771));
#13881=CARTESIAN_POINT('',(-0.108089276081741,0.0007,0.00393386148550768));
#13882=CARTESIAN_POINT('',(-0.108089276081741,0.0007,0.00393386148550768));
#13883=CARTESIAN_POINT('',(-0.107408697081741,0.0007,0.00339386448550774));
#13884=CARTESIAN_POINT('',(-0.107408697081741,0.0007,0.00339386448550774));
#13885=CARTESIAN_POINT('',(-0.106507976081741,0.0007,0.00300799198550776));
#13886=CARTESIAN_POINT('',(-0.106507976081741,0.0007,0.00300799198550776));
#13887=CARTESIAN_POINT('',(-0.105607255081742,0.0007,0.00262211948550797));
#13888=CARTESIAN_POINT('',(-0.105607255081742,0.0007,0.00262211948550797));
#13889=CARTESIAN_POINT('',(-0.104486392581742,0.0007,0.00239050098550798));
#13890=CARTESIAN_POINT('',(-0.104486392581742,0.0007,0.00239050098550798));
#13891=CARTESIAN_POINT('',(-0.103365530081741,0.0007,0.00215888248550795));
#13892=CARTESIAN_POINT('',(-0.103365530081741,0.0007,0.00215888248550795));
#13893=CARTESIAN_POINT('',(-0.102024526081741,0.0007,0.00208164748550795));
#13894=CARTESIAN_POINT('',(-0.102024526081741,0.0007,0.00208164748550795));
#13895=CARTESIAN_POINT('',(-0.100683522081741,0.0007,0.00200441248550802));
#13896=CARTESIAN_POINT('',(-0.100683522081741,0.0007,0.00200441248550802));
#13897=CARTESIAN_POINT('',(-0.0992216580817407,0.0007,0.00211341648550803));
#13898=CARTESIAN_POINT('',(-0.0992216580817407,0.0007,0.00211341648550803));
#13899=CARTESIAN_POINT('',(-0.0977597940817413,0.0007,0.00222242048550799));
#13900=CARTESIAN_POINT('',(-0.0977597940817413,0.0007,0.00222242048550799));
#13901=CARTESIAN_POINT('',(-0.0964928715817414,0.0007,0.00254942598550798));
#13902=CARTESIAN_POINT('',(-0.0964928715817414,0.0007,0.00254942598550798));
#13903=CARTESIAN_POINT('',(-0.0952259490817416,0.0007,0.00287643148550803));
#13904=CARTESIAN_POINT('',(-0.0952259490817416,0.0007,0.00287643148550803));
#13905=CARTESIAN_POINT('',(-0.0941539595817416,0.0007,0.00342143148550806));
#13906=CARTESIAN_POINT('',(-0.0941539595817416,0.0007,0.00342143148550806));
#13907=CARTESIAN_POINT('',(-0.0930819700817414,0.0007,0.00396643148550793));
#13908=CARTESIAN_POINT('',(-0.0930819700817414,0.0007,0.00396643148550793));
#13909=CARTESIAN_POINT('',(-0.0922049060817415,0.0007,0.00472941698550788));
#13910=CARTESIAN_POINT('',(-0.0922049060817415,0.0007,0.00472941698550788));
#13911=CARTESIAN_POINT('',(-0.0913278420817413,0.0007,0.0054924024855082));
#13912=CARTESIAN_POINT('',(-0.0913278420817413,0.0007,0.0054924024855082));
#13913=CARTESIAN_POINT('',(-0.0906456950817413,0.0007,0.00647336548550817));
#13914=CARTESIAN_POINT('',(-0.0906456950817413,0.0007,0.00647336548550817));
#13915=CARTESIAN_POINT('',(-0.0899635480817415,0.0007,0.00745432848550826));
#13916=CARTESIAN_POINT('',(-0.0899635480817415,0.0007,0.00745432848550826));
#13917=CARTESIAN_POINT('',(-0.0894763105817415,0.0007,0.00865326148550821));
#13918=CARTESIAN_POINT('',(-0.0894763105817415,0.0007,0.00865326148550821));
#13919=CARTESIAN_POINT('',(-0.0889890730817416,0.0007,0.00985219448550806));
#13920=CARTESIAN_POINT('',(-0.0889890730817416,0.0007,0.00985219448550806));
#13921=CARTESIAN_POINT('',(-0.0886967360817416,0.0007,0.0112690894855081));
#13922=CARTESIAN_POINT('',(-0.0886967360817416,0.0007,0.0112690894855081));
#13923=CARTESIAN_POINT('',(-0.0884043990817416,0.0007,0.012685984485508));
#13924=CARTESIAN_POINT('',(-0.0884043990817416,0.0007,0.012685984485508));
#13925=CARTESIAN_POINT('',(-0.0883069555817416,0.0007,0.014320832485508));
#13926=CARTESIAN_POINT('',(-0.0883069555817416,0.0007,0.014320832485508));
#13927=CARTESIAN_POINT('',(-0.0882095120817416,0.0007,0.015955680485508));
#13928=CARTESIAN_POINT('',(-0.0882095120817416,0.0007,0.015955680485508));
#13929=CARTESIAN_POINT('',(-0.0882095120817416,0.0007,0.033365825985508));
#13930=CARTESIAN_POINT('',(-0.0882095120817416,0.0007,0.033365825985508));
#13931=CARTESIAN_POINT('',(-0.0882095120817416,0.0007,0.050775971485508));
#13932=CARTESIAN_POINT('',(-0.0882095120817416,0.0007,0.050775971485508));
#13933=CARTESIAN_POINT('',(-0.0801838125817415,0.0007,0.050775971485508));
#13934=CARTESIAN_POINT('',(-0.0801838125817415,0.0007,0.050775971485508));
#13935=CARTESIAN_POINT('',(-0.0721581130817416,0.0007,0.050775971485508));
#13936=CARTESIAN_POINT('',(-0.0721581130817416,0.0007,0.050775971485508));
#13937=CARTESIAN_POINT('',(-0.0721581130817416,0.0007,0.020401234485508));
#13938=CARTESIAN_POINT('',(-0.0721581130817416,0.0007,0.020401234485508));
#13939=CARTESIAN_POINT('',(-0.0721581130817416,0.0007,-0.00997350251449201));
#13940=CARTESIAN_POINT('',(-0.0721581130817416,0.0007,-0.00997350251449201));
#13941=CARTESIAN_POINT('',(-0.0798144980817416,0.0007,-0.00997350251449201));
#13942=CARTESIAN_POINT('',(-0.0798144980817416,0.0007,-0.00997350251449201));
#13943=CARTESIAN_POINT('',(-0.0874708830817416,0.0007,-0.00997350251449201));
#13944=CARTESIAN_POINT('',(-0.0874708830817416,0.0007,-0.00997350251449201));
#13945=CARTESIAN_POINT('',(-0.0874708830817416,0.0007,-0.00552794851449203));
#13946=CARTESIAN_POINT('',(-0.0874708830817416,0.0007,-0.00552794851449203));
#13947=CARTESIAN_POINT('',(-0.0874708830817416,0.0007,-0.00108239451449204));
#13948=CARTESIAN_POINT('',(-0.0874708830817416,0.0007,-0.00108239451449204));
#13949=CARTESIAN_POINT('',(-0.0882402165817414,0.0007,-0.00227419351449178));
#13950=CARTESIAN_POINT('',(-0.0882402165817414,0.0007,-0.00227419351449178));
#13951=CARTESIAN_POINT('',(-0.0890095500817414,0.0007,-0.00346599251449173));
#13952=CARTESIAN_POINT('',(-0.0890095500817414,0.0007,-0.00346599251449173));
#13953=CARTESIAN_POINT('',(-0.0898985140817411,0.0007,-0.00451135401449182));
#13954=CARTESIAN_POINT('',(-0.0898985140817411,0.0007,-0.00451135401449182));
#13955=CARTESIAN_POINT('',(-0.0907874780817411,0.0007,-0.00555671551449183));
#13956=CARTESIAN_POINT('',(-0.0907874780817411,0.0007,-0.00555671551449183));
#13957=CARTESIAN_POINT('',(-0.0917960735817412,0.0007,-0.00645570251449174));
#13958=CARTESIAN_POINT('',(-0.0917960735817412,0.0007,-0.00645570251449174));
#13959=CARTESIAN_POINT('',(-0.0928046690817412,0.0007,-0.00735468951449173));
#13960=CARTESIAN_POINT('',(-0.0928046690817412,0.0007,-0.00735468951449173));
#13961=CARTESIAN_POINT('',(-0.0939328955817414,0.0007,-0.0081073680144919));
#13962=CARTESIAN_POINT('',(-0.0939328955817414,0.0007,-0.0081073680144919));
#13963=CARTESIAN_POINT('',(-0.0950611220817415,0.0007,-0.00886004651449193));
#13964=CARTESIAN_POINT('',(-0.0950611220817415,0.0007,-0.00886004651449193));
#13965=CARTESIAN_POINT('',(-0.0963292735817415,0.0007,-0.0094543045144915));
#13966=CARTESIAN_POINT('',(-0.0963292735817415,0.0007,-0.0094543045144915));
#13967=CARTESIAN_POINT('',(-0.0975974250817414,0.0007,-0.0100485625144915));
#13968=CARTESIAN_POINT('',(-0.0975974250817414,0.0007,-0.0100485625144915));
#13969=CARTESIAN_POINT('',(-0.0990237705817409,0.0007,-0.0104731925144919));
#13970=CARTESIAN_POINT('',(-0.0990237705817409,0.0007,-0.0104731925144919));
#13971=CARTESIAN_POINT('',(-0.100450116081741,0.0007,-0.0108978225144919));
#13972=CARTESIAN_POINT('',(-0.100450116081741,0.0007,-0.0108978225144919));
#13973=CARTESIAN_POINT('',(-0.102034721081741,0.0007,-0.011152695014492));
#13974=CARTESIAN_POINT('',(-0.102034721081741,0.0007,-0.011152695014492));
#13975=CARTESIAN_POINT('',(-0.103619326081742,0.0007,-0.011407567514492));
#13976=CARTESIAN_POINT('',(-0.103619326081742,0.0007,-0.011407567514492));
#13977=CARTESIAN_POINT('',(-0.105362255081742,0.0007,-0.011492554014492));
#13978=CARTESIAN_POINT('',(-0.105362255081742,0.0007,-0.011492554014492));
#13979=CARTESIAN_POINT('',(-0.107105184081742,0.0007,-0.011577540514492));
#13980=CARTESIAN_POINT('',(-0.107105184081742,0.0007,-0.011577540514492));
#13981=CARTESIAN_POINT('',(-0.108176599581741,0.0007,-0.011537008014492));
#13982=CARTESIAN_POINT('',(-0.108176599581741,0.0007,-0.011537008014492));
#13983=CARTESIAN_POINT('',(-0.109248015081741,0.0007,-0.011496475514492));
#13984=CARTESIAN_POINT('',(-0.109248015081741,0.0007,-0.011496475514492));
#13985=CARTESIAN_POINT('',(-0.110271186581741,0.0007,-0.0113748835144919));
#13986=CARTESIAN_POINT('',(-0.110271186581741,0.0007,-0.0113748835144919));
#13987=CARTESIAN_POINT('',(-0.111294358081741,0.0007,-0.0112532915144919));
#13988=CARTESIAN_POINT('',(-0.111294358081741,0.0007,-0.0112532915144919));
#13989=CARTESIAN_POINT('',(-0.112269292081741,0.0007,-0.0110506485144923));
#13990=CARTESIAN_POINT('',(-0.112269292081741,0.0007,-0.0110506485144923));
#13991=CARTESIAN_POINT('',(-0.113244226081741,0.0007,-0.0108480055144923));
#13992=CARTESIAN_POINT('',(-0.113244226081741,0.0007,-0.0108480055144923));
#13993=CARTESIAN_POINT('',(-0.114170932081741,0.0007,-0.010564319014492));
#13994=CARTESIAN_POINT('',(-0.114170932081741,0.0007,-0.010564319014492));
#13995=CARTESIAN_POINT('',(-0.115097638081741,0.0007,-0.010280632514492));
#13996=CARTESIAN_POINT('',(-0.115097638081741,0.0007,-0.010280632514492));
#13997=CARTESIAN_POINT('',(-0.115976123081742,0.0007,-0.00991591151449195));
#13998=CARTESIAN_POINT('',(-0.115976123081742,0.0007,-0.00991591151449195));
#13999=CARTESIAN_POINT('',(-0.116854608081742,0.0007,-0.00955119051449196));
#14000=CARTESIAN_POINT('',(-0.116854608081742,0.0007,-0.00955119051449196));
#14001=CARTESIAN_POINT('',(-0.117684880581741,0.0007,-0.00910544151449223));
#14002=CARTESIAN_POINT('',(-0.117684880581741,0.0007,-0.00910544151449223));
#14003=CARTESIAN_POINT('',(-0.118515153081741,0.0007,-0.0086596925144922));
#14004=CARTESIAN_POINT('',(-0.118515153081741,0.0007,-0.0086596925144922));
#14005=CARTESIAN_POINT('',(-0.119297221081741,0.0007,-0.00813292501449144));
#14006=CARTESIAN_POINT('',(-0.119297221081741,0.0007,-0.00813292501449144));
#14007=CARTESIAN_POINT('',(-0.120079289081741,0.0007,-0.0076061575144914));
#14008=CARTESIAN_POINT('',(-0.120079289081741,0.0007,-0.0076061575144914));
#14009=CARTESIAN_POINT('',(-0.120813161081741,0.0007,-0.00699837901449207));
#14010=CARTESIAN_POINT('',(-0.120813161081741,0.0007,-0.00699837901449207));
#14011=CARTESIAN_POINT('',(-0.121547033081741,0.0007,-0.006390600514492));
#14012=CARTESIAN_POINT('',(-0.121547033081741,0.0007,-0.006390600514492));
#14013=CARTESIAN_POINT('',(-0.122212947581742,0.0007,-0.0057054355144921));
#14014=CARTESIAN_POINT('',(-0.122212947581742,0.0007,-0.0057054355144921));
#14015=CARTESIAN_POINT('',(-0.122878862081742,0.0007,-0.00502027051449208));
#14016=CARTESIAN_POINT('',(-0.122878862081742,0.0007,-0.00502027051449208));
#14017=CARTESIAN_POINT('',(-0.123456014081742,0.0007,-0.00426185351449244));
#14018=CARTESIAN_POINT('',(-0.123456014081742,0.0007,-0.00426185351449244));
#14019=CARTESIAN_POINT('',(-0.124033166081742,0.0007,-0.0035034365144925));
#14020=CARTESIAN_POINT('',(-0.124033166081742,0.0007,-0.0035034365144925));
#14021=CARTESIAN_POINT('',(-0.124521547581741,0.0007,-0.00267176851449205));
#14022=CARTESIAN_POINT('',(-0.124521547581741,0.0007,-0.00267176851449205));
#14023=CARTESIAN_POINT('',(-0.125009929081741,0.0007,-0.00184010051449204));
#14024=CARTESIAN_POINT('',(-0.125009929081741,0.0007,-0.00184010051449204));
#14025=CARTESIAN_POINT('',(-0.125409532081742,0.0007,-0.000935181014492178));
#14026=CARTESIAN_POINT('',(-0.125409532081742,0.0007,-0.000935181014492178));
#14027=CARTESIAN_POINT('',(-0.125809135081742,0.0007,-3.0261514492147E-5));
#14028=CARTESIAN_POINT('',(-0.125809135081742,0.0007,-3.0261514492147E-5));
#14029=CARTESIAN_POINT('',(-0.126119951581742,0.0007,0.000947909485507985));
#14030=CARTESIAN_POINT('',(-0.126119951581742,0.0007,0.000947909485507985));
#14031=CARTESIAN_POINT('',(-0.00558121323585506,0.0007,0.0146998918056488));
#14032=CARTESIAN_POINT('',(-0.00558121323585509,0.,0.0146998918056488));
#14033=CARTESIAN_POINT('',(-0.00558121323585509,0.,0.0146998918056488));
#14034=CARTESIAN_POINT('',(-0.171081213235855,0.011,-0.0237501081943512));
#14035=CARTESIAN_POINT('',(-0.171081213235855,0.011,-0.0237501081943512));
#14036=CARTESIAN_POINT('',(-0.169581213235855,0.011,-0.0237501081943512));
#14037=CARTESIAN_POINT('',(-0.00558121323585506,0.011,0.0146998918056488));
#14038=CARTESIAN_POINT('',(-0.195801213235855,0.011,0.0503898918056488));
#14039=CARTESIAN_POINT('',(-0.195801213235855,0.011,0.0503898918056488));
#14040=CARTESIAN_POINT('',(-0.194301213235855,0.011,0.0503898918056488));
#14041=CARTESIAN_POINT('',(-0.00558121323585506,0.011,0.0146998918056488));
#14042=CARTESIAN_POINT('',(-0.0939322132358551,0.011,0.0766178918056488));
#14043=CARTESIAN_POINT('',(-0.0939322132358551,0.011,0.0766178918056488));
#14044=CARTESIAN_POINT('',(-0.0924322132358551,0.011,0.0766178918056488));
#14045=CARTESIAN_POINT('',(-0.00558121323585506,0.011,0.0146998918056488));
#14046=CARTESIAN_POINT('',(0.162308786764145,0.011,0.0751098918056488));
#14047=CARTESIAN_POINT('',(0.162308786764145,0.011,0.0751098918056488));
#14048=CARTESIAN_POINT('',(0.163808786764145,0.011,0.0751098918056488));
#14049=CARTESIAN_POINT('',(-0.00558121323585506,0.011,0.0146998918056488));
#14050=CARTESIAN_POINT('',(0.174810786764145,0.011,0.0351118918056488));
#14051=CARTESIAN_POINT('',(0.174810786764145,0.011,0.0351118918056488));
#14052=CARTESIAN_POINT('',(0.176310786764145,0.011,0.0351118918056488));
#14053=CARTESIAN_POINT('',(-0.00558121323585506,0.011,0.0146998918056488));
#14054=CARTESIAN_POINT('',(0.00285878676414494,0.011,-0.0215301081943512));
#14055=CARTESIAN_POINT('',(0.00285878676414494,0.011,-0.0215301081943512));
#14056=CARTESIAN_POINT('',(0.00435878676414495,0.011,-0.0215301081943512));
#14057=CARTESIAN_POINT('',(-0.00558121323585506,0.011,0.0146998918056488));
#14058=CARTESIAN_POINT('',(0.183418786764145,0.0110555734400964,-0.0528001081943512));
#14059=CARTESIAN_POINT('',(0.183418786764145,0.0105,-0.0628001081943512));
#14060=CARTESIAN_POINT('',(0.183418786764145,0.00911114688019273,-0.0528001081943512));
#14061=CARTESIAN_POINT('',(0.175918786764145,0.00911114688019273,-0.0528001081943512));
#14062=CARTESIAN_POINT('',(0.168418786764145,0.00911114688019273,-0.0528001081943512));
#14063=CARTESIAN_POINT('',(0.168418786764145,0.0110555734400964,-0.0528001081943512));
#14064=CARTESIAN_POINT('',(0.168418786764145,0.0105,-0.0528001081943512));
#14065=CARTESIAN_POINT('',(0.165918786764145,0.0105,0.0146998918056488));
#14066=CARTESIAN_POINT('',(0.185918786764145,0.0105,-0.0528001081943512));
#14067=MECHANICAL_DESIGN_GEOMETRIC_PRESENTATION_REPRESENTATION('',(#8745),
#14068);
#14068=(
GEOMETRIC_REPRESENTATION_CONTEXT(3)
GLOBAL_UNCERTAINTY_ASSIGNED_CONTEXT((#14069))
GLOBAL_UNIT_ASSIGNED_CONTEXT((#14072,#14071,#14070))
REPRESENTATION_CONTEXT('Part 1','TOP_LEVEL_ASSEMBLY_PART')
);
#14069=UNCERTAINTY_MEASURE_WITH_UNIT(LENGTH_MEASURE(1.E-8),#14072,
'DISTANCE_ACCURACY_VALUE','Maximum Tolerance applied to model');
#14070=(
NAMED_UNIT(*)
SI_UNIT($,.STERADIAN.)
SOLID_ANGLE_UNIT()
);
#14071=(
NAMED_UNIT(*)
PLANE_ANGLE_UNIT()
SI_UNIT($,.RADIAN.)
);
#14072=(
LENGTH_UNIT()
NAMED_UNIT(*)
SI_UNIT($,.METRE.)
);
#14073=PRODUCT_DEFINITION_SHAPE('','',#14074);
#14074=PRODUCT_DEFINITION('','',#14076,#14075);
#14075=PRODUCT_DEFINITION_CONTEXT('',#14082,'design');
#14076=PRODUCT_DEFINITION_FORMATION_WITH_SPECIFIED_SOURCE('','',#14078,
 .NOT_KNOWN.);
#14077=PRODUCT_RELATED_PRODUCT_CATEGORY('','',(#14078));
#14078=PRODUCT('Part 1','Part 1','Part 1',(#14080));
#14079=PRODUCT_CATEGORY('','');
#14080=PRODUCT_CONTEXT('',#14082,'mechanical');
#14081=APPLICATION_PROTOCOL_DEFINITION('international standard',
'ap242_managed_model_based_3d_engineering',2020,#14082);
#14082=APPLICATION_CONTEXT('managed model based 3d engineering');
ENDSEC;
END-ISO-10303-21;
